Review real;Review predicha;Diferencia
5,0;3,46;1,54
5,0;4,15;0,85
5,0;3,07;1,93
5,0;4,28;0,72
5,0;3,3;1,7
5,0;4,19;0,81
5,0;4,88;0,12
3,0;2,02;0,98
4,0;4,56;-0,56
5,0;3,73;1,27
5,0;4,18;0,82
4,0;1,62;2,38
5,0;1,35;3,65
4,0;4,3;-0,3
5,0;4,17;0,83
5,0;4,6;0,4
5,0;4,59;0,41
5,0;4,26;0,74
4,0;1,61;2,39
5,0;4,0;1,0
5,0;4,42;0,58
5,0;4,26;0,74
4,0;3,49;0,51
2,0;4,26;-2,26
5,0;4,53;0,47
5,0;4,9;0,1
5,0;4,82;0,18
5,0;4,17;0,83
5,0;3,69;1,31
4,0;4,31;-0,31
5,0;4,5;0,5
5,0;4,32;0,68
4,0;4,11;-0,11
4,0;4,13;-0,13
5,0;3,83;1,17
5,0;4,16;0,84
4,0;4,91;-0,91
5,0;4,46;0,54
4,0;4,68;-0,68
4,0;3,36;0,64
3,0;4,48;-1,48
5,0;4,23;0,77
1,0;3,23;-2,23
4,0;4,46;-0,46
4,0;4,7;-0,7
5,0;4,7;0,3
1,0;3,14;-2,14
5,0;4,86;0,14
5,0;4,11;0,89
5,0;4,25;0,75
2,0;1,31;0,69
5,0;4,36;0,64
4,0;3,69;0,31
5,0;3,5;1,5
5,0;1,96;3,04
5,0;3,98;1,02
4,0;4,5;-0,5
5,0;4,23;0,77
5,0;4,95;0,05
4,0;4,53;-0,53
5,0;4,87;0,13
5,0;4,74;0,26
1,0;4,34;-3,34
3,0;4,46;-1,46
5,0;4,11;0,89
5,0;4,24;0,76
5,0;4,35;0,65
5,0;4,79;0,21
5,0;4,45;0,55
4,0;3,94;0,06
5,0;4,56;0,44
5,0;4,46;0,54
4,0;3,42;0,58
5,0;4,49;0,51
1,0;3,71;-2,71
4,0;4,41;-0,41
1,0;3,89;-2,89
4,0;4,53;-0,53
3,0;1,97;1,03
5,0;4,35;0,65
1,0;4,2;-3,2
5,0;4,16;0,84
5,0;4,62;0,38
5,0;4,37;0,63
5,0;4,61;0,39
5,0;4,15;0,85
4,0;4,83;-0,83
5,0;4,46;0,54
5,0;4,99;0,01
4,0;3,78;0,22
4,0;4,79;-0,79
5,0;2,46;2,54
5,0;4,59;0,41
4,0;2,68;1,32
4,0;4,28;-0,28
4,6;3,94;0,66
5,0;4,0;1,0
5,0;3,16;1,84
5,0;4,74;0,26
1,0;2,58;-1,58
1,0;3,27;-2,27
5,0;3,8;1,2
5,0;4,02;0,98
4,0;4,53;-0,53
5,0;2,36;2,64
4,0;4,18;-0,18
1,0;4,0;-3,0
3,0;2,94;0,06
5,0;3,44;1,56
5,0;3,38;1,62
4,0;4,58;-0,58
5,0;3,9;1,1
3,0;4,5;-1,5
5,0;4,11;0,89
3,0;3,03;-0,03
5,0;3,77;1,23
3,0;4,68;-1,68
3,0;4,26;-1,26
4,0;4,27;-0,27
5,0;4,32;0,68
1,0;4,2;-3,2
5,0;3,46;1,54
5,0;4,49;0,51
5,0;4,73;0,27
4,0;4,01;-0,01
3,0;4,04;-1,04
1,0;4,08;-3,08
2,0;4,68;-2,68
4,0;4,62;-0,62
5,0;4,29;0,71
5,0;4,56;0,44
5,0;2,34;2,66
5,0;4,75;0,25
3,0;3,65;-0,65
5,0;4,72;0,28
5,0;4,28;0,72
4,0;1,77;2,23
1,0;4,76;-3,76
5,0;3,72;1,28
5,0;4,48;0,52
5,0;4,03;0,97
5,0;3,47;1,53
5,0;4,05;0,95
5,0;4,26;0,74
4,0;4,36;-0,36
1,0;1,29;-0,29
5,0;4,7;0,3
3,0;4,77;-1,77
4,0;4,07;-0,07
5,0;3,86;1,14
5,0;4,21;0,79
5,0;4,6;0,4
4,0;4,4;-0,4
5,0;3,99;1,01
4,0;3,16;0,84
3,0;3,6;-0,6
5,0;3,17;1,83
5,0;4,88;0,12
4,0;4,84;-0,84
5,0;4,1;0,9
5,0;3,99;1,01
1,0;3,25;-2,25
4,0;3,73;0,27
4,0;4,91;-0,91
1,0;1,8;-0,8
4,0;4,5;-0,5
5,0;4,16;0,84
5,0;4,35;0,65
5,0;4,73;0,27
5,0;4,92;0,08
5,0;4,72;0,28
5,0;4,71;0,29
4,0;3,62;0,38
5,0;4,14;0,86
4,0;3,12;0,88
5,0;4,62;0,38
5,0;4,57;0,43
5,0;3,64;1,36
1,0;4,73;-3,73
5,0;4,44;0,56
3,0;4,42;-1,42
4,0;4,54;-0,54
2,0;4,29;-2,29
5,0;4,82;0,18
5,0;4,26;0,74
5,0;4,06;0,94
5,0;4,64;0,36
5,0;4,42;0,58
5,0;4,49;0,51
5,0;4,09;0,91
5,0;4,12;0,88
1,0;4,5;-3,5
5,0;3,76;1,24
5,0;4,62;0,38
4,0;3,34;0,66
5,0;3,86;1,14
1,0;2,0;-1,0
5,0;4,64;0,36
1,0;3,07;-2,07
5,0;3,91;1,09
3,0;3,71;-0,71
3,0;3,72;-0,72
4,0;4,53;-0,53
5,0;4,95;0,05
5,0;4,34;0,66
5,0;4,59;0,41
1,0;2,92;-1,92
5,0;4,73;0,27
5,0;3,3;1,7
5,0;4,71;0,29
3,0;4,94;-1,94
0,0;2,78;-2,78
5,0;2,8;2,2
5,0;4,0;1,0
1,0;3,65;-2,65
4,0;4,84;-0,84
5,0;4,61;0,39
5,0;3,46;1,54
5,0;4,99;0,01
3,0;3,59;-0,59
5,0;3,96;1,04
1,0;4,73;-3,73
5,0;4,35;0,65
5,0;3,61;1,39
5,0;4,0;1,0
1,0;1,88;-0,88
5,0;4,4;0,6
5,0;3,13;1,87
1,0;3,89;-2,89
5,0;3,75;1,25
5,0;4,72;0,28
5,0;4,62;0,38
3,0;4,6;-1,6
4,0;2,75;1,25
5,0;4,24;0,76
5,0;4,77;0,23
2,0;4,67;-2,67
1,0;4,62;-3,62
5,0;2,84;2,16
4,0;4,46;-0,46
5,0;4,65;0,35
4,0;3,41;0,59
1,0;1,69;-0,69
3,0;2,41;0,59
5,0;4,78;0,22
4,0;4,76;-0,76
5,0;4,6;0,4
1,0;4,46;-3,46
1,0;2,18;-1,18
5,0;4,77;0,23
5,0;4,91;0,09
4,0;4,66;-0,66
5,0;2,38;2,62
4,0;4,23;-0,23
2,0;3,96;-1,96
4,0;4,57;-0,57
3,0;4,74;-1,74
3,0;4,21;-1,21
3,0;3,84;-0,84
1,0;4,22;-3,22
3,0;4,65;-1,65
5,0;4,82;0,18
4,8;3,72;1,08
4,0;4,38;-0,38
5,0;4,2;0,8
5,0;3,37;1,63
5,0;4,37;0,63
4,0;4,49;-0,49
5,0;4,59;0,41
5,0;3,5;1,5
5,0;2,69;2,31
4,0;4,65;-0,65
4,0;3,09;0,91
3,0;4,9;-1,9
5,0;4,92;0,08
5,0;4,84;0,16
3,0;4,56;-1,56
5,0;4,35;0,65
3,0;4,7;-1,7
5,0;4,99;0,01
5,0;3,81;1,19
4,0;4,25;-0,25
5,0;4,72;0,28
4,0;4,23;-0,23
4,0;4,2;-0,2
1,0;1,18;-0,18
5,0;4,93;0,07
5,0;4,81;0,19
5,0;4,5;0,5
5,0;4,54;0,46
5,0;4,53;0,47
5,0;4,45;0,55
5,0;4,31;0,69
4,0;4,31;-0,31
5,0;3,63;1,37
5,0;4,19;0,81
5,0;4,32;0,68
5,0;4,12;0,88
4,0;3,73;0,27
4,0;4,56;-0,56
4,0;4,86;-0,86
5,0;3,61;1,39
1,0;4,29;-3,29
5,0;4,55;0,45
3,0;4,72;-1,72
5,0;3,9;1,1
4,0;2,43;1,57
5,0;4,84;0,16
0,0;4,39;-4,39
3,3333;4,48;-1,15
3,0;4,74;-1,74
5,0;3,92;1,08
5,0;4,3;0,7
5,0;4,52;0,48
5,0;4,25;0,75
5,0;4,1;0,9
1,0;1,82;-0,82
5,0;3,61;1,39
3,0;4,72;-1,72
5,0;4,68;0,32
2,0;1,47;0,53
1,0;1,58;-0,58
5,0;4,64;0,36
2,0;4,05;-2,05
3,0;3,84;-0,84
5,0;1,17;3,83
1,0;2,48;-1,48
5,0;3,5;1,5
5,0;3,8;1,2
4,0;3,66;0,34
4,0;4,86;-0,86
3,0;4,02;-1,02
5,0;3,73;1,27
5,0;4,42;0,58
5,0;3,89;1,11
2,0;4,75;-2,75
1,0;1,07;-0,07
1,0;4,46;-3,46
4,0;4,28;-0,28
4,0;2,3;1,7
5,0;4,18;0,82
5,0;4,66;0,34
5,0;4,46;0,54
4,0;4,97;-0,97
5,0;4,56;0,44
5,0;4,26;0,74
5,0;3,71;1,29
5,0;4,43;0,57
1,0;4,24;-3,24
5,0;3,58;1,42
5,0;4,16;0,84
4,0;4,32;-0,32
5,0;3,76;1,24
5,0;4,39;0,61
4,0;4,4;-0,4
4,0;4,57;-0,57
5,0;4,15;0,85
4,0;4,94;-0,94
4,0;4,31;-0,31
5,0;4,67;0,33
5,0;4,02;0,98
5,0;4,89;0,11
4,0;4,15;-0,15
5,0;4,45;0,55
5,0;4,21;0,79
1,0;2,27;-1,27
1,0;4,93;-3,93
3,0;3,07;-0,07
2,0;3,89;-1,89
5,0;4,37;0,63
4,0;2,69;1,31
5,0;4,96;0,04
4,0;4,55;-0,55
5,0;3,82;1,18
5,0;4,64;0,36
5,0;4,04;0,96
5,0;4,47;0,53
5,0;2,9;2,1
5,0;4,66;0,34
5,0;4,4;0,6
3,0;2,13;0,87
2,0;2,77;-0,77
4,0;4,15;-0,15
5,0;2,49;2,51
4,0;3,69;0,31
1,0;1,25;-0,25
5,0;4,51;0,49
5,0;4,39;0,61
3,0;4,22;-1,22
5,0;3,16;1,84
4,0;4,35;-0,35
5,0;4,62;0,38
5,0;4,17;0,83
4,0;4,96;-0,96
4,0;4,25;-0,25
5,0;4,46;0,54
3,0;2,88;0,12
4,0;3,91;0,09
5,0;3,91;1,09
4,0;3,06;0,94
5,0;2,99;2,01
5,0;3,07;1,93
5,0;4,09;0,91
5,0;2,98;2,02
3,0;3,92;-0,92
1,0;4,89;-3,89
4,0;3,42;0,58
5,0;2,97;2,03
0,0;4,29;-4,29
5,0;4,74;0,26
3,0;3,75;-0,75
4,0;2,94;1,06
5,0;4,15;0,85
3,0;4,92;-1,92
4,0;3,53;0,47
5,0;5,0;0,0
4,0;3,84;0,16
5,0;3,96;1,04
5,0;4,02;0,98
5,0;4,39;0,61
5,0;4,57;0,43
5,0;4,47;0,53
5,0;4,14;0,86
5,0;4,36;0,64
1,0;4,05;-3,05
3,0;3,6;-0,6
5,0;3,91;1,09
3,0;4,24;-1,24
5,0;3,78;1,22
0,0;1,65;-1,65
5,0;4,59;0,41
5,0;3,95;1,05
3,0;4,59;-1,59
5,0;3,9;1,1
5,0;4,14;0,86
4,0;4,77;-0,77
5,0;4,9;0,1
5,0;4,97;0,03
2,0;4,13;-2,13
3,0;4,54;-1,54
5,0;4,36;0,64
3,0;3,78;-0,78
3,0;4,65;-1,65
3,0;2,0;1,0
4,0;4,34;-0,34
1,0;3,87;-2,87
4,0;3,06;0,94
5,0;4,8;0,2
5,0;3,72;1,28
1,0;3,57;-2,57
5,0;4,42;0,58
3,0;3,08;-0,08
5,0;4,49;0,51
5,0;3,66;1,34
5,0;4,57;0,43
5,0;4,89;0,11
4,0;3,99;0,01
5,0;4,63;0,37
5,0;4,2;0,8
5,0;4,71;0,29
3,0;2,33;0,67
2,0;4,62;-2,62
4,0;4,6;-0,6
5,0;3,74;1,26
4,0;3,01;0,99
4,0;4,83;-0,83
5,0;4,81;0,19
5,0;4,0;1,0
5,0;4,99;0,01
5,0;4,46;0,54
5,0;4,74;0,26
4,0;4,62;-0,62
5,0;4,29;0,71
5,0;2,01;2,99
4,0;4,37;-0,37
2,0;3,11;-1,11
5,0;2,48;2,52
4,0;3,04;0,96
5,0;3,94;1,06
1,0;1,17;-0,17
5,0;4,32;0,68
3,0;4,07;-1,07
5,0;4,2;0,8
1,0;1,62;-0,62
5,0;3,52;1,48
5,0;4,11;0,89
5,0;4,02;0,98
5,0;4,27;0,73
5,0;3,63;1,37
5,0;3,71;1,29
4,0;4,59;-0,59
3,0;3,93;-0,93
5,0;3,75;1,25
5,0;4,1;0,9
5,0;3,55;1,45
4,5;4,34;0,16
5,0;4,35;0,65
5,0;4,93;0,07
4,0;4,41;-0,41
5,0;4,67;0,33
4,0;4,64;-0,64
5,0;4,14;0,86
3,0;4,39;-1,39
5,0;4,06;0,94
5,0;2,96;2,04
4,0;3,7;0,3
2,0;3,39;-1,39
4,0;4,04;-0,04
3,0;4,77;-1,77
5,0;4,69;0,31
5,0;4,15;0,85
5,0;4,56;0,44
5,0;4,76;0,24
4,0;1,19;2,81
5,0;4,72;0,28
5,0;3,33;1,67
5,0;4,09;0,91
5,0;4,32;0,68
4,0;4,66;-0,66
5,0;4,65;0,35
5,0;4,42;0,58
5,0;4,66;0,34
3,0;4,13;-1,13
4,0;4,6;-0,6
3,0;3,98;-0,98
3,0;4,67;-1,67
4,0;4,01;-0,01
5,0;4,52;0,48
4,0;4,79;-0,79
3,0;3,94;-0,94
4,0;3,73;0,27
5,0;3,93;1,07
5,0;4,56;0,44
5,0;4,74;0,26
5,0;3,54;1,46
5,0;4,79;0,21
5,0;4,37;0,63
5,0;4,11;0,89
5,0;3,75;1,25
5,0;4,01;0,99
5,0;4,11;0,89
5,0;4,16;0,84
4,0;3,97;0,03
5,0;3,56;1,44
4,0;3,66;0,34
3,0;3,62;-0,62
3,0;3,78;-0,78
5,0;3,88;1,12
5,0;4,38;0,62
1,0;2,56;-1,56
5,0;3,96;1,04
1,0;4,26;-3,26
5,0;4,18;0,82
5,0;4,5;0,5
4,0;4,28;-0,28
5,0;4,38;0,62
1,0;2,8;-1,8
5,0;4,68;0,32
5,0;4,38;0,62
5,0;3,45;1,55
5,0;3,13;1,87
5,0;4,59;0,41
5,0;4,99;0,01
5,0;5,0;0,0
5,0;4,53;0,47
5,0;4,73;0,27
4,0;4,0;0,0
3,0;4,2;-1,2
5,0;4,8;0,2
2,0;4,16;-2,16
1,0;4,6;-3,6
5,0;4,9;0,1
5,0;2,42;2,58
4,0;4,45;-0,45
5,0;3,86;1,14
4,0;3,38;0,62
5,0;4,95;0,05
4,0;3,36;0,64
5,0;4,68;0,32
5,0;4,63;0,37
1,0;4,41;-3,41
5,0;3,4;1,6
5,0;4,48;0,52
3,0;3,5;-0,5
4,3333;4,55;-0,22
5,0;3,03;1,97
5,0;4,66;0,34
1,0;2,48;-1,48
2,0;4,06;-2,06
5,0;4,05;0,95
4,0;4,75;-0,75
5,0;4,76;0,24
1,0;4,2;-3,2
5,0;4,43;0,57
5,0;3,83;1,17
5,0;2,23;2,77
5,0;4,24;0,76
4,0;4,3;-0,3
5,0;3,95;1,05
3,0;4,45;-1,45
5,0;4,3;0,7
5,0;4,7;0,3
4,0;3,6;0,4
5,0;3,71;1,29
5,0;4,47;0,53
5,0;4,63;0,37
4,0;4,62;-0,62
5,0;4,86;0,14
5,0;3,61;1,39
1,0;4,98;-3,98
5,0;4,5;0,5
1,0;4,52;-3,52
4,0;4,58;-0,58
5,0;4,18;0,82
1,0;4,19;-3,19
4,0;4,18;-0,18
5,0;3,94;1,06
5,0;4,46;0,54
5,0;4,64;0,36
5,0;3,92;1,08
1,0;2,79;-1,79
5,0;4,58;0,42
5,0;4,73;0,27
4,0;4,84;-0,84
5,0;4,32;0,68
5,0;4,3;0,7
4,0;3,73;0,27
5,0;4,57;0,43
5,0;4,88;0,12
4,0;3,67;0,33
5,0;3,69;1,31
5,0;4,98;0,02
1,0;2,27;-1,27
4,0;3,38;0,62
3,0;1,96;1,04
3,0;4,35;-1,35
5,0;3,63;1,37
5,0;4,56;0,44
4,0;4,39;-0,39
4,0;4,05;-0,05
5,0;3,5;1,5
5,0;4,54;0,46
5,0;4,61;0,39
4,0;2,71;1,29
5,0;4,08;0,92
4,0;4,36;-0,36
5,0;4,52;0,48
4,0;3,86;0,14
5,0;3,63;1,37
3,0;3,81;-0,81
5,0;4,13;0,87
1,0;4,5;-3,5
5,0;4,79;0,21
1,0;2,1;-1,1
4,0;3,98;0,02
5,0;4,55;0,45
5,0;4,64;0,36
1,0;4,42;-3,42
1,0;4,78;-3,78
5,0;4,4;0,6
1,0;3,92;-2,92
4,0;3,93;0,07
5,0;4,79;0,21
5,0;4,3;0,7
5,0;4,24;0,76
5,0;4,68;0,32
5,0;3,81;1,19
4,0;3,35;0,65
5,0;4,57;0,43
5,0;4,3;0,7
4,0;4,94;-0,94
1,0;3,25;-2,25
4,0;3,84;0,16
5,0;4,52;0,48
5,0;4,27;0,73
4,0;4,88;-0,88
5,0;4,66;0,34
5,0;4,28;0,72
5,0;4,5;0,5
5,0;4,85;0,15
5,0;4,94;0,06
5,0;4,33;0,67
5,0;3,86;1,14
5,0;4,37;0,63
5,0;4,6;0,4
4,0;4,45;-0,45
5,0;4,86;0,14
1,0;1,36;-0,36
4,0;4,13;-0,13
5,0;4,02;0,98
2,5;3,79;-1,29
4,0;4,04;-0,04
5,0;4,77;0,23
4,0;3,47;0,53
5,0;4,5;0,5
5,0;4,44;0,56
5,0;4,88;0,12
4,0;4,0;0,0
5,0;4,29;0,71
2,0;1,71;0,29
5,0;4,1;0,9
1,0;4,2;-3,2
5,0;4,61;0,39
5,0;4,28;0,72
5,0;3,71;1,29
3,0;4,62;-1,62
1,0;4,58;-3,58
5,0;4,46;0,54
5,0;3,8;1,2
5,0;4,65;0,35
3,0;2,76;0,24
5,0;4,28;0,72
3,0;4,12;-1,12
5,0;4,43;0,57
3,5;3,99;-0,49
5,0;3,95;1,05
4,0;4,75;-0,75
5,0;4,16;0,84
5,0;4,09;0,91
5,0;4,17;0,83
1,0;1,27;-0,27
5,0;4,35;0,65
2,0;4,99;-2,99
5,0;4,7;0,3
5,0;4,75;0,25
5,0;4,97;0,03
4,0;4,96;-0,96
5,0;2,82;2,18
3,0;4,46;-1,46
5,0;4,57;0,43
5,0;4,21;0,79
1,0;2,52;-1,52
5,0;3,39;1,61
4,0;2,86;1,14
5,0;4,68;0,32
5,0;4,5;0,5
5,0;4,05;0,95
5,0;2,66;2,34
2,0;2,72;-0,72
1,0;3,78;-2,78
3,5;4,54;-1,04
1,0;2,06;-1,06
4,0;4,72;-0,72
5,0;2,49;2,51
5,0;3,88;1,12
5,0;4,53;0,47
1,0;1,01;-0,01
4,0;4,98;-0,98
3,0;3,76;-0,76
4,0;4,26;-0,26
3,0;4,12;-1,12
3,0;4,54;-1,54
5,0;4,59;0,41
5,0;4,64;0,36
5,0;4,03;0,97
5,0;3,5;1,5
5,0;3,93;1,07
1,0;3,3;-2,3
5,0;3,4;1,6
5,0;4,9;0,1
5,0;4,37;0,63
4,0;4,62;-0,62
3,0;1,75;1,25
4,0;4,36;-0,36
5,0;4,81;0,19
5,0;4,52;0,48
5,0;4,14;0,86
5,0;4,11;0,89
5,0;4,58;0,42
5,0;3,82;1,18
2,0;4,96;-2,96
4,0;4,06;-0,06
5,0;3,54;1,46
5,0;3,46;1,54
5,0;4,26;0,74
1,0;4,05;-3,05
4,0;3,45;0,55
5,0;4,32;0,68
5,0;4,72;0,28
4,0;4,37;-0,37
3,0;1,43;1,57
3,0;2,47;0,53
4,0;4,22;-0,22
2,0;1,6;0,4
3,0;4,28;-1,28
5,0;4,11;0,89
5,0;3,78;1,22
3,0;4,37;-1,37
4,0;3,79;0,21
2,0;4,46;-2,46
5,0;4,11;0,89
4,0;4,45;-0,45
5,0;4,06;0,94
5,0;4,59;0,41
5,0;4,24;0,76
5,0;4,44;0,56
4,0;4,56;-0,56
3,0;4,6;-1,6
5,0;4,06;0,94
2,0;4,84;-2,84
3,0;4,49;-1,49
5,0;4,61;0,39
3,0;3,84;-0,84
4,0;2,96;1,04
5,0;4,39;0,61
3,0;4,79;-1,79
5,0;3,95;1,05
5,0;4,26;0,74
5,0;4,84;0,16
5,0;4,52;0,48
5,0;4,89;0,11
5,0;3,05;1,95
3,0;4,69;-1,69
5,0;4,29;0,71
1,0;3,86;-2,86
4,0;2,86;1,14
1,0;3,34;-2,34
5,0;3,69;1,31
4,0;4,17;-0,17
5,0;4,61;0,39
4,0;4,92;-0,92
5,0;4,1;0,9
4,0;4,88;-0,88
5,0;4,21;0,79
5,0;3,85;1,15
5,0;4,47;0,53
3,0;3,67;-0,67
4,0;4,72;-0,72
5,0;2,02;2,98
5,0;4,82;0,18
1,0;1,6;-0,6
2,0;3,48;-1,48
1,0;1,91;-0,91
5,0;4,49;0,51
5,0;4,32;0,68
1,0;3,94;-2,94
5,0;3,51;1,49
2,0;3,1;-1,1
1,0;1,63;-0,63
1,0;4,39;-3,39
4,0;4,78;-0,78
5,0;4,78;0,22
5,0;4,71;0,29
5,0;4,31;0,69
5,0;4,37;0,63
4,0;4,4;-0,4
1,0;3,98;-2,98
5,0;2,3;2,7
5,0;4,3;0,7
5,0;4,14;0,86
5,0;4,32;0,68
3,5;4,25;-0,75
2,0;4,64;-2,64
3,0;4,55;-1,55
5,0;3,85;1,15
1,0;1,6;-0,6
5,0;4,28;0,72
1,0;4,46;-3,46
4,0;3,7;0,3
3,0;4,12;-1,12
4,0;3,86;0,14
4,0;4,07;-0,07
5,0;4,31;0,69
5,0;4,83;0,17
5,0;4,96;0,04
5,0;4,53;0,47
1,0;4,89;-3,89
5,0;3,4;1,6
5,0;4,16;0,84
5,0;3,72;1,28
4,0;3,08;0,92
5,0;4,0;1,0
5,0;4,64;0,36
5,0;4,29;0,71
5,0;4,56;0,44
1,0;2,11;-1,11
5,0;4,41;0,59
5,0;4,08;0,92
4,0;4,41;-0,41
5,0;4,04;0,96
4,0;4,61;-0,61
4,0;4,22;-0,22
5,0;4,6;0,4
5,0;4,33;0,67
5,0;4,67;0,33
5,0;2,51;2,49
1,0;4,97;-3,97
5,0;3,86;1,14
1,0;3,85;-2,85
2,6667;4,22;-1,55
1,0;4,8;-3,8
5,0;4,62;0,38
4,0;4,83;-0,83
3,0;3,12;-0,12
4,0;4,52;-0,52
3,2;4,64;-1,44
5,0;4,21;0,79
5,0;4,53;0,47
5,0;3,26;1,74
5,0;4,6;0,4
5,0;4,29;0,71
5,0;4,19;0,81
4,0;4,23;-0,23
3,0;4,44;-1,44
5,0;3,11;1,89
5,0;3,06;1,94
5,0;4,48;0,52
3,0;4,79;-1,79
3,0;4,14;-1,14
1,0;4,1;-3,1
5,0;4,11;0,89
4,0;3,09;0,91
4,0;4,8;-0,8
5,0;4,59;0,41
5,0;3,17;1,83
5,0;2,37;2,63
1,0;4,54;-3,54
5,0;4,25;0,75
5,0;4,69;0,31
5,0;3,52;1,48
5,0;4,12;0,88
4,0;4,18;-0,18
5,0;3,97;1,03
5,0;4,06;0,94
5,0;2,96;2,04
5,0;4,34;0,66
3,0;2,64;0,36
2,0;3,91;-1,91
4,0;4,5;-0,5
5,0;4,47;0,53
5,0;4,05;0,95
5,0;4,2;0,8
5,0;2,09;2,91
5,0;4,28;0,72
5,0;4,35;0,65
5,0;4,66;0,34
5,0;4,21;0,79
4,0;4,01;-0,01
5,0;4,14;0,86
5,0;4,74;0,26
4,0;3,75;0,25
5,0;2,68;2,32
3,0;3,1;-0,1
5,0;4,0;1,0
4,0;4,48;-0,48
2,0;4,39;-2,39
5,0;4,55;0,45
4,0;3,64;0,36
5,0;4,1;0,9
5,0;3,99;1,01
5,0;4,24;0,76
5,0;4,63;0,37
5,0;1,57;3,43
5,0;3,88;1,12
4,0;4,17;-0,17
5,0;4,42;0,58
3,0;4,33;-1,33
5,0;3,99;1,01
5,0;4,96;0,04
4,0;4,43;-0,43
3,0;2,41;0,59
2,0;3,11;-1,11
1,0;4,94;-3,94
4,0;4,34;-0,34
5,0;1,42;3,58
5,0;4,68;0,32
5,0;4,64;0,36
5,0;4,35;0,65
5,0;4,61;0,39
4,0;3,84;0,16
5,0;3,98;1,02
4,0;4,55;-0,55
5,0;4,98;0,02
3,25;3,94;-0,69
1,0;1,29;-0,29
4,0;4,44;-0,44
5,0;3,49;1,51
5,0;3,9;1,1
5,0;4,47;0,53
5,0;3,97;1,03
4,5;3,71;0,79
4,0;4,69;-0,69
2,0;3,19;-1,19
5,0;4,65;0,35
4,0;4,66;-0,66
4,0;4,43;-0,43
5,0;4,47;0,53
5,0;4,75;0,25
5,0;4,18;0,82
1,0;2,21;-1,21
4,0;4,49;-0,49
1,0;1,53;-0,53
5,0;4,07;0,93
5,0;4,49;0,51
5,0;4,32;0,68
5,0;4,34;0,66
4,0;4,66;-0,66
5,0;4,56;0,44
4,0;2,86;1,14
3,0;4,57;-1,57
3,0;2,83;0,17
5,0;3,26;1,74
4,0;4,33;-0,33
5,0;4,14;0,86
5,0;3,96;1,04
5,0;4,05;0,95
5,0;4,12;0,88
5,0;4,43;0,57
5,0;3,93;1,07
5,0;4,99;0,01
5,0;4,61;0,39
5,0;4,27;0,73
5,0;4,48;0,52
5,0;3,98;1,02
5,0;3,98;1,02
3,0;4,29;-1,29
4,0;4,32;-0,32
4,0;4,95;-0,95
5,0;4,88;0,12
2,0;2,25;-0,25
4,0;4,49;-0,49
5,0;4,41;0,59
4,0;4,5;-0,5
5,0;3,36;1,64
5,0;4,66;0,34
5,0;4,53;0,47
5,0;4,81;0,19
5,0;4,71;0,29
1,0;4,04;-3,04
4,0;4,24;-0,24
5,0;4,97;0,03
5,0;4,99;0,01
5,0;4,55;0,45
5,0;4,45;0,55
5,0;4,3;0,7
5,0;4,57;0,43
5,0;4,44;0,56
5,0;4,78;0,22
5,0;4,87;0,13
4,0;4,94;-0,94
5,0;4,41;0,59
4,0;4,56;-0,56
5,0;4,37;0,63
5,0;1,25;3,75
5,0;4,44;0,56
4,0;4,66;-0,66
5,0;4,56;0,44
3,0;2,66;0,34
5,0;4,59;0,41
5,0;4,67;0,33
1,0;2,07;-1,07
5,0;4,73;0,27
5,0;4,89;0,11
5,0;4,25;0,75
4,0;4,11;-0,11
4,0;3,29;0,71
5,0;2,76;2,24
1,0;2,79;-1,79
5,0;4,47;0,53
1,0;4,01;-3,01
4,0;4,42;-0,42
5,0;3,94;1,06
1,0;3,66;-2,66
5,0;3,79;1,21
1,0;1,69;-0,69
5,0;4,57;0,43
5,0;4,93;0,07
1,0;2,88;-1,88
5,0;4,4;0,6
5,0;4,76;0,24
4,0;4,96;-0,96
3,0;3,63;-0,63
5,0;1,86;3,14
1,0;1,04;-0,04
5,0;4,73;0,27
1,0;1,65;-0,65
5,0;4,8;0,2
3,0;2,58;0,42
4,0;3,61;0,39
5,0;2,96;2,04
5,0;4,99;0,01
1,0;2,37;-1,37
4,0;4,73;-0,73
4,0;4,32;-0,32
5,0;4,18;0,82
5,0;3,66;1,34
5,0;4,24;0,76
5,0;4,84;0,16
5,0;4,65;0,35
3,0;1,99;1,01
2,0;4,23;-2,23
5,0;4,38;0,62
1,0;1,54;-0,54
5,0;2,86;2,14
5,0;4,39;0,61
5,0;4,42;0,58
4,0;4,84;-0,84
1,0;4,83;-3,83
5,0;4,74;0,26
5,0;4,54;0,46
5,0;4,12;0,88
1,0;4,86;-3,86
5,0;3,66;1,34
4,5;4,38;0,12
1,0;4,69;-3,69
3,0;3,02;-0,02
5,0;4,71;0,29
4,0;4,33;-0,33
1,0;4,15;-3,15
5,0;3,53;1,47
5,0;4,83;0,17
5,0;4,07;0,93
5,0;3,05;1,95
5,0;4,67;0,33
5,0;4,33;0,67
4,0;3,09;0,91
1,0;4,0;-3,0
5,0;4,53;0,47
5,0;4,73;0,27
1,0;4,31;-3,31
4,0;4,7;-0,7
5,0;4,17;0,83
2,0;4,27;-2,27
2,3333;4,14;-1,81
5,0;3,48;1,52
5,0;4,66;0,34
5,0;4,96;0,04
3,0;4,52;-1,52
5,0;4,56;0,44
5,0;3,94;1,06
5,0;3,77;1,23
1,0;2,46;-1,46
5,0;4,75;0,25
1,0;4,21;-3,21
4,0;3,42;0,58
1,0;3,73;-2,73
4,0;4,51;-0,51
5,0;4,68;0,32
3,0;4,47;-1,47
2,0;1,14;0,86
1,0;1,56;-0,56
5,0;4,75;0,25
2,0;4,65;-2,65
5,0;4,17;0,83
5,0;4,55;0,45
5,0;3,84;1,16
3,0;4,74;-1,74
5,0;4,43;0,57
5,0;4,25;0,75
5,0;4,56;0,44
5,0;4,56;0,44
5,0;4,68;0,32
1,0;3,67;-2,67
5,0;3,99;1,01
4,0;4,65;-0,65
5,0;4,85;0,15
5,0;4,77;0,23
5,0;4,52;0,48
1,0;4,5;-3,5
3,0;4,27;-1,27
5,0;4,37;0,63
3,0;4,46;-1,46
4,0;4,32;-0,32
1,0;4,29;-3,29
3,0;4,15;-1,15
4,0;4,47;-0,47
3,0;4,38;-1,38
5,0;3,72;1,28
5,0;4,14;0,86
5,0;4,34;0,66
5,0;4,18;0,82
5,0;4,09;0,91
3,5;4,75;-1,25
5,0;3,66;1,34
4,0;4,37;-0,37
5,0;4,69;0,31
5,0;4,15;0,85
5,0;4,58;0,42
4,0;4,9;-0,9
4,0;4,69;-0,69
5,0;4,55;0,45
5,0;4,45;0,55
3,0;4,67;-1,67
4,0;4,43;-0,43
5,0;4,42;0,58
2,0;3,56;-1,56
5,0;3,11;1,89
3,0;3,42;-0,42
5,0;4,38;0,62
1,0;1,3;-0,3
5,0;3,78;1,22
3,0;4,39;-1,39
4,0;4,64;-0,64
1,0;1,44;-0,44
5,0;4,59;0,41
5,0;4,79;0,21
5,0;4,2;0,8
3,0;4,89;-1,89
1,0;3,31;-2,31
5,0;4,45;0,55
5,0;4,19;0,81
3,0;4,16;-1,16
3,0;4,39;-1,39
5,0;4,36;0,64
3,0;4,43;-1,43
1,0;3,59;-2,59
5,0;4,03;0,97
5,0;4,02;0,98
2,0;3,79;-1,79
5,0;4,49;0,51
5,0;4,59;0,41
2,0;4,84;-2,84
5,0;4,07;0,93
1,0;4,15;-3,15
4,0;3,41;0,59
4,0;4,51;-0,51
5,0;4,11;0,89
1,0;2,48;-1,48
4,0;4,22;-0,22
1,0;3,98;-2,98
5,0;4,0;1,0
5,0;4,74;0,26
1,0;4,18;-3,18
5,0;4,52;0,48
5,0;2,73;2,27
1,0;3,81;-2,81
3,0;1,59;1,41
5,0;4,36;0,64
5,0;4,3;0,7
5,0;2,92;2,08
4,0;3,41;0,59
5,0;4,32;0,68
5,0;4,95;0,05
4,0;4,74;-0,74
5,0;4,64;0,36
5,0;4,59;0,41
4,0;3,22;0,78
5,0;3,74;1,26
5,0;4,49;0,51
5,0;4,09;0,91
5,0;4,89;0,11
5,0;4,43;0,57
3,0;4,55;-1,55
1,0;2,92;-1,92
1,0;2,04;-1,04
4,0;2,95;1,05
5,0;4,04;0,96
5,0;4,65;0,35
5,0;4,99;0,01
2,0;1,81;0,19
5,0;4,39;0,61
5,0;4,21;0,79
5,0;4,54;0,46
5,0;4,39;0,61
4,5;4,57;-0,07
1,0;4,55;-3,55
5,0;4,25;0,75
5,0;4,17;0,83
4,0;4,51;-0,51
3,0;4,88;-1,88
1,0;1,82;-0,82
4,0;2,79;1,21
4,0;4,71;-0,71
4,0;4,73;-0,73
5,0;4,18;0,82
5,0;3,7;1,3
5,0;4,19;0,81
3,0;4,61;-1,61
5,0;3,67;1,33
4,0;4,35;-0,35
5,0;4,43;0,57
5,0;4,19;0,81
5,0;4,6;0,4
1,0;3,28;-2,28
4,0;4,93;-0,93
5,0;4,83;0,17
1,0;2,03;-1,03
4,0;3,0;1,0
1,0;4,01;-3,01
5,0;4,56;0,44
1,0;1,18;-0,18
5,0;3,36;1,64
4,0;4,44;-0,44
5,0;4,69;0,31
5,0;4,58;0,42
5,0;4,2;0,8
4,0;3,95;0,05
3,0;4,24;-1,24
4,0;4,04;-0,04
3,0;2,16;0,84
5,0;4,68;0,32
5,0;1,24;3,76
4,0;4,4;-0,4
4,0;4,43;-0,43
4,0;1,78;2,22
2,0;3,02;-1,02
5,0;4,14;0,86
4,0;4,05;-0,05
5,0;1,85;3,15
3,0;4,33;-1,33
1,0;1,39;-0,39
5,0;3,53;1,47
5,0;3,28;1,72
5,0;4,55;0,45
5,0;2,29;2,71
4,0;4,13;-0,13
5,0;4,05;0,95
5,0;4,43;0,57
3,0;3,64;-0,64
3,0;4,55;-1,55
4,0;4,63;-0,63
5,0;3,92;1,08
5,0;4,67;0,33
1,0;3,46;-2,46
4,0;4,7;-0,7
1,0;3,82;-2,82
5,0;4,32;0,68
5,0;4,18;0,82
3,0;4,54;-1,54
4,0;3,93;0,07
1,0;1,44;-0,44
5,0;4,34;0,66
1,0;4,9;-3,9
5,0;4,01;0,99
3,0;4,15;-1,15
2,0;4,08;-2,08
5,0;3,82;1,18
5,0;4,77;0,23
5,0;4,39;0,61
2,0;3,85;-1,85
5,0;4,7;0,3
5,0;4,01;0,99
5,0;3,99;1,01
5,0;4,5;0,5
5,0;4,72;0,28
5,0;4,1;0,9
5,0;3,74;1,26
5,0;3,53;1,47
5,0;3,58;1,42
4,0;4,51;-0,51
5,0;4,25;0,75
5,0;3,63;1,37
5,0;4,3;0,7
5,0;4,04;0,96
5,0;4,56;0,44
3,0;3,9;-0,9
5,0;4,42;0,58
5,0;5,0;0,0
5,0;3,6;1,4
5,0;4,11;0,89
4,0;2,98;1,02
4,0;4,39;-0,39
4,0;4,41;-0,41
5,0;4,36;0,64
5,0;4,72;0,28
5,0;2,83;2,17
5,0;4,1;0,9
4,0;3,72;0,28
5,0;4,35;0,65
5,0;3,92;1,08
1,0;1,98;-0,98
4,0;4,07;-0,07
5,0;4,76;0,24
3,0;4,65;-1,65
4,0;4,14;-0,14
4,0;4,49;-0,49
4,0;4,97;-0,97
1,0;3,54;-2,54
2,0;1,47;0,53
4,0;3,91;0,09
5,0;4,19;0,81
5,0;4,46;0,54
5,0;4,88;0,12
5,0;4,8;0,2
5,0;3,94;1,06
5,0;4,86;0,14
4,0;4,58;-0,58
5,0;4,06;0,94
5,0;4,27;0,73
1,0;4,56;-3,56
1,0;5,0;-4,0
5,0;3,72;1,28
5,0;4,52;0,48
3,0;3,59;-0,59
5,0;3,52;1,48
4,0;4,46;-0,46
5,0;2,37;2,63
5,0;5,0;0,0
5,0;3,81;1,19
5,0;4,21;0,79
1,0;4,09;-3,09
5,0;4,81;0,19
4,0;4,85;-0,85
5,0;4,57;0,43
5,0;3,91;1,09
5,0;4,16;0,84
5,0;3,53;1,47
1,0;4,1;-3,1
5,0;3,91;1,09
5,0;2,77;2,23
1,0;2,16;-1,16
5,0;4,74;0,26
1,0;4,16;-3,16
5,0;2,2;2,8
1,0;3,82;-2,82
3,0;4,38;-1,38
5,0;4,35;0,65
4,0;3,94;0,06
4,0;4,07;-0,07
5,0;2,9;2,1
1,0;4,2;-3,2
5,0;2,8;2,2
1,0;4,42;-3,42
1,0;2,13;-1,13
3,0;3,05;-0,05
5,0;4,89;0,11
5,0;4,54;0,46
4,0;4,59;-0,59
5,0;4,49;0,51
1,0;4,4;-3,4
5,0;4,29;0,71
4,0;4,64;-0,64
5,0;4,33;0,67
5,0;1,13;3,87
5,0;4,62;0,38
5,0;4,19;0,81
5,0;4,84;0,16
5,0;4,79;0,21
5,0;3,97;1,03
5,0;4,84;0,16
3,0;3,23;-0,23
1,0;3,03;-2,03
5,0;4,2;0,8
5,0;4,35;0,65
5,0;4,21;0,79
3,0;4,55;-1,55
4,0;4,09;-0,09
5,0;4,04;0,96
4,0;4,45;-0,45
1,0;4,79;-3,79
5,0;4,84;0,16
1,0;1,28;-0,28
4,0;3,11;0,89
4,0;3,06;0,94
1,0;4,04;-3,04
4,0;3,61;0,39
5,0;4,62;0,38
5,0;3,63;1,37
5,0;4,41;0,59
1,0;4,69;-3,69
5,0;1,22;3,78
4,0;4,71;-0,71
1,0;1,51;-0,51
5,0;3,02;1,98
3,0;3,76;-0,76
1,0;4,39;-3,39
5,0;4,51;0,49
3,0;4,38;-1,38
4,0;4,39;-0,39
5,0;4,24;0,76
5,0;4,93;0,07
5,0;4,22;0,78
5,0;4,09;0,91
4,0;4,83;-0,83
5,0;3,93;1,07
3,0;4,68;-1,68
5,0;3,17;1,83
1,0;1,71;-0,71
5,0;4,44;0,56
1,0;4,04;-3,04
5,0;4,77;0,23
5,0;4,62;0,38
4,0;4,9;-0,9
4,0;4,5;-0,5
3,6667;3,61;0,06
5,0;4,02;0,98
5,0;2,84;2,16
5,0;4,15;0,85
4,0;4,54;-0,54
4,0;4,22;-0,22
5,0;4,56;0,44
3,0;3,26;-0,26
5,0;4,5;0,5
4,0;4,33;-0,33
5,0;3,85;1,15
5,0;3,85;1,15
5,0;4,14;0,86
1,0;4,47;-3,47
3,0;1,49;1,51
2,0;4,84;-2,84
5,0;4,55;0,45
5,0;3,61;1,39
1,0;1,96;-0,96
1,0;4,45;-3,45
1,0;3,5;-2,5
4,0;4,55;-0,55
5,0;4,97;0,03
4,0;1,46;2,54
2,6667;4,34;-1,67
5,0;4,17;0,83
5,0;4,45;0,55
5,0;4,81;0,19
5,0;4,55;0,45
1,0;4,14;-3,14
2,0;4,75;-2,75
3,0;3,85;-0,85
5,0;4,84;0,16
5,0;3,69;1,31
5,0;4,2;0,8
5,0;4,41;0,59
3,0;3,84;-0,84
5,0;4,18;0,82
5,0;4,24;0,76
2,0;3,89;-1,89
3,0;4,67;-1,67
5,0;4,64;0,36
5,0;3,23;1,77
5,0;5,0;0,0
4,0;3,99;0,01
4,0;4,93;-0,93
5,0;3,4;1,6
4,0;4,07;-0,07
5,0;4,19;0,81
5,0;4,24;0,76
4,0;4,18;-0,18
5,0;4,52;0,48
4,0;4,75;-0,75
4,0;3,82;0,18
5,0;4,44;0,56
3,0;4,15;-1,15
1,0;1,39;-0,39
5,0;4,79;0,21
1,0;4,3;-3,3
4,0;4,34;-0,34
4,0;4,75;-0,75
5,0;4,14;0,86
1,0;1,37;-0,37
4,0;3,92;0,08
1,0;4,67;-3,67
4,0;4,0;0,0
4,0;3,13;0,87
1,0;4,72;-3,72
4,0;4,39;-0,39
4,0;4,33;-0,33
3,0;3,98;-0,98
5,0;4,74;0,26
5,0;3,96;1,04
4,0;4,32;-0,32
5,0;4,53;0,47
3,0;4,64;-1,64
3,0;4,54;-1,54
3,0;4,39;-1,39
5,0;3,9;1,1
1,0;3,9;-2,9
4,0;4,21;-0,21
4,0;4,26;-0,26
5,0;4,23;0,77
4,1429;4,14;0,0
5,0;4,75;0,25
5,0;4,34;0,66
4,0;4,47;-0,47
5,0;3,9;1,1
3,0;4,01;-1,01
5,0;4,82;0,18
5,0;4,86;0,14
5,0;3,15;1,85
4,0;3,82;0,18
5,0;4,59;0,41
5,0;4,84;0,16
3,0;4,96;-1,96
0,0;4,18;-4,18
5,0;3,41;1,59
5,0;4,08;0,92
5,0;4,74;0,26
5,0;4,6;0,4
1,0;2,03;-1,03
1,0;1,22;-0,22
5,0;3,03;1,97
5,0;4,27;0,73
5,0;3,33;1,67
5,0;4,52;0,48
1,0;2,28;-1,28
5,0;4,71;0,29
4,0;4,74;-0,74
5,0;4,04;0,96
5,0;2,07;2,93
5,0;4,27;0,73
5,0;2,93;2,07
5,0;4,93;0,07
5,0;4,67;0,33
5,0;4,57;0,43
5,0;3,15;1,85
0,0;4,58;-4,58
5,0;4,58;0,42
4,0;4,54;-0,54
4,0;4,22;-0,22
4,0;4,68;-0,68
5,0;4,49;0,51
5,0;4,4;0,6
5,0;3,27;1,73
4,6667;4,41;0,26
5,0;4,3;0,7
5,0;3,82;1,18
5,0;4,73;0,27
5,0;4,85;0,15
3,0;4,32;-1,32
3,0;3,76;-0,76
4,0;4,34;-0,34
5,0;4,82;0,18
5,0;3,8;1,2
5,0;4,74;0,26
3,0;4,74;-1,74
3,0;4,24;-1,24
5,0;4,84;0,16
5,0;4,42;0,58
3,0;4,66;-1,66
5,0;3,99;1,01
5,0;4,31;0,69
4,0;4,82;-0,82
5,0;4,07;0,93
5,0;4,59;0,41
5,0;4,92;0,08
5,0;3,53;1,47
1,0;4,4;-3,4
5,0;3,11;1,89
5,0;4,99;0,01
5,0;4,73;0,27
4,0;4,48;-0,48
5,0;3,94;1,06
5,0;4,1;0,9
1,0;1,62;-0,62
5,0;4,26;0,74
3,0;4,5;-1,5
2,0;3,88;-1,88
4,0;4,48;-0,48
5,0;3,62;1,38
3,0;4,79;-1,79
5,0;4,65;0,35
5,0;3,72;1,28
5,0;3,64;1,36
5,0;4,84;0,16
3,0;3,55;-0,55
5,0;4,26;0,74
5,0;4,45;0,55
5,0;3,75;1,25
5,0;4,44;0,56
5,0;4,11;0,89
5,0;4,65;0,35
3,0;1,48;1,52
5,0;4,5;0,5
4,0;4,07;-0,07
4,0;4,86;-0,86
3,0;4,58;-1,58
5,0;4,21;0,79
1,0;4,25;-3,25
5,0;3,51;1,49
5,0;4,42;0,58
5,0;3,97;1,03
1,0;1,86;-0,86
5,0;3,98;1,02
2,0;4,84;-2,84
3,0;2,43;0,57
5,0;4,46;0,54
5,0;4,22;0,78
3,0;4,9;-1,9
1,0;2,91;-1,91
5,0;2,89;2,11
3,0;4,4;-1,4
5,0;4,83;0,17
5,0;4,76;0,24
1,0;3,93;-2,93
5,0;4,07;0,93
5,0;3,76;1,24
1,0;2,43;-1,43
3,0;4,65;-1,65
5,0;4,28;0,72
1,0;3,59;-2,59
4,0;1,16;2,84
5,0;3,82;1,18
4,0;3,71;0,29
5,0;2,94;2,06
5,0;4,37;0,63
5,0;4,51;0,49
5,0;1,76;3,24
5,0;4,63;0,37
5,0;4,58;0,42
5,0;4,36;0,64
5,0;3,85;1,15
5,0;4,44;0,56
1,0;4,33;-3,33
5,0;4,52;0,48
5,0;4,66;0,34
5,0;4,06;0,94
4,0;3,26;0,74
1,0;4,62;-3,62
5,0;4,87;0,13
5,0;4,46;0,54
5,0;2,97;2,03
1,0;4,34;-3,34
4,0;4,25;-0,25
5,0;4,53;0,47
3,0;4,33;-1,33
4,0;4,5;-0,5
5,0;4,25;0,75
5,0;2,38;2,62
1,0;1,66;-0,66
5,0;3,42;1,58
5,0;4,64;0,36
5,0;4,54;0,46
4,0;3,85;0,15
1,0;2,37;-1,37
4,0;3,32;0,68
2,0;2,64;-0,64
3,0;3,01;-0,01
5,0;4,1;0,9
3,0;3,3;-0,3
5,0;4,79;0,21
3,5;2,56;0,94
4,0;4,2;-0,2
5,0;4,54;0,46
5,0;3,54;1,46
5,0;4,06;0,94
4,0;4,94;-0,94
4,0;4,72;-0,72
2,0;1,64;0,36
1,0;3,69;-2,69
5,0;4,17;0,83
5,0;4,07;0,93
1,0;4,21;-3,21
5,0;4,67;0,33
1,0;2,06;-1,06
5,0;3,86;1,14
5,0;4,67;0,33
1,0;4,39;-3,39
5,0;4,26;0,74
5,0;2,71;2,29
5,0;2,4;2,6
5,0;4,62;0,38
5,0;4,48;0,52
3,0;4,58;-1,58
5,0;4,23;0,77
5,0;4,58;0,42
4,0;3,31;0,69
5,0;2,21;2,79
5,0;4,12;0,88
5,0;3,95;1,05
5,0;4,96;0,04
1,0;4,44;-3,44
5,0;4,61;0,39
5,0;4,69;0,31
4,0;3,64;0,36
5,0;4,15;0,85
4,0;4,8;-0,8
5,0;3,85;1,15
5,0;3,95;1,05
5,0;3,04;1,96
5,0;3,79;1,21
5,0;4,66;0,34
4,0;4,14;-0,14
4,0;4,11;-0,11
4,0;4,78;-0,78
5,0;4,87;0,13
1,0;2,64;-1,64
5,0;4,74;0,26
3,0;4,61;-1,61
3,5;3,17;0,33
1,0;4,85;-3,85
4,0;3,56;0,44
4,0;4,68;-0,68
5,0;4,12;0,88
5,0;4,05;0,95
3,0;4,87;-1,87
4,0;4,76;-0,76
3,5;3,65;-0,15
5,0;4,76;0,24
5,0;4,19;0,81
4,0;4,61;-0,61
5,0;3,77;1,23
5,0;4,96;0,04
5,0;3,25;1,75
5,0;4,08;0,92
1,0;1,94;-0,94
5,0;4,34;0,66
5,0;4,64;0,36
5,0;4,31;0,69
3,0;4,68;-1,68
5,0;4,28;0,72
1,0;4,76;-3,76
4,6667;3,21;1,46
4,0;4,23;-0,23
4,0;3,93;0,07
4,0;3,05;0,95
5,0;3,9;1,1
5,0;4,9;0,1
5,0;4,77;0,23
5,0;4,6;0,4
5,0;4,98;0,02
5,0;4,81;0,19
5,0;4,44;0,56
4,0;4,62;-0,62
5,0;4,59;0,41
5,0;4,61;0,39
3,0;4,32;-1,32
3,0;3,57;-0,57
5,0;4,74;0,26
5,0;4,34;0,66
4,0;3,97;0,03
5,0;4,49;0,51
3,0;3,32;-0,32
1,0;4,05;-3,05
5,0;4,68;0,32
5,0;4,79;0,21
5,0;4,21;0,79
5,0;4,02;0,98
5,0;4,4;0,6
4,0;4,28;-0,28
5,0;4,37;0,63
5,0;4,33;0,67
4,0;4,45;-0,45
5,0;4,4;0,6
5,0;4,34;0,66
3,0;3,35;-0,35
5,0;4,63;0,37
5,0;4,27;0,73
5,0;4,53;0,47
1,0;1,04;-0,04
5,0;4,66;0,34
5,0;4,74;0,26
5,0;4,61;0,39
5,0;3,93;1,07
5,0;3,27;1,73
5,0;4,6;0,4
4,0;3,94;0,06
5,0;4,39;0,61
4,0;4,24;-0,24
3,0;4,25;-1,25
3,0;3,09;-0,09
4,0;4,27;-0,27
5,0;4,11;0,89
5,0;4,15;0,85
2,0;4,84;-2,84
1,0;3,89;-2,89
4,0;4,71;-0,71
4,0;4,26;-0,26
4,0;3,57;0,43
2,5;4,32;-1,82
0,0;4,28;-4,28
5,0;4,86;0,14
5,0;4,24;0,76
5,0;4,15;0,85
3,0;3,34;-0,34
5,0;4,55;0,45
5,0;4,15;0,85
5,0;5,0;0,0
4,0;4,09;-0,09
3,0;4,82;-1,82
4,0;4,68;-0,68
1,0;1,13;-0,13
5,0;4,9;0,1
3,0;4,48;-1,48
5,0;4,1;0,9
5,0;4,53;0,47
2,0;4,8;-2,8
5,0;4,25;0,75
5,0;4,85;0,15
5,0;4,91;0,09
5,0;3,94;1,06
5,0;4,11;0,89
5,0;4,53;0,47
3,0;4,94;-1,94
5,0;4,66;0,34
4,0;4,97;-0,97
4,0;3,87;0,13
5,0;4,92;0,08
5,0;3,63;1,37
5,0;4,28;0,72
3,0;4,47;-1,47
5,0;4,23;0,77
4,0;3,36;0,64
1,0;3,9;-2,9
4,0;4,3;-0,3
5,0;4,74;0,26
5,0;3,45;1,55
5,0;4,4;0,6
1,0;4,67;-3,67
5,0;4,86;0,14
5,0;4,21;0,79
5,0;4,99;0,01
5,0;4,36;0,64
1,0;1,96;-0,96
1,0;2,06;-1,06
5,0;4,45;0,55
5,0;4,55;0,45
5,0;4,4;0,6
5,0;3,37;1,63
4,0;4,11;-0,11
5,0;4,82;0,18
4,0;4,76;-0,76
5,0;4,11;0,89
3,0;4,8;-1,8
5,0;4,1;0,9
4,0;4,33;-0,33
4,0;3,59;0,41
4,0;4,71;-0,71
0,0;3,43;-3,43
1,0;4,7;-3,7
5,0;4,03;0,97
4,0;2,02;1,98
5,0;4,21;0,79
5,0;5,0;0,0
4,0;4,32;-0,32
5,0;2,77;2,23
5,0;4,1;0,9
5,0;4,48;0,52
5,0;4,22;0,78
5,0;4,32;0,68
5,0;4,67;0,33
5,0;4,66;0,34
4,0;4,86;-0,86
5,0;3,95;1,05
4,0;3,77;0,23
4,0;4,88;-0,88
5,0;4,5;0,5
5,0;3,85;1,15
1,0;4,06;-3,06
5,0;3,62;1,38
5,0;4,37;0,63
5,0;4,26;0,74
5,0;3,44;1,56
3,0;4,13;-1,13
5,0;4,37;0,63
1,0;4,74;-3,74
3,0;4,95;-1,95
0,0;3,28;-3,28
5,0;4,16;0,84
4,0;4,82;-0,82
5,0;3,98;1,02
5,0;3,8;1,2
4,0;4,86;-0,86
4,0;4,38;-0,38
5,0;4,19;0,81
5,0;4,85;0,15
3,0;4,23;-1,23
5,0;4,2;0,8
1,0;1,43;-0,43
5,0;4,52;0,48
3,0;4,46;-1,46
5,0;4,96;0,04
4,0;4,18;-0,18
2,0;4,61;-2,61
5,0;4,68;0,32
5,0;4,44;0,56
1,0;1,67;-0,67
3,0;4,58;-1,58
5,0;4,34;0,66
5,0;4,25;0,75
1,0;1,25;-0,25
4,0;4,03;-0,03
3,0;4,17;-1,17
1,0;2,4;-1,4
5,0;4,16;0,84
5,0;4,45;0,55
1,0;4,47;-3,47
5,0;4,27;0,73
5,0;4,04;0,96
5,0;4,35;0,65
5,0;3,73;1,27
5,0;4,39;0,61
5,0;4,24;0,76
5,0;4,1;0,9
1,0;4,3;-3,3
3,0;4,9;-1,9
5,0;4,8;0,2
5,0;4,32;0,68
3,0;2,07;0,93
5,0;4,25;0,75
5,0;3,13;1,87
5,0;4,36;0,64
5,0;4,89;0,11
3,0;4,91;-1,91
3,0;4,22;-1,22
3,0;4,27;-1,27
4,0;4,24;-0,24
4,0;5,0;-1,0
5,0;2,52;2,48
5,0;4,99;0,01
5,0;3,86;1,14
5,0;4,49;0,51
5,0;3,98;1,02
5,0;4,9;0,1
5,0;4,26;0,74
1,0;1,27;-0,27
5,0;4,86;0,14
5,0;3,96;1,04
4,0;4,44;-0,44
5,0;3,68;1,32
1,0;4,48;-3,48
5,0;2,37;2,63
4,0;3,32;0,68
5,0;4,72;0,28
5,0;4,29;0,71
1,0;1,49;-0,49
5,0;4,54;0,46
1,0;4,44;-3,44
5,0;4,62;0,38
5,0;3,88;1,12
5,0;3,95;1,05
5,0;4,12;0,88
5,0;4,41;0,59
5,0;4,21;0,79
5,0;4,44;0,56
5,0;4,3;0,7
5,0;4,54;0,46
1,0;1,52;-0,52
4,0;4,3;-0,3
5,0;4,02;0,98
1,0;4,21;-3,21
5,0;4,37;0,63
5,0;3,95;1,05
4,0;4,56;-0,56
1,0;1,82;-0,82
5,0;3,66;1,34
5,0;4,07;0,93
5,0;4,77;0,23
5,0;3,89;1,11
1,0;3,2;-2,2
3,0;4,96;-1,96
5,0;3,6;1,4
5,0;4,76;0,24
4,0;3,6;0,4
3,0;4,29;-1,29
1,0;3,16;-2,16
5,0;3,85;1,15
5,0;3,87;1,13
5,0;4,64;0,36
5,0;4,72;0,28
4,0;4,91;-0,91
5,0;4,53;0,47
5,0;4,85;0,15
5,0;4,64;0,36
1,0;2,51;-1,51
5,0;4,92;0,08
5,0;4,1;0,9
4,0;4,82;-0,82
4,0;4,52;-0,52
4,0;4,4;-0,4
1,0;4,15;-3,15
5,0;3,53;1,47
5,0;4,56;0,44
4,0;3,19;0,81
4,0;4,46;-0,46
4,0;3,61;0,39
5,0;4,6;0,4
5,0;3,9;1,1
4,0;3,84;0,16
5,0;4,55;0,45
4,0;4,63;-0,63
5,0;3,96;1,04
5,0;4,56;0,44
3,0;4,31;-1,31
5,0;3,8;1,2
3,5;3,69;-0,19
5,0;4,42;0,58
3,0;4,88;-1,88
5,0;4,64;0,36
1,0;1,21;-0,21
4,0;3,56;0,44
1,0;3,53;-2,53
5,0;4,84;0,16
5,0;4,64;0,36
5,0;2,21;2,79
5,0;1,8;3,2
3,0;4,31;-1,31
4,6667;4,15;0,52
5,0;4,39;0,61
5,0;3,9;1,1
5,0;3,78;1,22
4,0;4,71;-0,71
5,0;4,67;0,33
5,0;3,87;1,13
5,0;4,27;0,73
4,0;2,44;1,56
5,0;4,74;0,26
5,0;4,72;0,28
4,0;4,64;-0,64
1,0;4,78;-3,78
5,0;3,12;1,88
5,0;3,95;1,05
5,0;3,42;1,58
5,0;4,51;0,49
5,0;4,26;0,74
1,0;3,37;-2,37
5,0;4,51;0,49
5,0;4,42;0,58
5,0;4,54;0,46
1,0;1,2;-0,2
1,0;4,49;-3,49
1,0;4,73;-3,73
5,0;4,74;0,26
1,0;3,39;-2,39
4,0;4,75;-0,75
4,0;3,76;0,24
5,0;4,64;0,36
4,0;4,95;-0,95
5,0;4,77;0,23
4,0;4,5;-0,5
1,0;3,08;-2,08
5,0;4,52;0,48
5,0;4,03;0,97
1,0;4,6;-3,6
5,0;4,54;0,46
4,0;4,44;-0,44
5,0;3,77;1,23
3,0;4,37;-1,37
5,0;4,61;0,39
5,0;2,33;2,67
3,0;4,68;-1,68
1,0;4,17;-3,17
4,0;4,02;-0,02
5,0;4,54;0,46
4,0;4,12;-0,12
5,0;3,47;1,53
5,0;4,32;0,68
3,0;4,06;-1,06
5,0;4,91;0,09
4,0;4,5;-0,5
5,0;4,85;0,15
5,0;4,17;0,83
5,0;4,33;0,67
1,0;1,67;-0,67
4,0;2,39;1,61
5,0;4,51;0,49
5,0;3,46;1,54
5,0;4,25;0,75
5,0;4,49;0,51
5,0;4,32;0,68
5,0;3,43;1,57
5,0;4,46;0,54
4,0;3,5;0,5
4,0;3,98;0,02
5,0;4,79;0,21
5,0;4,27;0,73
1,0;1,26;-0,26
5,0;4,71;0,29
5,0;4,2;0,8
5,0;4,31;0,69
1,0;1,58;-0,58
5,0;3,89;1,11
4,0;4,24;-0,24
5,0;4,14;0,86
3,0;4,02;-1,02
5,0;4,2;0,8
1,0;4,16;-3,16
5,0;4,13;0,87
3,0;4,47;-1,47
1,0;3,39;-2,39
1,0;4,52;-3,52
5,0;4,54;0,46
5,0;3,55;1,45
5,0;4,78;0,22
5,0;4,07;0,93
4,0;4,66;-0,66
5,0;4,63;0,37
5,0;4,87;0,13
4,5;4,28;0,22
5,0;4,03;0,97
0,0;2,45;-2,45
4,0;4,23;-0,23
4,0;4,48;-0,48
1,0;4,42;-3,42
2,0;3,47;-1,47
5,0;4,03;0,97
5,0;5,0;0,0
5,0;3,52;1,48
5,0;4,09;0,91
5,0;3,81;1,19
5,0;4,23;0,77
5,0;3,6;1,4
5,0;4,78;0,22
1,0;4,6;-3,6
4,0;4,54;-0,54
5,0;3,93;1,07
5,0;4,49;0,51
4,0;4,42;-0,42
4,0;4,17;-0,17
5,0;4,76;0,24
5,0;4,08;0,92
4,0;4,1;-0,1
5,0;4,88;0,12
3,0;4,16;-1,16
4,0;4,57;-0,57
1,0;4,81;-3,81
4,0;4,55;-0,55
5,0;4,11;0,89
4,5;4,42;0,08
5,0;3,82;1,18
5,0;4,26;0,74
3,0;4,7;-1,7
4,0;3,61;0,39
1,0;2,91;-1,91
3,0;4,18;-1,18
4,0;4,57;-0,57
5,0;4,32;0,68
1,0;1,65;-0,65
5,0;4,44;0,56
3,0;4,88;-1,88
5,0;3,61;1,39
5,0;3,98;1,02
1,0;1,52;-0,52
5,0;4,22;0,78
5,0;4,19;0,81
3,0;4,24;-1,24
5,0;3,81;1,19
5,0;4,98;0,02
5,0;3,54;1,46
5,0;4,28;0,72
5,0;4,63;0,37
4,0;4,06;-0,06
4,0;4,68;-0,68
5,0;4,36;0,64
5,0;4,0;1,0
4,0;2,8;1,2
4,0;4,22;-0,22
5,0;4,71;0,29
5,0;3,81;1,19
5,0;4,07;0,93
4,0;4,43;-0,43
5,0;4,97;0,03
5,0;4,0;1,0
5,0;4,49;0,51
4,0;4,18;-0,18
4,0;4,27;-0,27
5,0;4,48;0,52
1,0;1,41;-0,41
5,0;4,92;0,08
1,0;4,72;-3,72
1,0;2,07;-1,07
5,0;4,11;0,89
4,0;4,87;-0,87
4,0;4,57;-0,57
4,0;3,64;0,36
4,0;4,07;-0,07
4,0;4,22;-0,22
5,0;4,48;0,52
4,3333;4,62;-0,29
5,0;4,18;0,82
1,0;4,72;-3,72
1,0;1,55;-0,55
3,0;3,2;-0,2
5,0;4,49;0,51
4,0;4,85;-0,85
5,0;3,03;1,97
5,0;4,0;1,0
5,0;4,02;0,98
4,0;3,17;0,83
4,0;4,35;-0,35
5,0;3,99;1,01
1,0;2,88;-1,88
4,0;4,89;-0,89
5,0;4,41;0,59
5,0;4,22;0,78
1,0;3,15;-2,15
5,0;3,89;1,11
4,0;1,67;2,33
3,0;2,81;0,19
3,5;4,46;-0,96
5,0;4,53;0,47
5,0;4,6;0,4
5,0;4,49;0,51
4,0;4,54;-0,54
1,0;2,53;-1,53
5,0;4,63;0,37
4,0;2,2;1,8
5,0;4,45;0,55
5,0;4,6;0,4
5,0;4,1;0,9
5,0;4,74;0,26
5,0;4,03;0,97
5,0;4,89;0,11
5,0;4,88;0,12
3,0;3,37;-0,37
0,0;4,23;-4,23
5,0;4,3;0,7
4,0;4,49;-0,49
4,0;4,94;-0,94
4,0;4,7;-0,7
5,0;3,95;1,05
1,0;1,28;-0,28
5,0;4,18;0,82
5,0;4,16;0,84
5,0;4,28;0,72
5,0;4,88;0,12
4,0;4,95;-0,95
1,0;3,43;-2,43
5,0;3,94;1,06
5,0;4,77;0,23
5,0;4,67;0,33
5,0;4,92;0,08
2,0;4,4;-2,4
5,0;4,36;0,64
5,0;4,36;0,64
5,0;2,76;2,24
5,0;3,92;1,08
4,0;4,19;-0,19
4,0;4,74;-0,74
5,0;3,97;1,03
5,0;4,56;0,44
5,0;4,04;0,96
1,0;4,4;-3,4
3,0;4,51;-1,51
1,0;3,96;-2,96
5,0;3,87;1,13
5,0;4,19;0,81
1,0;1,18;-0,18
4,0;3,7;0,3
4,0;4,57;-0,57
5,0;4,88;0,12
5,0;4,16;0,84
5,0;3,59;1,41
5,0;3,68;1,32
5,0;4,96;0,04
4,0;4,08;-0,08
4,0;3,56;0,44
3,0;2,28;0,72
5,0;4,41;0,59
4,0;4,77;-0,77
5,0;3,92;1,08
5,0;4,58;0,42
1,0;4,85;-3,85
4,0;4,75;-0,75
5,0;4,14;0,86
4,3333;3,64;0,69
4,0;4,52;-0,52
0,0;4,75;-4,75
1,0;2,1;-1,1
5,0;4,79;0,21
3,0;4,84;-1,84
5,0;4,88;0,12
5,0;4,8;0,2
5,0;3,78;1,22
4,0;4,63;-0,63
5,0;4,36;0,64
3,0;4,0;-1,0
5,0;4,6;0,4
5,0;4,8;0,2
5,0;4,71;0,29
4,0;4,3;-0,3
5,0;4,56;0,44
4,0;4,11;-0,11
5,0;4,56;0,44
5,0;4,35;0,65
5,0;4,69;0,31
5,0;3,89;1,11
3,0;2,84;0,16
1,0;4,79;-3,79
5,0;4,66;0,34
1,0;2,07;-1,07
5,0;4,58;0,42
3,0;4,05;-1,05
4,0;4,7;-0,7
5,0;4,61;0,39
5,0;4,9;0,1
5,0;1,61;3,39
5,0;3,29;1,71
5,0;3,81;1,19
1,0;4,2;-3,2
4,0;4,38;-0,38
5,0;3,35;1,65
5,0;3,82;1,18
5,0;4,85;0,15
5,0;4,78;0,22
5,0;4,52;0,48
5,0;4,21;0,79
5,0;4,63;0,37
4,0;4,74;-0,74
5,0;4,39;0,61
5,0;4,7;0,3
5,0;3,99;1,01
3,0;4,95;-1,95
5,0;4,65;0,35
3,0;4,64;-1,64
3,0;4,52;-1,52
4,0;4,75;-0,75
5,0;4,32;0,68
0,0;4,76;-4,76
5,0;4,11;0,89
5,0;4,72;0,28
5,0;3,65;1,35
5,0;3,38;1,62
5,0;4,03;0,97
3,0;4,76;-1,76
5,0;4,65;0,35
5,0;4,41;0,59
5,0;1,99;3,01
5,0;4,96;0,04
3,0;4,55;-1,55
5,0;3,72;1,28
5,0;3,85;1,15
2,0;3,94;-1,94
3,0;3,99;-0,99
5,0;4,31;0,69
2,0;4,53;-2,53
5,0;3,87;1,13
5,0;3,86;1,14
5,0;3,57;1,43
5,0;4,03;0,97
1,0;2,05;-1,05
5,0;4,79;0,21
1,0;3,81;-2,81
5,0;4,62;0,38
5,0;4,57;0,43
4,0;4,28;-0,28
3,0;4,43;-1,43
4,0;4,52;-0,52
4,0;4,3;-0,3
3,5;3,13;0,37
4,0;4,86;-0,86
4,0;3,74;0,26
1,0;4,93;-3,93
4,0;4,58;-0,58
5,0;4,19;0,81
5,0;4,01;0,99
1,0;4,23;-3,23
4,0;3,9;0,1
4,0;4,18;-0,18
3,0;4,47;-1,47
2,0;3,97;-1,97
5,0;4,19;0,81
5,0;4,04;0,96
5,0;3,95;1,05
3,0;3,75;-0,75
1,0;4,22;-3,22
5,0;3,62;1,38
1,0;3,33;-2,33
0,0;4,03;-4,03
5,0;4,3;0,7
5,0;3,49;1,51
5,0;4,68;0,32
3,0;4,01;-1,01
5,0;3,96;1,04
1,0;3,84;-2,84
5,0;3,92;1,08
1,0;2,53;-1,53
5,0;4,12;0,88
5,0;3,71;1,29
5,0;3,62;1,38
1,0;3,76;-2,76
1,0;4,59;-3,59
0,0;4,02;-4,02
4,0;4,5;-0,5
4,0;3,85;0,15
5,0;4,04;0,96
4,0;4,19;-0,19
4,0;4,31;-0,31
3,0;4,64;-1,64
5,0;4,89;0,11
1,0;1,13;-0,13
5,0;4,08;0,92
1,0;4,26;-3,26
4,0;4,33;-0,33
5,0;4,51;0,49
4,0;2,17;1,83
5,0;3,96;1,04
5,0;4,85;0,15
1,0;4,42;-3,42
5,0;4,66;0,34
5,0;4,63;0,37
4,0;4,77;-0,77
3,0;4,86;-1,86
5,0;3,72;1,28
4,0;4,43;-0,43
5,0;4,68;0,32
5,0;4,2;0,8
5,0;2,33;2,67
5,0;3,9;1,1
4,0;4,76;-0,76
5,0;4,01;0,99
5,0;4,21;0,79
5,0;4,21;0,79
5,0;3,85;1,15
4,0;4,66;-0,66
4,0;4,9;-0,9
5,0;4,62;0,38
5,0;4,84;0,16
5,0;4,8;0,2
4,0;4,3;-0,3
5,0;3,91;1,09
5,0;5,0;0,0
5,0;4,69;0,31
2,0;1,8;0,2
4,0;3,91;0,09
5,0;4,27;0,73
5,0;4,53;0,47
2,0;4,66;-2,66
5,0;4,91;0,09
1,0;3,52;-2,52
5,0;4,71;0,29
1,0;3,81;-2,81
4,0;4,42;-0,42
4,0;3,8;0,2
5,0;4,38;0,62
5,0;4,85;0,15
5,0;4,59;0,41
3,0;3,84;-0,84
5,0;4,8;0,2
5,0;3,87;1,13
5,0;3,6;1,4
5,0;4,55;0,45
5,0;3,12;1,88
5,0;4,61;0,39
5,0;3,56;1,44
5,0;4,39;0,61
4,0;4,08;-0,08
5,0;4,84;0,16
1,0;2,49;-1,49
5,0;4,14;0,86
5,0;4,35;0,65
3,0;4,81;-1,81
5,0;4,44;0,56
5,0;4,03;0,97
5,0;3,91;1,09
5,0;4,94;0,06
5,0;3,77;1,23
4,0;4,36;-0,36
5,0;4,68;0,32
3,0;3,44;-0,44
4,0;3,53;0,47
1,0;4,66;-3,66
4,0;2,72;1,28
4,0;4,21;-0,21
4,0;4,36;-0,36
5,0;3,76;1,24
3,0;3,44;-0,44
5,0;4,77;0,23
2,0;4,21;-2,21
5,0;3,77;1,23
5,0;3,65;1,35
5,0;3,97;1,03
5,0;3,01;1,99
4,0;4,83;-0,83
4,0;4,07;-0,07
3,0;4,43;-1,43
4,0;4,06;-0,06
4,0;3,79;0,21
4,0;4,98;-0,98
5,0;4,75;0,25
1,0;2,69;-1,69
5,0;4,52;0,48
1,0;4,36;-3,36
5,0;4,35;0,65
5,0;4,01;0,99
5,0;4,52;0,48
5,0;4,98;0,02
1,0;4,12;-3,12
5,0;4,22;0,78
5,0;4,5;0,5
5,0;3,01;1,99
5,0;4,3;0,7
5,0;2,93;2,07
5,0;4,51;0,49
5,0;2,75;2,25
5,0;4,56;0,44
5,0;3,55;1,45
5,0;4,42;0,58
5,0;4,48;0,52
3,0;4,46;-1,46
5,0;4,27;0,73
5,0;3,9;1,1
5,0;4,05;0,95
5,0;4,96;0,04
5,0;4,05;0,95
1,0;1,41;-0,41
5,0;4,25;0,75
1,0;4,31;-3,31
5,0;4,3;0,7
1,0;1,78;-0,78
4,0;4,55;-0,55
1,0;4,31;-3,31
4,0;4,49;-0,49
5,0;4,49;0,51
4,0;4,59;-0,59
5,0;2,71;2,29
5,0;4,75;0,25
1,0;3,59;-2,59
1,0;1,13;-0,13
4,0;3,82;0,18
4,0;4,75;-0,75
5,0;3,33;1,67
5,0;3,92;1,08
4,0;3,64;0,36
4,0;4,47;-0,47
5,0;4,31;0,69
4,0;2,26;1,74
4,0;3,83;0,17
4,0;3,53;0,47
3,0;4,47;-1,47
5,0;3,09;1,91
5,0;4,06;0,94
4,0;4,9;-0,9
5,0;4,81;0,19
5,0;3,86;1,14
5,0;4,16;0,84
1,0;4,15;-3,15
4,0;4,03;-0,03
3,0;4,56;-1,56
4,0;4,18;-0,18
2,0;4,68;-2,68
5,0;4,1;0,9
5,0;4,24;0,76
5,0;4,56;0,44
5,0;4,32;0,68
5,0;4,24;0,76
5,0;4,92;0,08
5,0;3,88;1,12
5,0;4,04;0,96
5,0;4,02;0,98
5,0;4,72;0,28
5,0;4,24;0,76
1,0;4,8;-3,8
3,0;4,19;-1,19
5,0;4,75;0,25
5,0;4,46;0,54
5,0;4,37;0,63
2,0;4,83;-2,83
4,0;4,57;-0,57
4,0;4,68;-0,68
5,0;4,37;0,63
5,0;4,49;0,51
3,0;3,72;-0,72
5,0;3,94;1,06
4,0;4,25;-0,25
5,0;3,58;1,42
5,0;4,68;0,32
5,0;3,45;1,55
5,0;4,45;0,55
5,0;4,48;0,52
5,0;4,57;0,43
2,0;4,73;-2,73
5,0;2,76;2,24
5,0;3,88;1,12
4,0;4,74;-0,74
5,0;4,69;0,31
1,0;4,15;-3,15
5,0;4,73;0,27
5,0;4,62;0,38
5,0;4,28;0,72
4,0;3,94;0,06
5,0;4,09;0,91
1,0;4,06;-3,06
4,0;4,4;-0,4
5,0;4,53;0,47
5,0;3,3;1,7
5,0;3,82;1,18
5,0;4,89;0,11
5,0;2,6;2,4
5,0;4,07;0,93
5,0;4,45;0,55
4,0;4,8;-0,8
3,0;3,84;-0,84
4,0;1,94;2,06
1,0;3,99;-2,99
5,0;4,26;0,74
5,0;4,76;0,24
5,0;2,66;2,34
4,0;2,1;1,9
5,0;4,35;0,65
5,0;1,99;3,01
5,0;4,42;0,58
5,0;4,18;0,82
2,0;4,58;-2,58
5,0;3,84;1,16
1,0;1,38;-0,38
5,0;4,89;0,11
5,0;3,98;1,02
5,0;4,41;0,59
5,0;4,94;0,06
1,0;1,2;-0,2
5,0;4,44;0,56
5,0;3,94;1,06
1,0;3,25;-2,25
5,0;3,43;1,57
5,0;2,99;2,01
1,0;4,24;-3,24
5,0;3,98;1,02
5,0;3,98;1,02
5,0;4,56;0,44
5,0;4,48;0,52
5,0;4,25;0,75
5,0;3,87;1,13
5,0;4,58;0,42
1,0;1,26;-0,26
5,0;4,42;0,58
5,0;4,62;0,38
5,0;4,63;0,37
3,0;3,67;-0,67
5,0;1,77;3,23
4,0;4,05;-0,05
5,0;4,95;0,05
4,0;4,84;-0,84
5,0;4,61;0,39
5,0;4,65;0,35
5,0;4,28;0,72
1,0;1,45;-0,45
5,0;3,95;1,05
4,0;3,63;0,37
5,0;3,91;1,09
5,0;3,86;1,14
1,0;1,42;-0,42
4,0;4,28;-0,28
5,0;4,27;0,73
5,0;4,14;0,86
5,0;3,9;1,1
5,0;3,8;1,2
5,0;3,68;1,32
1,0;2,24;-1,24
5,0;4,92;0,08
1,0;3,99;-2,99
5,0;3,73;1,27
4,0;4,58;-0,58
4,5;4,44;0,06
5,0;4,37;0,63
1,0;2,33;-1,33
5,0;4,35;0,65
5,0;4,17;0,83
5,0;3,15;1,85
5,0;4,58;0,42
5,0;4,36;0,64
1,0;4,14;-3,14
1,0;1,64;-0,64
4,0;4,42;-0,42
4,0;4,51;-0,51
3,0;4,6;-1,6
2,0;4,14;-2,14
5,0;4,95;0,05
1,0;4,48;-3,48
4,0;4,48;-0,48
4,0;4,14;-0,14
5,0;4,52;0,48
2,0;4,66;-2,66
4,0;3,05;0,95
5,0;4,7;0,3
4,0;4,49;-0,49
4,0;3,97;0,03
5,0;3,56;1,44
2,0;4,39;-2,39
5,0;4,56;0,44
3,0;3,47;-0,47
1,0;4,4;-3,4
5,0;1,94;3,06
5,0;4,1;0,9
5,0;4,35;0,65
5,0;4,59;0,41
5,0;4,76;0,24
5,0;2,76;2,24
1,0;4,33;-3,33
5,0;4,18;0,82
5,0;4,41;0,59
5,0;4,51;0,49
5,0;4,18;0,82
5,0;4,47;0,53
1,0;1,25;-0,25
4,0;3,76;0,24
3,0;4,45;-1,45
5,0;4,18;0,82
4,0;4,14;-0,14
5,0;3,69;1,31
1,0;1,34;-0,34
5,0;4,48;0,52
4,0;4,19;-0,19
5,0;3,39;1,61
5,0;4,41;0,59
1,0;1,23;-0,23
5,0;3,92;1,08
4,0;3,69;0,31
5,0;4,27;0,73
5,0;4,59;0,41
3,0;4,5;-1,5
1,0;4,49;-3,49
5,0;4,48;0,52
5,0;4,22;0,78
1,0;4,53;-3,53
2,0;1,45;0,55
5,0;3,32;1,68
5,0;3,55;1,45
5,0;4,59;0,41
1,0;1,43;-0,43
1,0;3,73;-2,73
1,0;3,43;-2,43
4,0;4,04;-0,04
5,0;4,3;0,7
3,0;4,68;-1,68
4,0;4,76;-0,76
4,0;4,66;-0,66
5,0;4,21;0,79
3,0;3,85;-0,85
5,0;3,96;1,04
5,0;3,66;1,34
4,0;3,9;0,1
4,0;4,65;-0,65
3,0;4,76;-1,76
5,0;4,71;0,29
5,0;4,2;0,8
5,0;4,72;0,28
5,0;4,89;0,11
1,0;3,15;-2,15
2,0;3,54;-1,54
5,0;4,3;0,7
4,0;4,33;-0,33
5,0;4,12;0,88
5,0;4,27;0,73
5,0;2,86;2,14
5,0;3,61;1,39
1,0;4,88;-3,88
5,0;3,97;1,03
5,0;4,86;0,14
2,0;1,23;0,77
4,0;3,83;0,17
5,0;4,85;0,15
1,0;4,23;-3,23
5,0;4,67;0,33
5,0;4,62;0,38
5,0;3,69;1,31
4,0;4,02;-0,02
5,0;4,19;0,81
5,0;3,43;1,57
5,0;4,09;0,91
5,0;4,27;0,73
5,0;4,06;0,94
5,0;3,63;1,37
5,0;4,14;0,86
5,0;4,63;0,37
5,0;4,68;0,32
3,0;4,5;-1,5
1,0;2,85;-1,85
5,0;4,04;0,96
5,0;4,66;0,34
5,0;3,08;1,92
5,0;1,4;3,6
5,0;4,01;0,99
1,0;1,81;-0,81
5,0;4,52;0,48
5,0;4,38;0,62
5,0;4,53;0,47
4,0;4,47;-0,47
1,0;4,85;-3,85
5,0;3,56;1,44
5,0;3,07;1,93
4,0;4,0;0,0
5,0;4,62;0,38
5,0;4,27;0,73
5,0;3,72;1,28
4,0;4,22;-0,22
2,3333;3,94;-1,61
1,0;2,74;-1,74
5,0;4,96;0,04
1,0;1,22;-0,22
5,0;4,64;0,36
5,0;4,37;0,63
4,0;4,57;-0,57
4,0;3,62;0,38
4,0;1,66;2,34
4,0;4,44;-0,44
3,0;4,18;-1,18
5,0;3,95;1,05
5,0;4,56;0,44
5,0;4,02;0,98
5,0;4,72;0,28
1,0;2,38;-1,38
3,0;2,13;0,87
4,5;4,17;0,33
4,0;3,97;0,03
3,0;4,42;-1,42
1,0;1,05;-0,05
1,0;4,51;-3,51
5,0;4,29;0,71
4,0;3,39;0,61
4,0;4,16;-0,16
4,0;3,75;0,25
5,0;4,37;0,63
5,0;4,62;0,38
1,0;4,37;-3,37
5,0;4,68;0,32
4,0;4,48;-0,48
3,0;2,01;0,99
5,0;4,27;0,73
5,0;2,25;2,75
5,0;3,89;1,11
1,0;1,13;-0,13
4,0;4,91;-0,91
5,0;3,8;1,2
1,0;3,13;-2,13
4,0;3,03;0,97
5,0;4,8;0,2
5,0;3,75;1,25
5,0;3,93;1,07
5,0;4,16;0,84
5,0;4,45;0,55
4,0;4,73;-0,73
5,0;4,24;0,76
5,0;3,89;1,11
5,0;3,55;1,45
5,0;3,78;1,22
5,0;3,97;1,03
5,0;3,52;1,48
4,0;4,22;-0,22
5,0;4,72;0,28
3,0;4,66;-1,66
5,0;4,4;0,6
3,0;4,62;-1,62
5,0;3,5;1,5
5,0;4,93;0,07
5,0;4,27;0,73
5,0;3,92;1,08
4,0;4,71;-0,71
5,0;3,4;1,6
1,0;4,71;-3,71
5,0;4,6;0,4
4,0;3,06;0,94
5,0;3,63;1,37
5,0;3,93;1,07
5,0;4,51;0,49
3,0;3,6;-0,6
1,0;2,11;-1,11
1,0;4,68;-3,68
1,0;2,3;-1,3
5,0;4,21;0,79
5,0;4,84;0,16
1,0;1,54;-0,54
1,0;4,12;-3,12
5,0;4,25;0,75
5,0;4,33;0,67
4,0;4,33;-0,33
3,0;2,62;0,38
4,0;4,78;-0,78
5,0;3,84;1,16
5,0;4,04;0,96
4,0;4,25;-0,25
5,0;4,06;0,94
5,0;4,62;0,38
5,0;4,66;0,34
5,0;4,59;0,41
4,0;4,84;-0,84
2,0;2,59;-0,59
5,0;4,38;0,62
5,0;4,75;0,25
2,0;4,72;-2,72
5,0;4,65;0,35
1,0;4,43;-3,43
5,0;4,2;0,8
5,0;4,1;0,9
5,0;3,86;1,14
4,0;3,61;0,39
5,0;3,88;1,12
4,0;3,95;0,05
4,0;3,93;0,07
5,0;3,81;1,19
4,0;4,69;-0,69
1,0;1,09;-0,09
4,0;3,92;0,08
5,0;4,36;0,64
5,0;4,79;0,21
3,0;4,13;-1,13
1,0;2,45;-1,45
4,0;4,39;-0,39
5,0;3,27;1,73
5,0;4,67;0,33
1,0;4,42;-3,42
4,0;4,54;-0,54
5,0;4,6;0,4
1,0;2,17;-1,17
5,0;4,63;0,37
1,0;1,45;-0,45
5,0;4,4;0,6
5,0;4,5;0,5
5,0;4,16;0,84
5,0;3,73;1,27
1,0;1,9;-0,9
1,0;4,32;-3,32
5,0;4,35;0,65
1,0;2,63;-1,63
5,0;4,16;0,84
5,0;4,66;0,34
5,0;4,12;0,88
5,0;4,69;0,31
2,0;4,46;-2,46
4,0;4,28;-0,28
5,0;4,49;0,51
5,0;3,79;1,21
4,0;3,91;0,09
5,0;1,98;3,02
1,0;4,82;-3,82
4,0;3,74;0,26
5,0;4,21;0,79
5,0;3,44;1,56
4,0;3,34;0,66
5,0;4,15;0,85
5,0;3,86;1,14
5,0;4,47;0,53
5,0;4,99;0,01
5,0;4,19;0,81
1,0;4,07;-3,07
5,0;4,93;0,07
5,0;4,04;0,96
5,0;2,97;2,03
1,0;4,59;-3,59
5,0;4,11;0,89
5,0;4,51;0,49
2,0;3,76;-1,76
4,0;4,2;-0,2
4,0;3,79;0,21
5,0;4,4;0,6
3,0;4,93;-1,93
5,0;4,49;0,51
5,0;4,37;0,63
4,0;4,14;-0,14
5,0;3,79;1,21
4,0;4,26;-0,26
4,0;4,07;-0,07
5,0;4,88;0,12
1,0;1,63;-0,63
5,0;4,24;0,76
4,0;4,47;-0,47
5,0;4,5;0,5
2,0;4,84;-2,84
5,0;4,31;0,69
4,0;4,15;-0,15
4,0;4,56;-0,56
2,0;4,42;-2,42
5,0;4,4;0,6
5,0;4,2;0,8
5,0;4,44;0,56
5,0;4,69;0,31
5,0;4,64;0,36
4,0;2,75;1,25
1,0;4,5;-3,5
3,0;3,74;-0,74
5,0;4,74;0,26
1,0;2,03;-1,03
1,0;1,87;-0,87
5,0;4,37;0,63
5,0;4,52;0,48
5,0;4,84;0,16
5,0;4,7;0,3
3,0;4,86;-1,86
5,0;3,5;1,5
5,0;4,26;0,74
5,0;4,32;0,68
4,0;3,76;0,24
5,0;4,97;0,03
5,0;4,98;0,02
5,0;4,71;0,29
4,0;4,23;-0,23
4,0;4,32;-0,32
2,0;4,05;-2,05
3,0;4,06;-1,06
2,0;4,31;-2,31
5,0;3,92;1,08
4,0;4,69;-0,69
2,0;4,36;-2,36
5,0;3,91;1,09
5,0;4,29;0,71
5,0;4,03;0,97
5,0;4,54;0,46
4,0;4,43;-0,43
5,0;3,88;1,12
1,0;4,22;-3,22
5,0;3,11;1,89
5,0;3,41;1,59
5,0;4,14;0,86
1,0;4,42;-3,42
5,0;3,24;1,76
5,0;4,18;0,82
1,0;3,38;-2,38
4,0;4,6;-0,6
5,0;4,69;0,31
5,0;2,08;2,92
5,0;4,46;0,54
4,0;4,76;-0,76
1,0;4,14;-3,14
4,0;4,42;-0,42
5,0;3,97;1,03
5,0;4,59;0,41
5,0;4,57;0,43
2,0;3,45;-1,45
5,0;3,48;1,52
0,0;1,5;-1,5
5,0;4,18;0,82
4,0;4,34;-0,34
5,0;4,82;0,18
5,0;2,67;2,33
4,0;3,85;0,15
5,0;2,96;2,04
5,0;2,26;2,74
5,0;3,76;1,24
5,0;4,82;0,18
4,0;4,09;-0,09
5,0;3,64;1,36
3,0;4,58;-1,58
5,0;4,6;0,4
5,0;3,73;1,27
0,0;3,15;-3,15
5,0;4,53;0,47
5,0;4,08;0,92
5,0;4,51;0,49
1,0;1,67;-0,67
4,0;4,18;-0,18
3,0;3,85;-0,85
5,0;4,44;0,56
5,0;4,16;0,84
4,0;4,71;-0,71
5,0;4,82;0,18
4,0;2,87;1,13
1,0;3,23;-2,23
5,0;3,92;1,08
4,0;4,99;-0,99
3,0;4,66;-1,66
5,0;4,14;0,86
5,0;3,22;1,78
5,0;4,34;0,66
5,0;4,04;0,96
4,0;3,27;0,73
5,0;3,91;1,09
5,0;4,5;0,5
5,0;4,84;0,16
1,0;4,09;-3,09
5,0;4,0;1,0
5,0;3,23;1,77
1,0;1,44;-0,44
5,0;4,48;0,52
4,0;3,91;0,09
5,0;3,44;1,56
5,0;3,91;1,09
4,0;3,98;0,02
5,0;4,13;0,87
5,0;4,03;0,97
4,0;4,82;-0,82
4,0;4,45;-0,45
5,0;2,09;2,91
5,0;4,28;0,72
5,0;4,19;0,81
5,0;4,08;0,92
5,0;3,71;1,29
3,0;4,49;-1,49
4,0;4,64;-0,64
5,0;4,34;0,66
5,0;4,67;0,33
5,0;4,47;0,53
3,0;4,51;-1,51
5,0;4,85;0,15
4,0;4,42;-0,42
1,0;3,74;-2,74
1,0;4,82;-3,82
5,0;3,42;1,58
3,0;4,16;-1,16
1,0;3,5;-2,5
5,0;4,53;0,47
5,0;4,76;0,24
0,0;3,48;-3,48
1,0;4,5;-3,5
5,0;3,37;1,63
5,0;4,22;0,78
4,0;4,98;-0,98
5,0;4,97;0,03
2,0;1,34;0,66
3,0;4,61;-1,61
1,0;1,33;-0,33
5,0;3,68;1,32
3,0;4,28;-1,28
5,0;4,03;0,97
5,0;4,29;0,71
3,0;4,8;-1,8
4,0;4,37;-0,37
5,0;4,96;0,04
5,0;3,37;1,63
1,0;3,57;-2,57
3,0;3,74;-0,74
3,0;4,61;-1,61
5,0;4,68;0,32
5,0;4,01;0,99
2,0;4,2;-2,2
5,0;4,25;0,75
5,0;4,66;0,34
5,0;4,68;0,32
5,0;4,63;0,37
5,0;4,08;0,92
5,0;4,14;0,86
5,0;4,7;0,3
5,0;4,39;0,61
1,0;2,62;-1,62
5,0;2,38;2,62
5,0;4,24;0,76
5,0;4,25;0,75
5,0;3,49;1,51
4,0;4,07;-0,07
5,0;4,28;0,72
5,0;3,59;1,41
5,0;4,12;0,88
4,0;4,24;-0,24
4,0;4,21;-0,21
1,0;4,59;-3,59
4,0;4,79;-0,79
5,0;4,8;0,2
2,0;1,29;0,71
5,0;4,78;0,22
3,0;3,99;-0,99
5,0;4,8;0,2
1,0;4,86;-3,86
5,0;4,76;0,24
5,0;4,43;0,57
5,0;4,03;0,97
4,0;4,64;-0,64
5,0;3,91;1,09
5,0;4,0;1,0
3,0;4,37;-1,37
3,0;4,78;-1,78
5,0;4,6;0,4
5,0;4,64;0,36
5,0;4,56;0,44
5,0;3,48;1,52
5,0;3,65;1,35
2,0;4,26;-2,26
4,0;2,86;1,14
4,0;3,95;0,05
1,0;4,62;-3,62
4,0;3,59;0,41
5,0;3,92;1,08
5,0;1,69;3,31
5,0;4,79;0,21
1,0;3,6;-2,6
4,0;4,36;-0,36
4,0;4,16;-0,16
5,0;3,46;1,54
5,0;2,71;2,29
2,0;4,33;-2,33
5,0;3,84;1,16
5,0;3,76;1,24
4,0;3,98;0,02
5,0;4,04;0,96
5,0;4,38;0,62
5,0;3,8;1,2
5,0;4,57;0,43
5,0;4,83;0,17
5,0;3,78;1,22
5,0;3,97;1,03
1,0;3,8;-2,8
1,0;4,4;-3,4
4,0;3,97;0,03
4,0;4,26;-0,26
4,0;4,31;-0,31
2,0;3,39;-1,39
4,0;4,24;-0,24
3,0;4,31;-1,31
5,0;4,31;0,69
2,0;2,98;-0,98
5,0;4,34;0,66
5,0;4,51;0,49
5,0;3,58;1,42
5,0;4,92;0,08
5,0;4,47;0,53
5,0;4,46;0,54
2,0;1,88;0,12
3,0;4,41;-1,41
5,0;2,0;3,0
5,0;4,33;0,67
4,0;4,74;-0,74
2,0;3,33;-1,33
5,0;3,72;1,28
3,0;4,18;-1,18
5,0;4,26;0,74
4,0;4,64;-0,64
5,0;4,5;0,5
5,0;4,7;0,3
5,0;4,17;0,83
4,0;3,78;0,22
5,0;4,38;0,62
5,0;4,7;0,3
5,0;4,02;0,98
1,0;3,03;-2,03
5,0;4,95;0,05
3,0;3,76;-0,76
5,0;4,87;0,13
1,0;3,49;-2,49
5,0;4,19;0,81
4,0;3,93;0,07
5,0;3,89;1,11
5,0;4,76;0,24
4,0;4,49;-0,49
1,0;2,17;-1,17
3,0;4,49;-1,49
5,0;4,64;0,36
5,0;4,06;0,94
4,0;3,44;0,56
5,0;3,51;1,49
5,0;4,31;0,69
4,0;4,18;-0,18
4,0;4,29;-0,29
5,0;4,03;0,97
5,0;4,74;0,26
5,0;4,67;0,33
5,0;4,47;0,53
4,0;4,26;-0,26
5,0;4,26;0,74
4,0;4,84;-0,84
1,0;4,63;-3,63
3,0;4,79;-1,79
5,0;4,51;0,49
5,0;3,62;1,38
5,0;4,61;0,39
5,0;3,47;1,53
4,0;4,93;-0,93
5,0;4,53;0,47
1,0;4,49;-3,49
4,0;4,29;-0,29
5,0;4,45;0,55
4,0;4,19;-0,19
5,0;3,99;1,01
5,0;4,92;0,08
4,0;4,0;0,0
5,0;4,67;0,33
5,0;4,65;0,35
4,0;4,77;-0,77
4,0;4,67;-0,67
5,0;4,88;0,12
1,0;4,13;-3,13
4,0;4,16;-0,16
5,0;4,25;0,75
5,0;3,82;1,18
2,0;2,38;-0,38
5,0;4,96;0,04
1,0;4,24;-3,24
5,0;4,74;0,26
4,0;4,58;-0,58
4,0;4,18;-0,18
1,0;3,96;-2,96
1,0;4,78;-3,78
3,0;3,79;-0,79
5,0;4,62;0,38
5,0;4,99;0,01
1,0;4,59;-3,59
5,0;4,32;0,68
1,0;4,53;-3,53
5,0;4,92;0,08
3,0;3,38;-0,38
4,0;4,23;-0,23
4,0;4,33;-0,33
5,0;4,09;0,91
1,0;4,86;-3,86
4,0;4,45;-0,45
5,0;4,5;0,5
5,0;4,36;0,64
4,0;4,7;-0,7
5,0;4,5;0,5
5,0;4,28;0,72
3,0;2,4;0,6
1,0;4,48;-3,48
5,0;4,65;0,35
5,0;4,45;0,55
5,0;4,6;0,4
5,0;4,79;0,21
2,0;4,97;-2,97
5,0;4,41;0,59
5,0;4,56;0,44
5,0;4,57;0,43
2,0;4,95;-2,95
5,0;4,47;0,53
1,0;2,4;-1,4
1,0;1,75;-0,75
4,0;4,56;-0,56
2,0;4,05;-2,05
5,0;3,84;1,16
5,0;4,69;0,31
2,0;1,63;0,37
3,0;1,29;1,71
4,0;4,06;-0,06
3,0;3,63;-0,63
5,0;3,76;1,24
3,0;3,9;-0,9
0,0;4,16;-4,16
5,0;4,99;0,01
5,0;4,62;0,38
5,0;4,05;0,95
4,0;4,29;-0,29
5,0;4,49;0,51
1,0;4,04;-3,04
1,0;1,62;-0,62
1,0;3,93;-2,93
5,0;4,34;0,66
5,0;4,71;0,29
5,0;3,68;1,32
5,0;3,87;1,13
5,0;3,91;1,09
1,0;1,04;-0,04
5,0;3,71;1,29
5,0;4,05;0,95
1,0;4,27;-3,27
4,0;4,39;-0,39
5,0;4,2;0,8
4,0;4,88;-0,88
4,0;4,33;-0,33
4,0;4,35;-0,35
5,0;4,28;0,72
5,0;4,65;0,35
5,0;3,66;1,34
5,0;4,85;0,15
4,0;4,73;-0,73
5,0;3,94;1,06
1,0;4,66;-3,66
5,0;4,53;0,47
5,0;4,12;0,88
4,0;4,5;-0,5
4,0;3,81;0,19
5,0;4,58;0,42
5,0;4,71;0,29
4,0;4,63;-0,63
5,0;4,78;0,22
5,0;4,19;0,81
3,0;4,02;-1,02
5,0;4,24;0,76
4,0;4,17;-0,17
5,0;4,41;0,59
5,0;4,55;0,45
5,0;4,65;0,35
5,0;4,29;0,71
5,0;4,69;0,31
3,0;4,37;-1,37
1,0;3,07;-2,07
5,0;3,07;1,93
1,0;1,63;-0,63
5,0;4,34;0,66
3,0;4,43;-1,43
3,0;4,69;-1,69
4,0;4,37;-0,37
5,0;4,56;0,44
5,0;4,31;0,69
4,0;5,0;-1,0
2,0;4,0;-2,0
3,0;4,67;-1,67
4,0;4,49;-0,49
5,0;4,55;0,45
5,0;4,61;0,39
3,0;4,61;-1,61
5,0;3,94;1,06
1,0;1,49;-0,49
1,0;4,88;-3,88
3,0;3,88;-0,88
4,0;2,98;1,02
5,0;4,04;0,96
5,0;3,56;1,44
5,0;4,6;0,4
5,0;4,88;0,12
2,0;2,41;-0,41
5,0;4,81;0,19
5,0;4,52;0,48
3,0;4,01;-1,01
5,0;4,89;0,11
5,0;4,55;0,45
5,0;1,86;3,14
1,0;3,9;-2,9
1,0;0,87;0,13
5,0;3,82;1,18
5,0;4,59;0,41
1,0;2,15;-1,15
5,0;3,94;1,06
5,0;4,91;0,09
5,0;4,74;0,26
5,0;3,53;1,47
1,0;2,75;-1,75
0,0;3,98;-3,98
5,0;4,59;0,41
5,0;4,76;0,24
5,0;4,45;0,55
4,0;4,55;-0,55
4,0;4,07;-0,07
4,0;4,67;-0,67
5,0;4,71;0,29
5,0;4,8;0,2
4,0;3,56;0,44
4,0;4,46;-0,46
5,0;4,52;0,48
5,0;3,72;1,28
5,0;4,56;0,44
5,0;4,58;0,42
5,0;3,77;1,23
5,0;4,5;0,5
5,0;4,71;0,29
5,0;4,64;0,36
5,0;3,68;1,32
1,0;4,33;-3,33
5,0;3,77;1,23
5,0;4,51;0,49
4,0;4,85;-0,85
3,0;3,63;-0,63
5,0;4,54;0,46
5,0;4,32;0,68
1,0;2,13;-1,13
5,0;4,0;1,0
1,0;4,73;-3,73
5,0;4,64;0,36
5,0;4,61;0,39
5,0;4,0;1,0
5,0;4,75;0,25
5,0;4,43;0,57
5,0;4,26;0,74
5,0;3,15;1,85
4,0;3,62;0,38
3,0;4,02;-1,02
5,0;4,22;0,78
3,0;4,42;-1,42
5,0;4,07;0,93
5,0;4,66;0,34
3,0;4,64;-1,64
5,0;4,07;0,93
5,0;4,07;0,93
1,0;1,84;-0,84
5,0;3,5;1,5
5,0;4,28;0,72
5,0;3,78;1,22
4,5;3,94;0,56
5,0;3,26;1,74
1,0;2,12;-1,12
5,0;4,99;0,01
5,0;3,59;1,41
1,0;2,35;-1,35
4,0;4,76;-0,76
5,0;4,26;0,74
1,0;3,56;-2,56
5,0;4,79;0,21
1,0;2,98;-1,98
4,0;4,68;-0,68
2,0;3,34;-1,34
4,0;4,9;-0,9
4,0;3,66;0,34
5,0;3,82;1,18
5,0;3,52;1,48
5,0;2,54;2,46
1,0;4,68;-3,68
5,0;2,45;2,55
3,0;4,86;-1,86
5,0;4,89;0,11
3,0;4,47;-1,47
4,0;2,96;1,04
5,0;4,91;0,09
2,0;4,41;-2,41
5,0;4,08;0,92
5,0;3,7;1,3
4,0;4,66;-0,66
5,0;4,98;0,02
1,0;1,56;-0,56
5,0;4,29;0,71
5,0;4,62;0,38
5,0;4,77;0,23
1,0;1,9;-0,9
5,0;4,92;0,08
5,0;4,73;0,27
3,0;4,71;-1,71
5,0;4,53;0,47
5,0;4,46;0,54
5,0;4,49;0,51
4,0;4,82;-0,82
4,0;4,98;-0,98
5,0;4,3;0,7
4,0;4,63;-0,63
4,0;4,58;-0,58
5,0;4,4;0,6
1,0;4,2;-3,2
5,0;3,54;1,46
2,0;3,12;-1,12
4,0;4,01;-0,01
5,0;4,43;0,57
5,0;3,72;1,28
4,0;4,24;-0,24
4,0;3,43;0,57
5,0;4,49;0,51
5,0;4,12;0,88
5,0;4,63;0,37
5,0;4,82;0,18
5,0;4,55;0,45
5,0;4,99;0,01
5,0;4,74;0,26
1,0;2,05;-1,05
5,0;3,78;1,22
4,0;4,58;-0,58
1,0;1,18;-0,18
5,0;3,85;1,15
5,0;3,45;1,55
5,0;4,35;0,65
1,0;4,68;-3,68
5,0;3,79;1,21
4,0;3,43;0,57
5,0;4,17;0,83
5,0;4,33;0,67
4,0;4,88;-0,88
4,0;4,23;-0,23
5,0;4,73;0,27
1,0;1,33;-0,33
4,0;4,7;-0,7
5,0;4,3;0,7
1,0;2,88;-1,88
4,0;4,09;-0,09
5,0;3,51;1,49
5,0;4,27;0,73
5,0;3,91;1,09
5,0;4,23;0,77
5,0;4,53;0,47
4,0;4,72;-0,72
3,0;4,27;-1,27
4,0;4,7;-0,7
4,0;4,07;-0,07
5,0;3,82;1,18
4,0;1,56;2,44
5,0;3,99;1,01
5,0;4,62;0,38
2,0;3,61;-1,61
1,0;0,99;0,01
4,0;4,44;-0,44
5,0;4,33;0,67
5,0;4,6;0,4
4,0;4,91;-0,91
5,0;4,64;0,36
5,0;4,07;0,93
2,0;4,2;-2,2
5,0;4,0;1,0
5,0;4,63;0,37
5,0;4,75;0,25
5,0;4,38;0,62
5,0;4,43;0,57
2,0;3,23;-1,23
1,0;4,97;-3,97
5,0;4,78;0,22
5,0;4,15;0,85
4,0;4,53;-0,53
1,0;4,42;-3,42
5,0;4,18;0,82
5,0;4,73;0,27
4,0;3,96;0,04
5,0;3,94;1,06
4,0;4,85;-0,85
4,0;4,42;-0,42
3,0;3,61;-0,61
5,0;4,63;0,37
5,0;3,63;1,37
5,0;4,44;0,56
5,0;4,89;0,11
4,0;4,28;-0,28
5,0;4,6;0,4
5,0;4,52;0,48
5,0;3,89;1,11
4,0;4,6;-0,6
5,0;3,84;1,16
3,0;2,58;0,42
4,0;4,5;-0,5
5,0;4,72;0,28
5,0;4,35;0,65
4,0;4,17;-0,17
2,0;2,65;-0,65
5,0;4,45;0,55
3,0;4,62;-1,62
3,0;4,6;-1,6
4,0;4,7;-0,7
2,0;4,82;-2,82
5,0;4,05;0,95
4,0;4,84;-0,84
1,0;3,52;-2,52
5,0;4,74;0,26
5,0;3,73;1,27
5,0;4,13;0,87
5,0;4,35;0,65
5,0;4,34;0,66
1,0;2,18;-1,18
4,0;3,2;0,8
5,0;4,02;0,98
5,0;4,41;0,59
5,0;4,4;0,6
4,0;4,02;-0,02
5,0;4,37;0,63
3,0;4,84;-1,84
5,0;3,64;1,36
5,0;4,51;0,49
4,0;3,88;0,12
4,0;4,45;-0,45
4,0;4,36;-0,36
5,0;1,9;3,1
5,0;4,36;0,64
5,0;4,17;0,83
5,0;4,15;0,85
4,0;4,3;-0,3
1,0;1,48;-0,48
3,0;4,37;-1,37
5,0;4,48;0,52
4,0;4,51;-0,51
5,0;4,12;0,88
4,0;4,44;-0,44
4,0;4,84;-0,84
3,0;4,4;-1,4
5,0;3,93;1,07
5,0;3,48;1,52
5,0;4,57;0,43
1,0;3,85;-2,85
5,0;4,48;0,52
5,0;4,57;0,43
5,0;3,54;1,46
3,0;4,87;-1,87
5,0;4,66;0,34
4,0;4,53;-0,53
1,0;3,4;-2,4
4,0;4,53;-0,53
5,0;4,82;0,18
5,0;4,92;0,08
4,6667;4,29;0,38
5,0;4,92;0,08
5,0;4,46;0,54
5,0;4,72;0,28
5,0;3,97;1,03
5,0;4,37;0,63
5,0;4,08;0,92
2,0;4,16;-2,16
5,0;3,96;1,04
4,0;4,27;-0,27
4,0;3,43;0,57
1,0;1,35;-0,35
5,0;4,07;0,93
4,0;4,49;-0,49
5,0;3,25;1,75
5,0;3,98;1,02
5,0;3,42;1,58
5,0;4,47;0,53
5,0;4,05;0,95
1,0;2,73;-1,73
1,0;4,64;-3,64
4,0;3,51;0,49
4,0;3,28;0,72
5,0;4,64;0,36
5,0;3,35;1,65
5,0;4,26;0,74
1,0;1,74;-0,74
2,0;3,52;-1,52
1,0;2,44;-1,44
4,0;3,8;0,2
5,0;4,26;0,74
4,0;3,79;0,21
5,0;4,38;0,62
1,0;1,12;-0,12
5,0;4,52;0,48
5,0;3,58;1,42
3,0;3,75;-0,75
5,0;4,49;0,51
5,0;4,0;1,0
5,0;4,16;0,84
1,0;4,06;-3,06
5,0;4,25;0,75
5,0;4,28;0,72
1,0;1,23;-0,23
4,0;4,07;-0,07
3,0;3,32;-0,32
3,0;4,34;-1,34
4,0;3,67;0,33
2,0;4,41;-2,41
4,0;2,95;1,05
5,0;3,88;1,12
5,0;4,08;0,92
5,0;3,67;1,33
5,0;4,21;0,79
5,0;4,34;0,66
5,0;3,97;1,03
5,0;4,85;0,15
1,0;1,9;-0,9
4,0;4,82;-0,82
5,0;4,46;0,54
4,0;4,93;-0,93
4,0;4,26;-0,26
1,0;4,59;-3,59
5,0;4,75;0,25
4,0;3,88;0,12
5,0;4,7;0,3
5,0;3,93;1,07
3,0;4,58;-1,58
4,0;4,13;-0,13
2,0;4,43;-2,43
4,0;4,91;-0,91
3,0;3,38;-0,38
5,0;4,05;0,95
5,0;3,7;1,3
5,0;4,36;0,64
5,0;4,7;0,3
1,0;3,65;-2,65
5,0;4,71;0,29
5,0;4,65;0,35
5,0;3,2;1,8
5,0;4,37;0,63
5,0;4,52;0,48
5,0;4,75;0,25
5,0;4,32;0,68
5,0;3,75;1,25
1,0;4,8;-3,8
5,0;2,46;2,54
1,0;3,15;-2,15
4,0;4,11;-0,11
2,0;3,62;-1,62
5,0;4,11;0,89
1,0;4,77;-3,77
2,0;2,25;-0,25
5,0;4,79;0,21
3,0;4,2;-1,2
5,0;4,26;0,74
5,0;4,5;0,5
5,0;4,87;0,13
5,0;4,3;0,7
1,0;4,14;-3,14
3,0;3,94;-0,94
5,0;4,65;0,35
5,0;4,61;0,39
5,0;4,46;0,54
5,0;4,56;0,44
5,0;4,33;0,67
5,0;1,31;3,69
5,0;4,33;0,67
1,0;3,39;-2,39
4,0;4,11;-0,11
4,5;4,51;-0,01
5,0;4,58;0,42
5,0;3,3;1,7
5,0;4,61;0,39
3,0;3,92;-0,92
5,0;4,58;0,42
3,0;4,13;-1,13
5,0;3,27;1,73
4,0;4,58;-0,58
1,0;3,87;-2,87
5,0;3,43;1,57
5,0;4,03;0,97
3,0;4,82;-1,82
5,0;4,45;0,55
4,0;4,91;-0,91
4,0;3,84;0,16
5,0;4,32;0,68
5,0;4,35;0,65
3,0;4,54;-1,54
5,0;4,6;0,4
1,0;4,79;-3,79
5,0;4,84;0,16
5,0;4,87;0,13
3,0;4,12;-1,12
4,0;4,06;-0,06
5,0;3,78;1,22
5,0;3,24;1,76
5,0;4,34;0,66
1,0;1,24;-0,24
5,0;4,67;0,33
3,0;3,94;-0,94
5,0;4,26;0,74
4,0;3,98;0,02
5,0;2,31;2,69
3,0;4,52;-1,52
1,0;2,05;-1,05
3,0;4,34;-1,34
3,0;4,68;-1,68
0,0;3,63;-3,63
5,0;4,84;0,16
1,0;4,54;-3,54
5,0;4,58;0,42
5,0;4,59;0,41
3,0;3,27;-0,27
3,0;3,71;-0,71
3,0;3,32;-0,32
5,0;4,89;0,11
5,0;4,82;0,18
5,0;4,4;0,6
5,0;4,02;0,98
3,0;4,16;-1,16
5,0;4,59;0,41
5,0;4,3;0,7
5,0;3,68;1,32
4,0;4,57;-0,57
1,0;3,14;-2,14
5,0;4,2;0,8
3,0;4,19;-1,19
4,0;4,62;-0,62
5,0;3,66;1,34
4,0;3,06;0,94
3,0;4,12;-1,12
3,0;4,21;-1,21
3,0;4,35;-1,35
4,0;4,51;-0,51
5,0;3,44;1,56
3,0;1,8;1,2
4,0;1,33;2,67
4,0;3,65;0,35
4,0;4,5;-0,5
5,0;4,52;0,48
4,0;3,33;0,67
5,0;4,92;0,08
5,0;3,28;1,72
5,0;3,99;1,01
5,0;4,61;0,39
4,0;3,95;0,05
4,0;4,2;-0,2
3,0;2,11;0,89
5,0;3,99;1,01
5,0;4,32;0,68
5,0;4,14;0,86
4,0;4,95;-0,95
5,0;2,2;2,8
5,0;3,65;1,35
5,0;4,63;0,37
5,0;4,07;0,93
1,0;4,26;-3,26
5,0;4,99;0,01
5,0;4,7;0,3
5,0;4,06;0,94
1,0;1,68;-0,68
5,0;4,07;0,93
5,0;2,23;2,77
5,0;4,8;0,2
5,0;4,84;0,16
5,0;3,86;1,14
5,0;3,48;1,52
5,0;3,3;1,7
5,0;4,69;0,31
5,0;3,7;1,3
4,0;3,63;0,37
4,0;4,32;-0,32
5,0;4,58;0,42
5,0;4,69;0,31
5,0;4,5;0,5
5,0;4,32;0,68
5,0;4,39;0,61
4,0;4,41;-0,41
5,0;3,64;1,36
5,0;4,62;0,38
2,0;3,35;-1,35
4,0;3,33;0,67
5,0;4,43;0,57
5,0;4,49;0,51
5,0;4,29;0,71
5,0;4,02;0,98
1,0;2,92;-1,92
4,0;4,7;-0,7
5,0;4,83;0,17
4,0;4,13;-0,13
5,0;4,82;0,18
3,0;4,25;-1,25
5,0;4,18;0,82
5,0;3,81;1,19
5,0;4,39;0,61
4,0;4,71;-0,71
3,0;4,93;-1,93
5,0;3,51;1,49
3,0;4,33;-1,33
5,0;3,86;1,14
5,0;4,86;0,14
5,0;4,61;0,39
5,0;4,48;0,52
5,0;4,46;0,54
3,0;4,49;-1,49
0,0;3,82;-3,82
3,0;3,71;-0,71
1,0;2,34;-1,34
2,0;4,26;-2,26
4,0;4,48;-0,48
5,0;4,04;0,96
1,0;4,81;-3,81
5,0;4,26;0,74
4,0;4,61;-0,61
5,0;3,63;1,37
5,0;3,96;1,04
5,0;3,59;1,41
5,0;3,53;1,47
5,0;4,86;0,14
1,0;2,9;-1,9
5,0;4,99;0,01
4,0;4,53;-0,53
4,0;3,59;0,41
4,6667;3,97;0,7
4,0;3,98;0,02
3,0;1,62;1,38
5,0;4,62;0,38
0,0;3,52;-3,52
1,0;3,82;-2,82
4,0;4,2;-0,2
5,0;3,82;1,18
5,0;4,38;0,62
5,0;4,81;0,19
5,0;4,43;0,57
5,0;3,79;1,21
5,0;4,93;0,07
2,0;2,36;-0,36
3,0;5,0;-2,0
2,0;3,25;-1,25
1,0;4,19;-3,19
5,0;3,89;1,11
5,0;4,27;0,73
5,0;4,37;0,63
5,0;4,89;0,11
5,0;2,44;2,56
2,0;3,76;-1,76
4,0;3,91;0,09
5,0;4,58;0,42
5,0;4,59;0,41
4,0;3,85;0,15
4,0;3,85;0,15
4,0;3,7;0,3
5,0;4,97;0,03
5,0;4,58;0,42
5,0;3,25;1,75
4,0;4,67;-0,67
5,0;3,6;1,4
4,0;3,73;0,27
5,0;4,38;0,62
1,0;1,76;-0,76
5,0;4,5;0,5
5,0;4,15;0,85
4,0;4,41;-0,41
5,0;3,78;1,22
1,0;2,21;-1,21
1,0;2,99;-1,99
5,0;4,54;0,46
5,0;4,36;0,64
5,0;4,89;0,11
5,0;4,48;0,52
5,0;3,68;1,32
5,0;4,43;0,57
4,0;4,08;-0,08
5,0;4,4;0,6
5,0;4,34;0,66
5,0;4,11;0,89
5,0;3,94;1,06
5,0;4,09;0,91
5,0;4,16;0,84
2,0;3,73;-1,73
4,0;4,27;-0,27
2,0;4,56;-2,56
1,0;3,74;-2,74
5,0;4,36;0,64
5,0;3,8;1,2
5,0;4,08;0,92
4,0;4,44;-0,44
5,0;4,39;0,61
5,0;3,9;1,1
5,0;4,32;0,68
4,0;1,19;2,81
5,0;4,55;0,45
5,0;4,82;0,18
5,0;4,19;0,81
4,0;3,81;0,19
5,0;4,86;0,14
4,0;4,95;-0,95
3,0;4,48;-1,48
4,0;4,24;-0,24
5,0;4,16;0,84
3,0;4,91;-1,91
1,0;3,36;-2,36
5,0;4,16;0,84
5,0;4,71;0,29
5,0;4,64;0,36
1,0;1,63;-0,63
1,0;1,44;-0,44
5,0;1,52;3,48
3,0;3,55;-0,55
5,0;4,37;0,63
5,0;4,55;0,45
5,0;2,71;2,29
4,0;4,16;-0,16
5,0;4,75;0,25
5,0;4,72;0,28
5,0;3,7;1,3
5,0;3,98;1,02
4,0;4,48;-0,48
5,0;4,67;0,33
4,0;3,44;0,56
5,0;4,0;1,0
4,0;4,54;-0,54
5,0;3,36;1,64
5,0;4,0;1,0
3,0;2,5;0,5
5,0;4,2;0,8
1,0;3,62;-2,62
2,0;4,11;-2,11
5,0;4,14;0,86
4,0;4,89;-0,89
5,0;4,89;0,11
5,0;3,97;1,03
4,0;4,43;-0,43
5,0;4,8;0,2
4,0;3,9;0,1
5,0;4,42;0,58
5,0;4,52;0,48
5,0;3,61;1,39
5,0;4,57;0,43
4,0;3,88;0,12
5,0;4,32;0,68
3,0;4,98;-1,98
5,0;4,46;0,54
5,0;4,02;0,98
4,0;4,06;-0,06
4,0;4,52;-0,52
5,0;4,65;0,35
5,0;4,26;0,74
1,0;3,66;-2,66
5,0;3,95;1,05
4,0;4,41;-0,41
5,0;3,77;1,23
5,0;3,8;1,2
1,0;4,78;-3,78
5,0;4,67;0,33
5,0;4,15;0,85
4,0;3,57;0,43
2,0;1,54;0,46
4,0;4,31;-0,31
5,0;4,14;0,86
5,0;4,29;0,71
5,0;4,6;0,4
5,0;4,07;0,93
5,0;4,59;0,41
5,0;4,29;0,71
5,0;4,22;0,78
3,0;4,6;-1,6
5,0;4,42;0,58
4,0;4,92;-0,92
5,0;4,41;0,59
1,0;4,08;-3,08
5,0;4,73;0,27
5,0;3,34;1,66
1,0;1,48;-0,48
5,0;4,71;0,29
1,0;4,55;-3,55
5,0;4,8;0,2
4,0;4,8;-0,8
1,0;2,4;-1,4
4,0;3,99;0,01
3,0;4,86;-1,86
4,0;1,42;2,58
3,0;4,58;-1,58
4,0;4,13;-0,13
1,0;4,2;-3,2
5,0;3,84;1,16
4,0;4,73;-0,73
5,0;3,88;1,12
5,0;4,02;0,98
5,0;4,15;0,85
4,0;4,58;-0,58
5,0;3,16;1,84
4,0;4,24;-0,24
4,0;3,08;0,92
5,0;4,53;0,47
4,0;4,93;-0,93
1,0;4,18;-3,18
3,0;3,95;-0,95
3,0;4,84;-1,84
5,0;2,97;2,03
4,0;4,4;-0,4
1,0;1,56;-0,56
1,0;2,16;-1,16
2,0;2,91;-0,91
5,0;4,13;0,87
5,0;4,66;0,34
5,0;4,71;0,29
5,0;4,11;0,89
5,0;4,25;0,75
1,0;4,41;-3,41
5,0;4,51;0,49
4,0;4,67;-0,67
5,0;4,73;0,27
5,0;4,61;0,39
4,0;4,26;-0,26
5,0;4,56;0,44
5,0;3,87;1,13
5,0;4,05;0,95
5,0;3,11;1,89
5,0;4,6;0,4
4,0;1,54;2,46
5,0;3,77;1,23
5,0;4,79;0,21
4,0;4,74;-0,74
5,0;4,72;0,28
5,0;3,48;1,52
5,0;4,44;0,56
5,0;3,37;1,63
5,0;4,46;0,54
5,0;4,55;0,45
4,0;3,85;0,15
5,0;4,39;0,61
3,0;4,47;-1,47
5,0;4,91;0,09
5,0;4,51;0,49
5,0;4,7;0,3
1,0;1,18;-0,18
1,0;3,86;-2,86
5,0;3,8;1,2
2,0;4,52;-2,52
5,0;4,79;0,21
5,0;3,86;1,14
4,0;4,99;-0,99
1,0;2,01;-1,01
4,0;4,79;-0,79
5,0;4,58;0,42
5,0;4,1;0,9
4,0;3,7;0,3
5,0;4,11;0,89
5,0;4,61;0,39
5,0;3,95;1,05
5,0;4,68;0,32
5,0;3,62;1,38
1,0;3,95;-2,95
4,0;4,16;-0,16
5,0;3,1;1,9
4,0;4,02;-0,02
5,0;4,53;0,47
1,5714;3,07;-1,5
5,0;4,29;0,71
3,0;3,08;-0,08
5,0;4,11;0,89
5,0;4,13;0,87
5,0;4,16;0,84
5,0;3,44;1,56
5,0;3,47;1,53
5,0;4,57;0,43
5,0;3,98;1,02
5,0;3,56;1,44
2,0;4,96;-2,96
5,0;3,68;1,32
5,0;4,06;0,94
5,0;4,41;0,59
1,0;1,07;-0,07
4,0;4,77;-0,77
5,0;4,54;0,46
5,0;2,36;2,64
4,0;4,43;-0,43
5,0;4,53;0,47
5,0;3,91;1,09
5,0;2,73;2,27
4,0;4,04;-0,04
1,0;4,26;-3,26
5,0;4,1;0,9
5,0;4,25;0,75
5,0;4,43;0,57
5,0;4,23;0,77
4,0;4,15;-0,15
5,0;4,59;0,41
5,0;4,78;0,22
1,0;4,81;-3,81
3,0;2,6;0,4
4,0;2,56;1,44
3,0;4,74;-1,74
1,0;3,63;-2,63
5,0;4,05;0,95
5,0;4,93;0,07
3,0;4,27;-1,27
5,0;4,35;0,65
1,0;3,6;-2,6
5,0;3,53;1,47
5,0;4,42;0,58
4,0;4,53;-0,53
3,0;4,9;-1,9
5,0;4,45;0,55
3,0;4,76;-1,76
5,0;4,59;0,41
4,0;4,08;-0,08
5,0;4,61;0,39
5,0;3,78;1,22
4,0;4,26;-0,26
4,0;4,43;-0,43
5,0;4,16;0,84
5,0;3,79;1,21
5,0;2,86;2,14
5,0;3,82;1,18
5,0;4,69;0,31
5,0;4,06;0,94
5,0;4,12;0,88
4,0;4,71;-0,71
4,0;2,36;1,64
5,0;4,71;0,29
5,0;4,34;0,66
4,0;4,6;-0,6
5,0;3,72;1,28
5,0;3,8;1,2
5,0;4,62;0,38
5,0;4,95;0,05
1,0;4,9;-3,9
5,0;3,54;1,46
5,0;4,45;0,55
5,0;3,98;1,02
3,0;4,63;-1,63
4,6667;4,36;0,31
1,0;3,83;-2,83
4,0;4,81;-0,81
4,0;4,34;-0,34
4,0;3,54;0,46
5,0;4,41;0,59
5,0;3,62;1,38
5,0;4,09;0,91
4,0;4,11;-0,11
5,0;4,33;0,67
4,0;3,78;0,22
3,0;4,76;-1,76
5,0;4,25;0,75
5,0;3,88;1,12
5,0;4,86;0,14
4,0;1,24;2,76
5,0;3,91;1,09
5,0;4,81;0,19
5,0;4,1;0,9
5,0;4,43;0,57
1,0;1,73;-0,73
1,0;1,56;-0,56
5,0;3,74;1,26
4,0;4,14;-0,14
2,0;4,37;-2,37
3,0;4,32;-1,32
2,0;4,18;-2,18
5,0;4,62;0,38
3,0;3,93;-0,93
4,0;2,97;1,03
5,0;3,64;1,36
1,0;4,52;-3,52
3,0;3,19;-0,19
5,0;1,05;3,95
4,0;3,82;0,18
5,0;4,77;0,23
4,0;4,05;-0,05
1,0;3,72;-2,72
5,0;4,76;0,24
5,0;4,54;0,46
5,0;4,74;0,26
1,0;3,99;-2,99
5,0;4,68;0,32
1,0;2,93;-1,93
5,0;4,44;0,56
5,0;4,32;0,68
4,0;4,6;-0,6
1,0;1,33;-0,33
5,0;4,81;0,19
3,0;4,15;-1,15
1,0;4,75;-3,75
5,0;4,46;0,54
4,0;4,08;-0,08
5,0;4,01;0,99
4,0;2,16;1,84
4,0;4,38;-0,38
1,0;1,23;-0,23
4,0;1,79;2,21
5,0;3,73;1,27
5,0;4,6;0,4
5,0;4,24;0,76
4,0;4,17;-0,17
5,0;4,81;0,19
4,0;2,96;1,04
5,0;4,39;0,61
5,0;4,73;0,27
5,0;2,95;2,05
5,0;4,25;0,75
4,0;3,97;0,03
5,0;4,32;0,68
3,0;4,2;-1,2
5,0;3,84;1,16
5,0;4,95;0,05
5,0;4,73;0,27
5,0;4,5;0,5
5,0;4,52;0,48
5,0;3,6;1,4
5,0;4,28;0,72
5,0;4,76;0,24
1,0;4,41;-3,41
1,0;3,14;-2,14
5,0;4,71;0,29
5,0;3,89;1,11
4,0;4,64;-0,64
1,0;2,67;-1,67
5,0;3,24;1,76
4,0;4,3;-0,3
4,0;4,94;-0,94
3,5;3,33;0,17
5,0;4,72;0,28
5,0;2,98;2,02
5,0;3,99;1,01
3,0;4,6;-1,6
5,0;5,0;0,0
5,0;4,08;0,92
5,0;4,85;0,15
4,0;3,86;0,14
5,0;4,56;0,44
2,0;1,25;0,75
5,0;4,36;0,64
3,0;4,69;-1,69
5,0;3,36;1,64
5,0;4,53;0,47
5,0;4,43;0,57
4,0;4,66;-0,66
5,0;4,63;0,37
2,0;4,88;-2,88
5,0;4,16;0,84
4,0;4,35;-0,35
5,0;4,21;0,79
4,0;4,64;-0,64
2,0;4,73;-2,73
3,0;3,73;-0,73
4,0;4,85;-0,85
4,0;4,63;-0,63
5,0;4,37;0,63
3,0;3,95;-0,95
3,0;4,19;-1,19
5,0;4,66;0,34
5,0;4,52;0,48
4,0;3,55;0,45
5,0;4,47;0,53
3,0;3,16;-0,16
5,0;3,83;1,17
5,0;3,92;1,08
5,0;4,29;0,71
5,0;4,36;0,64
5,0;4,6;0,4
4,0;1,42;2,58
4,0;4,99;-0,99
5,0;3,27;1,73
5,0;4,51;0,49
5,0;4,95;0,05
4,0;4,73;-0,73
3,0;2,31;0,69
5,0;4,63;0,37
3,0;3,68;-0,68
5,0;3,63;1,37
0,0;2,01;-2,01
5,0;4,38;0,62
4,0;4,63;-0,63
5,0;4,64;0,36
4,0;3,24;0,76
5,0;3,77;1,23
5,0;4,74;0,26
5,0;4,87;0,13
1,0;1,43;-0,43
5,0;4,26;0,74
5,0;4,2;0,8
4,0;3,59;0,41
5,0;4,63;0,37
4,0;4,43;-0,43
5,0;4,2;0,8
4,0;4,15;-0,15
2,0;4,14;-2,14
5,0;4,41;0,59
3,0;3,47;-0,47
2,0;2,88;-0,88
4,0;3,92;0,08
5,0;4,0;1,0
5,0;4,82;0,18
5,0;4,23;0,77
5,0;4,52;0,48
4,0;4,4;-0,4
5,0;3,98;1,02
5,0;4,51;0,49
5,0;4,63;0,37
5,0;3,61;1,39
5,0;2,2;2,8
4,0;4,62;-0,62
5,0;4,39;0,61
1,0;2,76;-1,76
5,0;4,67;0,33
5,0;4,67;0,33
4,0;4,3;-0,3
5,0;4,07;0,93
5,0;4,9;0,1
5,0;3,99;1,01
4,0;4,72;-0,72
5,0;4,63;0,37
5,0;4,34;0,66
4,0;2,97;1,03
5,0;4,71;0,29
4,0;4,49;-0,49
2,0;4,68;-2,68
5,0;3,28;1,72
5,0;4,53;0,47
5,0;2,93;2,07
5,0;4,38;0,62
5,0;3,72;1,28
5,0;4,34;0,66
4,0;3,81;0,19
5,0;4,62;0,38
5,0;4,44;0,56
5,0;3,38;1,62
0,0;1,96;-1,96
1,0;4,55;-3,55
1,0;4,41;-3,41
5,0;3,82;1,18
5,0;4,73;0,27
5,0;3,85;1,15
4,0;4,54;-0,54
1,0;4,8;-3,8
5,0;3,44;1,56
4,0;4,2;-0,2
4,0;4,11;-0,11
4,0;2,07;1,93
1,0;1,59;-0,59
4,0;4,37;-0,37
5,0;4,69;0,31
2,0;4,66;-2,66
5,0;3,92;1,08
5,0;4,84;0,16
5,0;4,14;0,86
5,0;4,44;0,56
4,0;4,2;-0,2
5,0;3,87;1,13
1,0;1,84;-0,84
5,0;3,9;1,1
5,0;4,23;0,77
5,0;3,64;1,36
3,0;3,1;-0,1
5,0;4,41;0,59
1,0;4,49;-3,49
4,0;4,8;-0,8
5,0;3,78;1,22
5,0;4,13;0,87
5,0;4,44;0,56
5,0;4,26;0,74
4,0;4,32;-0,32
5,0;4,52;0,48
0,0;4,44;-4,44
5,0;4,2;0,8
5,0;4,23;0,77
5,0;3,95;1,05
5,0;4,65;0,35
5,0;4,44;0,56
5,0;4,06;0,94
1,0;4,61;-3,61
5,0;4,14;0,86
5,0;3,91;1,09
4,0;4,11;-0,11
5,0;4,31;0,69
1,0;4,33;-3,33
5,0;3,78;1,22
5,0;4,32;0,68
5,0;4,01;0,99
4,0;3,74;0,26
5,0;4,26;0,74
4,0;4,83;-0,83
5,0;4,8;0,2
5,0;4,13;0,87
4,0;3,72;0,28
5,0;3,86;1,14
4,0;4,8;-0,8
5,0;4,48;0,52
3,0;4,84;-1,84
5,0;4,38;0,62
4,0;4,52;-0,52
5,0;3,63;1,37
5,0;4,58;0,42
5,0;4,56;0,44
4,0;4,85;-0,85
5,0;4,52;0,48
2,0;4,64;-2,64
5,0;4,87;0,13
5,0;3,67;1,33
5,0;1,69;3,31
1,0;4,26;-3,26
1,0;2,01;-1,01
5,0;4,99;0,01
5,0;4,44;0,56
5,0;4,7;0,3
0,0;2,15;-2,15
2,0;3,54;-1,54
5,0;4,42;0,58
1,0;4,9;-3,9
5,0;4,18;0,82
4,0;4,33;-0,33
5,0;4,7;0,3
1,0;4,85;-3,85
5,0;4,02;0,98
5,0;4,95;0,05
2,0;4,32;-2,32
5,0;4,84;0,16
5,0;4,42;0,58
1,0;2,38;-1,38
1,0;4,32;-3,32
3,0;4,49;-1,49
5,0;4,29;0,71
1,0;3,52;-2,52
5,0;4,41;0,59
5,0;4,74;0,26
5,0;4,1;0,9
5,0;4,42;0,58
5,0;4,56;0,44
5,0;4,6;0,4
0,0;1,49;-1,49
5,0;4,99;0,01
5,0;4,36;0,64
4,0;3,96;0,04
1,0;3,97;-2,97
5,0;4,61;0,39
3,0;3,46;-0,46
5,0;4,9;0,1
3,0;3,25;-0,25
5,0;4,31;0,69
5,0;4,07;0,93
4,0;4,09;-0,09
3,0;4,25;-1,25
2,0;1,97;0,03
5,0;2,81;2,19
4,0;4,71;-0,71
5,0;4,86;0,14
4,0;4,59;-0,59
5,0;2,96;2,04
5,0;4,38;0,62
1,0;3,68;-2,68
5,0;4,19;0,81
4,0;4,5;-0,5
5,0;4,56;0,44
5,0;4,06;0,94
5,0;4,49;0,51
5,0;4,84;0,16
4,0;3,64;0,36
1,0;3,75;-2,75
1,0;3,76;-2,76
5,0;3,4;1,6
3,0;3,89;-0,89
5,0;4,85;0,15
5,0;2,93;2,07
5,0;3,52;1,48
4,0;4,62;-0,62
4,0;4,59;-0,59
4,0;4,2;-0,2
5,0;4,73;0,27
5,0;4,56;0,44
1,0;1,3;-0,3
5,0;4,33;0,67
5,0;4,47;0,53
4,0;4,27;-0,27
1,0;3,49;-2,49
1,0;2,81;-1,81
5,0;3,29;1,71
1,0;3,29;-2,29
5,0;4,05;0,95
5,0;4,22;0,78
4,0;4,83;-0,83
5,0;4,56;0,44
5,0;4,52;0,48
2,0;2,02;-0,02
5,0;4,67;0,33
3,0;3,75;-0,75
3,0;4,62;-1,62
5,0;4,74;0,26
3,0;4,8;-1,8
1,0;4,79;-3,79
5,0;4,28;0,72
5,0;3,39;1,61
5,0;4,36;0,64
5,0;4,16;0,84
5,0;4,66;0,34
4,0;4,38;-0,38
5,0;4,37;0,63
5,0;4,14;0,86
5,0;4,75;0,25
3,0;4,12;-1,12
5,0;4,45;0,55
5,0;4,0;1,0
4,0;3,73;0,27
4,0;4,51;-0,51
5,0;4,3;0,7
5,0;4,41;0,59
4,0;2,95;1,05
5,0;4,36;0,64
5,0;3,95;1,05
5,0;3,75;1,25
4,0;4,24;-0,24
4,0;4,47;-0,47
5,0;2,84;2,16
5,0;4,32;0,68
5,0;4,54;0,46
5,0;4,56;0,44
4,0;4,37;-0,37
5,0;4,76;0,24
5,0;2,12;2,88
5,0;4,34;0,66
5,0;4,84;0,16
5,0;4,11;0,89
5,0;4,34;0,66
4,0;3,9;0,1
5,0;2,86;2,14
5,0;4,36;0,64
5,0;4,09;0,91
5,0;4,3;0,7
2,0;4,18;-2,18
5,0;3,31;1,69
5,0;4,38;0,62
1,0;1,73;-0,73
5,0;4,84;0,16
3,0;2,96;0,04
5,0;4,45;0,55
4,0;4,68;-0,68
4,0;3,51;0,49
4,0;3,75;0,25
5,0;4,12;0,88
1,0;3,47;-2,47
5,0;4,01;0,99
2,0;3,08;-1,08
3,0;2,83;0,17
5,0;4,47;0,53
4,0;4,25;-0,25
5,0;3,95;1,05
5,0;4,9;0,1
5,0;4,27;0,73
4,0;4,26;-0,26
4,5;4,08;0,42
5,0;4,45;0,55
4,0;4,59;-0,59
5,0;4,06;0,94
5,0;4,94;0,06
4,0;4,41;-0,41
5,0;4,52;0,48
5,0;2,44;2,56
5,0;2,81;2,19
5,0;4,45;0,55
3,0;3,63;-0,63
0,0;4,26;-4,26
3,0;3,88;-0,88
3,0;3,87;-0,87
5,0;4,78;0,22
5,0;3,79;1,21
4,0;4,07;-0,07
2,0;1,54;0,46
2,0;4,21;-2,21
1,0;3,91;-2,91
3,0;4,48;-1,48
3,0;4,95;-1,95
5,0;4,62;0,38
5,0;1,91;3,09
1,0;4,18;-3,18
5,0;4,35;0,65
1,0;2,12;-1,12
4,0;4,47;-0,47
3,0;1,8;1,2
4,0;4,86;-0,86
3,0;4,77;-1,77
5,0;3,7;1,3
4,0;4,42;-0,42
5,0;3,85;1,15
2,0;1,63;0,37
5,0;4,57;0,43
4,0;4,58;-0,58
4,0;4,38;-0,38
5,0;3,92;1,08
3,0;3,98;-0,98
5,0;3,96;1,04
4,0;3,57;0,43
5,0;4,24;0,76
5,0;4,11;0,89
4,0;4,59;-0,59
1,0;1,64;-0,64
4,0;4,39;-0,39
4,0;4,44;-0,44
5,0;4,36;0,64
1,0;4,34;-3,34
3,0;4,57;-1,57
3,0;4,36;-1,36
5,0;4,22;0,78
5,0;3,83;1,17
5,0;3,68;1,32
5,0;4,25;0,75
5,0;4,12;0,88
5,0;4,57;0,43
5,0;4,53;0,47
5,0;3,78;1,22
5,0;4,08;0,92
5,0;3,48;1,52
5,0;4,5;0,5
1,0;4,29;-3,29
1,0;1,37;-0,37
5,0;4,66;0,34
1,0;1,1;-0,1
5,0;4,32;0,68
3,0;3,92;-0,92
1,0;1,92;-0,92
5,0;4,65;0,35
5,0;4,67;0,33
5,0;4,77;0,23
1,0;2,38;-1,38
4,0;4,21;-0,21
4,0;4,81;-0,81
5,0;4,13;0,87
5,0;4,24;0,76
5,0;3,63;1,37
4,0;4,66;-0,66
5,0;4,25;0,75
4,0;4,6;-0,6
5,0;5,0;0,0
5,0;4,74;0,26
4,0;4,05;-0,05
4,0;4,14;-0,14
5,0;4,06;0,94
5,0;3,38;1,62
5,0;3,8;1,2
3,0;3,14;-0,14
5,0;4,58;0,42
5,0;3,95;1,05
5,0;4,84;0,16
5,0;3,95;1,05
5,0;3,97;1,03
5,0;4,37;0,63
1,0;1,62;-0,62
3,0;4,28;-1,28
0,0;4,51;-4,51
4,0;4,55;-0,55
5,0;4,55;0,45
1,0;2,62;-1,62
4,0;4,3;-0,3
5,0;4,92;0,08
4,3636;3,98;0,38
4,0;4,21;-0,21
5,0;4,57;0,43
4,0;4,39;-0,39
4,0;1,9;2,1
4,0;4,63;-0,63
5,0;4,93;0,07
5,0;4,54;0,46
2,0;3,66;-1,66
5,0;3,52;1,48
4,0;4,94;-0,94
5,0;4,73;0,27
5,0;4,76;0,24
4,0;4,31;-0,31
5,0;4,55;0,45
5,0;4,27;0,73
1,0;1,49;-0,49
5,0;4,41;0,59
4,0;4,09;-0,09
5,0;4,54;0,46
5,0;4,94;0,06
5,0;4,28;0,72
5,0;3,36;1,64
4,0;4,1;-0,1
5,0;4,5;0,5
4,0;3,51;0,49
5,0;4,33;0,67
4,0;4,98;-0,98
4,0;3,72;0,28
5,0;3,59;1,41
5,0;4,42;0,58
5,0;4,19;0,81
1,0;2,06;-1,06
5,0;4,91;0,09
5,0;3,36;1,64
4,0;3,73;0,27
3,0;3,82;-0,82
5,0;4,34;0,66
4,0;4,35;-0,35
5,0;4,08;0,92
3,0;4,04;-1,04
5,0;4,64;0,36
5,0;4,49;0,51
5,0;3,8;1,2
4,0;4,76;-0,76
4,0;4,4;-0,4
4,0;3,53;0,47
4,0;2,52;1,48
3,0;4,77;-1,77
5,0;4,91;0,09
4,0;4,42;-0,42
5,0;3,33;1,67
5,0;4,24;0,76
4,0;4,76;-0,76
5,0;4,15;0,85
1,0;1,53;-0,53
5,0;4,79;0,21
5,0;4,98;0,02
4,0;4,29;-0,29
1,0;2,37;-1,37
1,5714;4,4;-2,83
1,0;4,18;-3,18
4,0;2,78;1,22
5,0;4,09;0,91
5,0;2,68;2,32
5,0;4,76;0,24
5,0;3,58;1,42
2,0;4,71;-2,71
5,0;4,49;0,51
5,0;4,26;0,74
5,0;4,57;0,43
5,0;4,23;0,77
5,0;4,35;0,65
3,0;4,0;-1,0
5,0;3,92;1,08
2,0;4,48;-2,48
4,0;3,78;0,22
3,0;3,93;-0,93
5,0;4,47;0,53
5,0;4,31;0,69
5,0;4,25;0,75
5,0;4,5;0,5
5,0;3,39;1,61
5,0;4,5;0,5
5,0;4,33;0,67
5,0;3,5;1,5
5,0;4,1;0,9
5,0;4,79;0,21
5,0;4,64;0,36
1,0;3,77;-2,77
1,0;2,68;-1,68
4,0;4,06;-0,06
5,0;3,61;1,39
4,0;4,75;-0,75
3,0;2,1;0,9
3,0;4,03;-1,03
4,0;4,8;-0,8
5,0;3,96;1,04
5,0;4,09;0,91
1,0;1,46;-0,46
4,0;4,4;-0,4
5,0;4,7;0,3
4,0;4,54;-0,54
3,0;3,63;-0,63
1,0;3,73;-2,73
4,0;4,33;-0,33
5,0;4,26;0,74
5,0;4,17;0,83
5,0;4,79;0,21
5,0;4,43;0,57
5,0;4,43;0,57
5,0;4,29;0,71
3,0;4,12;-1,12
5,0;2,73;2,27
3,0;3,98;-0,98
5,0;4,29;0,71
5,0;4,62;0,38
4,0;4,34;-0,34
1,0;1,48;-0,48
5,0;4,65;0,35
5,0;4,16;0,84
5,0;4,68;0,32
5,0;2,14;2,86
4,0;4,25;-0,25
5,0;4,87;0,13
1,0;4,19;-3,19
5,0;3,93;1,07
5,0;5,0;0,0
5,0;4,97;0,03
5,0;4,54;0,46
5,0;4,39;0,61
5,0;3,68;1,32
5,0;3,51;1,49
5,0;4,06;0,94
5,0;4,5;0,5
5,0;4,79;0,21
4,0;4,9;-0,9
5,0;3,59;1,41
5,0;4,39;0,61
1,0;4,52;-3,52
5,0;4,32;0,68
4,0;2,85;1,15
5,0;4,04;0,96
5,0;3,86;1,14
3,0;3,81;-0,81
5,0;3,46;1,54
5,0;3,13;1,87
5,0;4,29;0,71
1,0;3,95;-2,95
5,0;4,96;0,04
5,0;3,96;1,04
4,0;4,86;-0,86
5,0;4,12;0,88
5,0;4,53;0,47
5,0;4,99;0,01
3,0;4,08;-1,08
2,0;4,55;-2,55
2,0;4,82;-2,82
1,0;3,68;-2,68
5,0;4,97;0,03
5,0;4,03;0,97
3,0;4,24;-1,24
5,0;4,38;0,62
5,0;4,03;0,97
3,0;4,67;-1,67
4,0;3,98;0,02
5,0;4,25;0,75
5,0;3,1;1,9
4,0;4,35;-0,35
5,0;4,26;0,74
1,0;4,67;-3,67
4,0;4,2;-0,2
5,0;4,63;0,37
4,0;3,1;0,9
5,0;4,32;0,68
5,0;4,08;0,92
5,0;3,26;1,74
5,0;3,69;1,31
1,0;3,72;-2,72
5,0;4,5;0,5
5,0;4,62;0,38
5,0;4,23;0,77
5,0;3,54;1,46
3,0;3,48;-0,48
5,0;4,29;0,71
5,0;3,95;1,05
1,0;4,64;-3,64
5,0;3,66;1,34
5,0;4,51;0,49
4,0;4,31;-0,31
5,0;1,83;3,17
5,0;4,69;0,31
5,0;4,7;0,3
4,0;4,87;-0,87
4,0;4,36;-0,36
5,0;4,39;0,61
4,0;4,24;-0,24
5,0;4,76;0,24
4,0;3,72;0,28
5,0;3,84;1,16
5,0;4,28;0,72
5,0;4,7;0,3
2,0;4,44;-2,44
4,0;4,66;-0,66
3,0;3,78;-0,78
5,0;4,75;0,25
5,0;3,92;1,08
5,0;3,38;1,62
5,0;4,11;0,89
2,0;3,52;-1,52
5,0;4,7;0,3
2,0;1,47;0,53
1,0;4,58;-3,58
3,0;4,43;-1,43
5,0;4,83;0,17
4,0;3,53;0,47
4,0;4,76;-0,76
5,0;4,57;0,43
4,0;4,55;-0,55
5,0;4,94;0,06
1,0;4,33;-3,33
5,0;3,77;1,23
3,0;4,14;-1,14
5,0;4,63;0,37
5,0;4,58;0,42
5,0;3,98;1,02
1,0;1,16;-0,16
5,0;3,15;1,85
5,0;3,29;1,71
5,0;4,84;0,16
4,0;4,23;-0,23
5,0;2,73;2,27
2,0;2,13;-0,13
4,0;3,22;0,78
5,0;3,32;1,68
1,0;1,98;-0,98
5,0;4,96;0,04
2,0;1,63;0,37
5,0;4,44;0,56
5,0;4,26;0,74
5,0;4,71;0,29
1,0;2,21;-1,21
5,0;4,89;0,11
3,0;3,96;-0,96
4,0;4,94;-0,94
5,0;1,49;3,51
5,0;3,4;1,6
5,0;4,53;0,47
5,0;4,76;0,24
5,0;4,36;0,64
5,0;4,12;0,88
4,0;4,39;-0,39
2,0;1,03;0,97
5,0;4,93;0,07
2,0;2,65;-0,65
2,0;4,38;-2,38
2,0;4,45;-2,45
5,0;4,59;0,41
4,0;4,21;-0,21
5,0;3,71;1,29
4,0;4,69;-0,69
5,0;4,35;0,65
4,0;4,48;-0,48
1,0;4,13;-3,13
5,0;4,28;0,72
1,0;1,46;-0,46
2,0;3,28;-1,28
3,0;4,44;-1,44
4,0;4,38;-0,38
4,0;3,74;0,26
5,0;4,14;0,86
5,0;4,87;0,13
3,0;4,13;-1,13
5,0;4,32;0,68
5,0;4,82;0,18
4,0;4,56;-0,56
4,0;3,73;0,27
0,0;1,97;-1,97
1,0;2,01;-1,01
3,0;3,96;-0,96
5,0;4,26;0,74
3,0;4,47;-1,47
4,0;4,54;-0,54
5,0;3,34;1,66
4,0;4,65;-0,65
5,0;3,72;1,28
5,0;3,78;1,22
1,0;3,82;-2,82
4,0;4,83;-0,83
5,0;4,55;0,45
5,0;4,73;0,27
4,0;3,93;0,07
5,0;4,6;0,4
5,0;4,83;0,17
4,0;4,03;-0,03
2,0;4,24;-2,24
5,0;4,42;0,58
5,0;4,68;0,32
5,0;3,76;1,24
5,0;4,53;0,47
4,0;4,42;-0,42
5,0;4,24;0,76
5,0;3,23;1,77
5,0;4,01;0,99
4,0;3,99;0,01
4,0;4,15;-0,15
4,0;3,84;0,16
5,0;4,03;0,97
5,0;4,35;0,65
5,0;3,77;1,23
5,0;4,75;0,25
3,0;2,41;0,59
5,0;4,74;0,26
5,0;2,62;2,38
5,0;4,68;0,32
1,0;3,68;-2,68
4,0;4,06;-0,06
2,0;4,01;-2,01
5,0;4,5;0,5
5,0;3,29;1,71
5,0;4,58;0,42
5,0;3,73;1,27
5,0;4,44;0,56
4,0;2,6;1,4
3,0;1,9;1,1
2,0;3,79;-1,79
5,0;4,51;0,49
1,0;3,7;-2,7
5,0;3,9;1,1
3,0;4,55;-1,55
5,0;4,36;0,64
0,0;3,7;-3,7
5,0;4,62;0,38
3,0;3,2;-0,2
5,0;4,47;0,53
5,0;3,7;1,3
5,0;4,8;0,2
5,0;3,97;1,03
1,0;4,82;-3,82
4,0;4,44;-0,44
1,0;4,3;-3,3
5,0;3,84;1,16
5,0;4,44;0,56
5,0;4,33;0,67
5,0;3,23;1,77
4,0;4,41;-0,41
5,0;3,91;1,09
5,0;3,89;1,11
5,0;2,44;2,56
4,0;4,2;-0,2
5,0;4,43;0,57
5,0;4,2;0,8
4,0;4,03;-0,03
5,0;4,24;0,76
1,0;4,7;-3,7
4,0;4,23;-0,23
5,0;4,88;0,12
4,0;4,14;-0,14
3,0;3,89;-0,89
5,0;4,85;0,15
5,0;3,67;1,33
1,0;2,79;-1,79
4,0;4,57;-0,57
4,0;4,34;-0,34
2,0;4,42;-2,42
4,0;4,21;-0,21
4,0;4,94;-0,94
3,0;2,5;0,5
5,0;4,48;0,52
1,0;1,46;-0,46
5,0;3,98;1,02
5,0;4,66;0,34
4,0;4,47;-0,47
3,0;3,8;-0,8
1,0;1,9;-0,9
5,0;4,43;0,57
1,0;4,03;-3,03
5,0;3,44;1,56
5,0;2,92;2,08
5,0;3,92;1,08
5,0;4,52;0,48
5,0;4,91;0,09
5,0;3,66;1,34
5,0;4,45;0,55
5,0;4,59;0,41
3,0;4,89;-1,89
5,0;4,34;0,66
1,0;4,02;-3,02
3,0;1,58;1,42
5,0;4,4;0,6
5,0;4,49;0,51
1,0;4,22;-3,22
3,0;3,94;-0,94
1,0;4,39;-3,39
4,0;4,54;-0,54
3,0;4,83;-1,83
5,0;4,05;0,95
4,0;4,42;-0,42
5,0;4,63;0,37
4,0;4,56;-0,56
4,0;4,81;-0,81
5,0;3,92;1,08
5,0;4,45;0,55
5,0;2,54;2,46
4,0;4,11;-0,11
5,0;4,33;0,67
5,0;4,8;0,2
5,0;4,34;0,66
5,0;4,17;0,83
5,0;2,99;2,01
5,0;4,63;0,37
1,0;2,72;-1,72
2,0;1,61;0,39
5,0;3,08;1,92
3,0;4,93;-1,93
5,0;4,47;0,53
5,0;4,1;0,9
5,0;4,2;0,8
3,0;1,61;1,39
5,0;3,89;1,11
5,0;3,84;1,16
5,0;4,15;0,85
5,0;4,57;0,43
4,0;4,01;-0,01
3,0;4,96;-1,96
3,0;4,77;-1,77
1,0;1,5;-0,5
5,0;4,29;0,71
1,0;1,91;-0,91
4,0;3,16;0,84
5,0;4,17;0,83
2,0;3,78;-1,78
3,0;4,9;-1,9
5,0;2,74;2,26
5,0;4,54;0,46
5,0;4,72;0,28
5,0;4,44;0,56
5,0;3,25;1,75
5,0;3,98;1,02
5,0;4,81;0,19
5,0;4,23;0,77
3,0;3,22;-0,22
5,0;4,18;0,82
5,0;4,23;0,77
5,0;4,54;0,46
4,0;4,48;-0,48
4,0;4,35;-0,35
5,0;4,59;0,41
5,0;4,42;0,58
4,0;4,07;-0,07
5,0;3,66;1,34
1,0;2,35;-1,35
4,0;3,35;0,65
5,0;4,34;0,66
5,0;4,18;0,82
1,0;3,79;-2,79
1,0;4,27;-3,27
5,0;2,91;2,09
2,0;2,79;-0,79
5,0;4,11;0,89
3,0;1,82;1,18
5,0;4,78;0,22
5,0;4,23;0,77
3,0;4,53;-1,53
3,0;3,68;-0,68
3,0;3,44;-0,44
5,0;4,99;0,01
1,0;1,85;-0,85
2,0;4,12;-2,12
5,0;4,31;0,69
5,0;3,66;1,34
5,0;4,1;0,9
5,0;3,29;1,71
5,0;4,69;0,31
1,0;2,02;-1,02
4,0;4,37;-0,37
3,0;4,45;-1,45
5,0;4,26;0,74
5,0;4,74;0,26
5,0;4,67;0,33
5,0;4,13;0,87
4,0;1,3;2,7
1,0;4,53;-3,53
5,0;4,25;0,75
5,0;4,88;0,12
5,0;4,68;0,32
5,0;4,07;0,93
5,0;3,35;1,65
3,0;1,4;1,6
5,0;4,25;0,75
5,0;4,4;0,6
1,0;2,54;-1,54
5,0;4,13;0,87
4,0;4,37;-0,37
3,0;4,14;-1,14
1,0;5,0;-4,0
2,0;3,44;-1,44
5,0;4,84;0,16
5,0;3,52;1,48
4,0;4,79;-0,79
5,0;4,69;0,31
5,0;3,36;1,64
4,0;3,66;0,34
5,0;4,94;0,06
3,0;4,46;-1,46
1,0;2,88;-1,88
1,0;4,42;-3,42
1,0;3,71;-2,71
5,0;4,69;0,31
5,0;4,28;0,72
5,0;4,38;0,62
3,0;1,21;1,79
3,0;4,27;-1,27
5,0;4,24;0,76
5,0;4,65;0,35
5,0;3,54;1,46
1,0;4,28;-3,28
4,0;4,92;-0,92
4,0;4,54;-0,54
5,0;4,5;0,5
5,0;4,28;0,72
5,0;4,1;0,9
5,0;4,8;0,2
1,0;4,31;-3,31
4,0;3,46;0,54
5,0;4,24;0,76
4,0;4,46;-0,46
5,0;4,56;0,44
3,0;4,22;-1,22
4,0;4,41;-0,41
2,0;3,81;-1,81
5,0;3,56;1,44
2,0;4,53;-2,53
5,0;3,59;1,41
5,0;4,08;0,92
3,0;4,13;-1,13
4,0;4,97;-0,97
1,0;4,7;-3,7
4,0;2,87;1,13
5,0;4,75;0,25
1,0;1,53;-0,53
5,0;3,76;1,24
4,0;3,95;0,05
4,0;3,83;0,17
5,0;4,08;0,92
5,0;4,78;0,22
1,5;4,18;-2,68
3,0;4,52;-1,52
5,0;3,98;1,02
5,0;3,85;1,15
5,0;4,73;0,27
3,0;3,6;-0,6
5,0;2,55;2,45
4,0;4,73;-0,73
4,0;3,21;0,79
5,0;4,89;0,11
5,0;4,65;0,35
3,0;4,65;-1,65
4,0;4,33;-0,33
3,0;3,12;-0,12
5,0;4,91;0,09
1,0;2,04;-1,04
4,0;2,01;1,99
5,0;4,62;0,38
5,0;4,73;0,27
5,0;4,63;0,37
5,0;4,92;0,08
5,0;3,87;1,13
4,5;3,12;1,38
1,0;1,72;-0,72
5,0;4,48;0,52
5,0;4,65;0,35
5,0;4,2;0,8
4,0;4,12;-0,12
5,0;2,12;2,88
5,0;4,46;0,54
5,0;5,0;0,0
5,0;4,51;0,49
4,5;4,38;0,12
5,0;4,19;0,81
5,0;4,65;0,35
5,0;4,93;0,07
5,0;3,44;1,56
5,0;3,31;1,69
5,0;4,47;0,53
5,0;4,27;0,73
5,0;1,46;3,54
5,0;4,46;0,54
4,0;4,48;-0,48
1,0;1,43;-0,43
3,0;4,12;-1,12
5,0;4,7;0,3
4,0;4,68;-0,68
5,0;4,46;0,54
5,0;4,96;0,04
1,0;2,46;-1,46
5,0;4,79;0,21
5,0;4,83;0,17
5,0;4,67;0,33
1,0;1,3;-0,3
1,0;1,64;-0,64
5,0;4,47;0,53
5,0;4,09;0,91
5,0;4,38;0,62
5,0;4,81;0,19
3,0;4,42;-1,42
4,0;2,44;1,56
4,0;4,5;-0,5
1,0;2,5;-1,5
5,0;4,62;0,38
1,0;4,08;-3,08
5,0;4,07;0,93
5,0;4,47;0,53
4,0;3,42;0,58
3,0;3,72;-0,72
5,0;4,52;0,48
5,0;4,63;0,37
5,0;4,1;0,9
5,0;3,93;1,07
5,0;3,86;1,14
4,0;4,57;-0,57
5,0;4,32;0,68
3,0;2,44;0,56
5,0;4,35;0,65
4,0;4,14;-0,14
5,0;3,61;1,39
1,0;3,72;-2,72
4,0;1,64;2,36
5,0;4,11;0,89
4,0;4,83;-0,83
4,0;3,51;0,49
5,0;4,07;0,93
3,0;4,66;-1,66
5,0;4,44;0,56
5,0;4,6;0,4
5,0;4,45;0,55
2,0;1,16;0,84
5,0;4,61;0,39
5,0;4,61;0,39
4,0;4,06;-0,06
4,0;4,4;-0,4
5,0;4,71;0,29
5,0;4,21;0,79
4,0;4,4;-0,4
1,0;1,64;-0,64
5,0;4,61;0,39
4,0;4,15;-0,15
4,0;4,43;-0,43
1,0;4,93;-3,93
5,0;4,44;0,56
4,0;1,74;2,26
5,0;4,49;0,51
4,0;4,34;-0,34
5,0;4,29;0,71
4,0;3,53;0,47
3,0;1,92;1,08
5,0;4,43;0,57
4,0;4,83;-0,83
5,0;4,55;0,45
5,0;4,07;0,93
5,0;4,8;0,2
5,0;3,92;1,08
4,0;4,67;-0,67
4,5;4,32;0,18
5,0;3,89;1,11
2,0;4,72;-2,72
5,0;4,6;0,4
4,0;3,74;0,26
1,0;2,81;-1,81
5,0;4,17;0,83
4,0;3,17;0,83
4,0;4,48;-0,48
5,0;4,72;0,28
5,0;4,66;0,34
5,0;4,54;0,46
1,0;4,95;-3,95
3,0;3,66;-0,66
5,0;3,91;1,09
5,0;4,55;0,45
4,0;3,97;0,03
5,0;4,44;0,56
5,0;4,91;0,09
5,0;4,27;0,73
2,0;1,16;0,84
5,0;4,45;0,55
5,0;3,87;1,13
4,0;3,34;0,66
5,0;3,24;1,76
4,0;4,86;-0,86
5,0;4,42;0,58
5,0;3,93;1,07
3,0;4,23;-1,23
5,0;4,99;0,01
5,0;2,84;2,16
5,0;4,74;0,26
4,0;4,45;-0,45
2,0;4,79;-2,79
5,0;4,5;0,5
0,0;4,68;-4,68
5,0;2,93;2,07
5,0;4,79;0,21
1,0;4,85;-3,85
5,0;3,5;1,5
5,0;4,78;0,22
5,0;3,93;1,07
4,0;4,67;-0,67
4,0;3,9;0,1
4,0;4,52;-0,52
4,0;4,24;-0,24
5,0;3,99;1,01
5,0;4,7;0,3
5,0;4,48;0,52
5,0;3,51;1,49
1,0;1,24;-0,24
5,0;4,65;0,35
4,0;4,34;-0,34
4,0;2,89;1,11
5,0;4,86;0,14
4,0;3,87;0,13
4,0;4,2;-0,2
5,0;3,8;1,2
5,0;4,43;0,57
5,0;4,05;0,95
5,0;3,88;1,12
5,0;4,23;0,77
5,0;3,59;1,41
5,0;4,4;0,6
3,0;4,42;-1,42
5,0;2,62;2,38
5,0;4,46;0,54
5,0;4,04;0,96
4,0;4,76;-0,76
4,0;2,98;1,02
4,0;4,8;-0,8
5,0;3,97;1,03
4,0;3,93;0,07
5,0;4,27;0,73
5,0;4,58;0,42
0,0;2,02;-2,02
5,0;4,48;0,52
1,0;4,24;-3,24
5,0;3,31;1,69
1,0;4,63;-3,63
1,0;1,94;-0,94
1,0;1,54;-0,54
5,0;4,76;0,24
1,0;3,54;-2,54
4,0;4,01;-0,01
5,0;4,75;0,25
3,0;2,22;0,78
5,0;3,35;1,65
5,0;4,69;0,31
1,0;3,09;-2,09
1,0;3,5;-2,5
3,0;4,26;-1,26
4,0;3,93;0,07
5,0;4,91;0,09
5,0;3,67;1,33
3,0;4,91;-1,91
5,0;4,23;0,77
4,0;3,73;0,27
5,0;3,82;1,18
3,0;4,72;-1,72
5,0;4,17;0,83
5,0;4,61;0,39
5,0;4,75;0,25
5,0;4,07;0,93
5,0;4,89;0,11
5,0;4,92;0,08
5,0;4,63;0,37
1,0;3,78;-2,78
1,0;4,13;-3,13
4,0;4,77;-0,77
5,0;4,73;0,27
4,0;4,51;-0,51
5,0;3,46;1,54
4,0;4,94;-0,94
1,0;4,08;-3,08
5,0;3,91;1,09
4,0;4,16;-0,16
5,0;3,96;1,04
5,0;4,46;0,54
0,0;2,43;-2,43
5,0;4,11;0,89
5,0;4,21;0,79
5,0;4,96;0,04
4,0;4,86;-0,86
5,0;3,99;1,01
5,0;4,67;0,33
5,0;4,59;0,41
4,0;3,88;0,12
5,0;3,38;1,62
5,0;4,52;0,48
5,0;4,74;0,26
5,0;4,44;0,56
3,0;4,58;-1,58
5,0;4,72;0,28
3,0;4,33;-1,33
5,0;3,81;1,19
3,0;4,36;-1,36
4,0;3,98;0,02
4,25;4,43;-0,18
5,0;4,64;0,36
5,0;4,13;0,87
4,0;4,58;-0,58
5,0;4,01;0,99
4,0;3,91;0,09
5,0;4,77;0,23
5,0;3,07;1,93
5,0;4,74;0,26
5,0;3,85;1,15
5,0;4,53;0,47
3,0;4,77;-1,77
1,0;1,64;-0,64
5,0;4,31;0,69
5,0;4,29;0,71
5,0;4,26;0,74
5,0;4,84;0,16
5,0;4,43;0,57
1,0;4,14;-3,14
5,0;4,38;0,62
4,0;4,14;-0,14
5,0;4,31;0,69
1,0;4,42;-3,42
5,0;4,8;0,2
5,0;4,27;0,73
5,0;4,05;0,95
5,0;3,66;1,34
1,0;4,31;-3,31
5,0;4,89;0,11
5,0;3,88;1,12
5,0;3,75;1,25
5,0;3,95;1,05
4,0;4,89;-0,89
5,0;4,81;0,19
5,0;4,38;0,62
4,0;4,87;-0,87
3,0;4,37;-1,37
5,0;4,78;0,22
5,0;3,98;1,02
2,0;3,36;-1,36
5,0;4,01;0,99
5,0;4,36;0,64
5,0;4,7;0,3
5,0;3,91;1,09
1,0;3,98;-2,98
4,0;3,98;0,02
5,0;3,88;1,12
5,0;4,65;0,35
5,0;4,34;0,66
3,0;4,21;-1,21
1,0;4,35;-3,35
5,0;4,01;0,99
4,0;4,42;-0,42
5,0;4,53;0,47
4,0;2,41;1,59
5,0;4,2;0,8
1,0;3,29;-2,29
5,0;1,32;3,68
5,0;4,27;0,73
5,0;4,24;0,76
5,0;4,75;0,25
5,0;4,22;0,78
4,0;4,73;-0,73
5,0;4,55;0,45
5,0;3,86;1,14
1,0;1,47;-0,47
1,0;1,42;-0,42
1,0;1,94;-0,94
5,0;4,46;0,54
2,0;4,48;-2,48
3,0;4,1;-1,1
5,0;4,32;0,68
5,0;4,28;0,72
5,0;1,84;3,16
5,0;4,93;0,07
3,0;4,21;-1,21
5,0;4,06;0,94
4,0;4,21;-0,21
5,0;4,19;0,81
5,0;3,98;1,02
5,0;4,56;0,44
5,0;4,14;0,86
4,0;4,5;-0,5
4,0;4,3;-0,3
5,0;4,98;0,02
4,0;3,03;0,97
5,0;4,58;0,42
4,0;1,68;2,32
1,0;4,66;-3,66
4,5;4,58;-0,08
5,0;4,01;0,99
1,0;2,29;-1,29
5,0;4,76;0,24
4,0;3,92;0,08
5,0;3,54;1,46
5,0;4,36;0,64
4,0;4,11;-0,11
1,0;1,93;-0,93
1,0;4,17;-3,17
5,0;4,95;0,05
5,0;4,38;0,62
1,0;4,62;-3,62
1,0;2,84;-1,84
4,0;4,66;-0,66
5,0;2,83;2,17
5,0;2,48;2,52
4,0;4,24;-0,24
1,0;1,21;-0,21
1,0;4,51;-3,51
4,0;3,67;0,33
3,0;3,34;-0,34
4,0;4,35;-0,35
5,0;4,72;0,28
5,0;3,45;1,55
3,0;4,79;-1,79
5,0;4,32;0,68
1,0;4,39;-3,39
4,0;4,25;-0,25
3,0;4,61;-1,61
0,0;1,32;-1,32
1,0;1,21;-0,21
4,0;2,6;1,4
5,0;4,2;0,8
5,0;4,64;0,36
1,0;2,36;-1,36
2,0;4,47;-2,47
5,0;4,13;0,87
4,0;4,75;-0,75
4,0;3,99;0,01
5,0;3,74;1,26
5,0;3,99;1,01
4,0;4,13;-0,13
4,0;4,57;-0,57
3,0;4,42;-1,42
5,0;3,24;1,76
1,0;2,06;-1,06
5,0;4,31;0,69
4,0;4,11;-0,11
5,0;4,45;0,55
3,0;4,35;-1,35
4,0;4,16;-0,16
4,0;4,84;-0,84
4,0;4,86;-0,86
1,0;4,19;-3,19
5,0;3,55;1,45
5,0;4,36;0,64
5,0;4,5;0,5
5,0;4,23;0,77
4,0;4,67;-0,67
5,0;4,52;0,48
1,0;1,23;-0,23
5,0;4,62;0,38
1,0;4,54;-3,54
5,0;4,18;0,82
5,0;2,94;2,06
5,0;4,52;0,48
5,0;4,56;0,44
5,0;4,47;0,53
3,0;3,86;-0,86
0,0;4,46;-4,46
0,0;3,49;-3,49
5,0;3,86;1,14
5,0;4,91;0,09
4,0;2,69;1,31
4,0;4,85;-0,85
3,0;4,68;-1,68
5,0;3,45;1,55
5,0;5,0;0,0
5,0;2,27;2,73
5,0;3,92;1,08
4,0;4,83;-0,83
3,5;3,44;0,06
5,0;4,55;0,45
1,0;4,65;-3,65
5,0;4,04;0,96
5,0;4,56;0,44
5,0;3,99;1,01
3,0;4,11;-1,11
5,0;3,28;1,72
1,0;2,66;-1,66
1,0;3,13;-2,13
3,0;2,36;0,64
3,0;3,99;-0,99
4,0;4,13;-0,13
3,0;4,68;-1,68
5,0;2,42;2,58
5,0;2,45;2,55
5,0;4,66;0,34
5,0;4,82;0,18
3,0;3,97;-0,97
5,0;4,33;0,67
5,0;4,07;0,93
4,0;1,26;2,74
4,0;4,27;-0,27
5,0;4,23;0,77
5,0;4,38;0,62
5,0;3,68;1,32
5,0;4,75;0,25
4,0;3,85;0,15
5,0;4,64;0,36
5,0;4,33;0,67
5,0;4,41;0,59
4,0;4,76;-0,76
5,0;4,91;0,09
5,0;4,85;0,15
4,0;4,11;-0,11
5,0;4,37;0,63
4,0;3,93;0,07
5,0;4,73;0,27
4,0;3,9;0,1
5,0;3,9;1,1
0,0;4,06;-4,06
1,0;4,27;-3,27
4,0;3,89;0,11
5,0;3,62;1,38
5,0;4,44;0,56
5,0;4,42;0,58
5,0;4,67;0,33
5,0;4,03;0,97
1,0;3,49;-2,49
1,0;3,24;-2,24
5,0;4,56;0,44
5,0;4,25;0,75
4,0;3,99;0,01
1,0;2,71;-1,71
5,0;4,12;0,88
4,0;4,11;-0,11
4,0;4,46;-0,46
5,0;4,77;0,23
5,0;4,48;0,52
3,0;4,65;-1,65
5,0;4,2;0,8
4,0;4,85;-0,85
5,0;3,56;1,44
1,0;1,16;-0,16
4,0;1,58;2,42
5,0;4,25;0,75
5,0;4,56;0,44
5,0;4,63;0,37
4,0;4,46;-0,46
1,0;2,04;-1,04
1,0;4,14;-3,14
5,0;4,07;0,93
0,0;1,57;-1,57
5,0;3,3;1,7
5,0;4,0;1,0
5,0;4,81;0,19
3,0;4,9;-1,9
2,0;1,44;0,56
5,0;4,47;0,53
5,0;3,76;1,24
4,0;3,79;0,21
5,0;2,89;2,11
4,0;3,68;0,32
5,0;4,08;0,92
3,0;2,3;0,7
5,0;4,55;0,45
4,0;4,2;-0,2
4,0;4,54;-0,54
5,0;4,46;0,54
5,0;4,72;0,28
5,0;4,39;0,61
5,0;4,52;0,48
5,0;3,06;1,94
4,0;4,64;-0,64
5,0;2,44;2,56
5,0;4,53;0,47
5,0;4,83;0,17
4,0;4,43;-0,43
5,0;3,71;1,29
1,0;3,92;-2,92
4,0;4,6;-0,6
3,0;4,09;-1,09
4,0;4,48;-0,48
5,0;4,14;0,86
5,0;3,86;1,14
5,0;4,38;0,62
5,0;4,5;0,5
5,0;3,56;1,44
5,0;4,49;0,51
5,0;4,35;0,65
5,0;4,12;0,88
5,0;4,27;0,73
5,0;4,63;0,37
5,0;4,38;0,62
1,0;4,32;-3,32
5,0;3,57;1,43
5,0;4,27;0,73
2,0;3,99;-1,99
4,0;4,33;-0,33
5,0;4,42;0,58
4,0;4,74;-0,74
5,0;4,41;0,59
4,0;2,18;1,82
5,0;4,49;0,51
5,0;3,26;1,74
5,0;4,55;0,45
5,0;4,37;0,63
5,0;4,2;0,8
2,6667;4,01;-1,34
2,0;3,87;-1,87
5,0;3,76;1,24
5,0;4,85;0,15
5,0;3,84;1,16
2,0;2,75;-0,75
5,0;4,2;0,8
5,0;4,26;0,74
4,0;3,73;0,27
5,0;3,53;1,47
4,0;4,1;-0,1
5,0;4,71;0,29
4,0;3,04;0,96
5,0;4,65;0,35
5,0;4,87;0,13
5,0;4,56;0,44
5,0;4,44;0,56
5,0;3,45;1,55
5,0;3,91;1,09
5,0;4,76;0,24
5,0;4,23;0,77
2,0;2,76;-0,76
5,0;4,81;0,19
5,0;3,79;1,21
1,0;4,08;-3,08
5,0;4,87;0,13
4,0;4,38;-0,38
4,0;4,43;-0,43
3,0;3,57;-0,57
4,0;3,64;0,36
5,0;3,99;1,01
4,0;5,0;-1,0
4,0;2,54;1,46
4,0;4,56;-0,56
5,0;4,81;0,19
4,0;4,69;-0,69
5,0;4,5;0,5
5,0;4,68;0,32
5,0;4,91;0,09
5,0;3,25;1,75
5,0;4,31;0,69
1,0;4,25;-3,25
5,0;4,21;0,79
3,0;3,91;-0,91
4,0;4,27;-0,27
5,0;3,86;1,14
2,0;4,54;-2,54
3,0;4,97;-1,97
5,0;4,36;0,64
5,0;4,34;0,66
4,0;4,02;-0,02
5,0;4,15;0,85
4,0;4,72;-0,72
5,0;1,58;3,42
5,0;3,89;1,11
1,0;1,28;-0,28
1,0;3,79;-2,79
5,0;4,6;0,4
3,0;4,84;-1,84
1,0;1,19;-0,19
1,0;4,01;-3,01
5,0;4,16;0,84
5,0;3,72;1,28
4,0;2,39;1,61
5,0;4,68;0,32
5,0;3,34;1,66
4,0;4,26;-0,26
4,0;4,36;-0,36
5,0;3,46;1,54
5,0;4,46;0,54
5,0;4,94;0,06
1,0;1,5;-0,5
3,0;4,32;-1,32
4,0;4,36;-0,36
5,0;4,52;0,48
5,0;4,11;0,89
1,0;4,15;-3,15
1,0;4,96;-3,96
5,0;2,41;2,59
5,0;4,96;0,04
5,0;4,64;0,36
5,0;4,41;0,59
5,0;4,64;0,36
5,0;3,84;1,16
1,0;4,38;-3,38
5,0;3,15;1,85
4,0;4,94;-0,94
5,0;4,41;0,59
5,0;3,94;1,06
4,0;3,74;0,26
3,0;4,7;-1,7
4,0;4,22;-0,22
5,0;4,36;0,64
5,0;4,21;0,79
5,0;4,8;0,2
4,0;4,5;-0,5
5,0;3,92;1,08
1,0;4,11;-3,11
5,0;4,11;0,89
5,0;4,76;0,24
5,0;4,66;0,34
2,0;3,34;-1,34
4,0;3,17;0,83
1,0;1,59;-0,59
5,0;4,4;0,6
5,0;4,36;0,64
5,0;4,33;0,67
5,0;3,18;1,82
4,0;3,54;0,46
5,0;4,26;0,74
5,0;4,52;0,48
5,0;2,52;2,48
5,0;3,84;1,16
1,0;3,38;-2,38
4,0;3,84;0,16
5,0;3,9;1,1
5,0;3,96;1,04
1,0;1,52;-0,52
4,0;3,47;0,53
4,0;3,45;0,55
1,0;4,07;-3,07
5,0;2,62;2,38
2,0;4,46;-2,46
2,0;3,69;-1,69
1,0;4,42;-3,42
5,0;4,12;0,88
4,0;4,75;-0,75
1,0;4,45;-3,45
4,0;3,8;0,2
4,0;4,55;-0,55
5,0;4,91;0,09
1,0;1,94;-0,94
5,0;3,59;1,41
5,0;4,7;0,3
1,0;4,44;-3,44
4,0;3,99;0,01
4,0;3,79;0,21
5,0;3,75;1,25
1,0;3,69;-2,69
5,0;3,43;1,57
5,0;4,11;0,89
5,0;4,83;0,17
5,0;4,08;0,92
5,0;4,83;0,17
5,0;4,45;0,55
3,0;4,95;-1,95
5,0;4,43;0,57
5,0;4,12;0,88
5,0;3,84;1,16
5,0;3,75;1,25
1,0;1,49;-0,49
5,0;4,3;0,7
5,0;4,31;0,69
4,0;4,0;0,0
4,0;4,38;-0,38
4,0;4,42;-0,42
5,0;4,5;0,5
4,0;4,07;-0,07
3,0;4,96;-1,96
5,0;4,07;0,93
4,0;4,72;-0,72
1,0;4,68;-3,68
4,0;4,37;-0,37
3,0;1,39;1,61
3,0;1,51;1,49
5,0;4,05;0,95
5,0;4,82;0,18
5,0;4,67;0,33
4,0;3,92;0,08
5,0;4,21;0,79
5,0;4,9;0,1
5,0;4,32;0,68
5,0;4,34;0,66
4,0;4,33;-0,33
4,0;4,64;-0,64
4,0;4,71;-0,71
4,0;4,49;-0,49
4,0;4,63;-0,63
5,0;4,59;0,41
5,0;3,56;1,44
3,0;4,59;-1,59
4,0;4,15;-0,15
3,0;3,89;-0,89
1,0;2,16;-1,16
5,0;3,95;1,05
5,0;4,44;0,56
5,0;4,12;0,88
4,0;4,24;-0,24
1,0;1,62;-0,62
3,0;4,76;-1,76
2,0;3,78;-1,78
5,0;4,71;0,29
4,5;3,96;0,54
5,0;4,13;0,87
1,0;2,92;-1,92
1,0;3,66;-2,66
3,0;3,87;-0,87
1,0;1,8;-0,8
5,0;4,38;0,62
4,0;4,57;-0,57
5,0;4,31;0,69
4,0;4,36;-0,36
5,0;4,33;0,67
5,0;4,47;0,53
5,0;3,57;1,43
5,0;3,91;1,09
5,0;4,06;0,94
1,0;4,35;-3,35
4,0;3,67;0,33
4,0;4,69;-0,69
1,0;3,84;-2,84
3,0;3,19;-0,19
1,0;4,48;-3,48
5,0;3,62;1,38
4,0;4,5;-0,5
5,0;4,7;0,3
5,0;4,6;0,4
4,0;4,47;-0,47
5,0;2,84;2,16
1,0;1,22;-0,22
5,0;4,5;0,5
4,0;4,1;-0,1
3,0;3,57;-0,57
1,0;4,62;-3,62
4,0;4,12;-0,12
5,0;4,48;0,52
5,0;4,11;0,89
5,0;3,31;1,69
4,0;2,96;1,04
5,0;4,07;0,93
5,0;2,75;2,25
5,0;3,92;1,08
3,0;4,82;-1,82
4,0;4,35;-0,35
1,0;1,67;-0,67
2,0;1,96;0,04
5,0;4,7;0,3
5,0;3,53;1,47
5,0;4,64;0,36
3,0;4,31;-1,31
4,0;4,05;-0,05
4,5;4,61;-0,11
3,0;4,97;-1,97
5,0;3,19;1,81
5,0;4,62;0,38
5,0;3,79;1,21
3,0;4,5;-1,5
5,0;4,5;0,5
5,0;4,7;0,3
4,0;3,75;0,25
5,0;4,38;0,62
1,0;2,51;-1,51
5,0;4,56;0,44
4,0;3,6;0,4
1,0;2,14;-1,14
3,0;3,73;-0,73
4,0;3,71;0,29
5,0;4,29;0,71
3,0;4,32;-1,32
4,0;4,67;-0,67
3,0;4,86;-1,86
1,0;2,46;-1,46
5,0;3,54;1,46
5,0;4,68;0,32
5,0;4,83;0,17
5,0;3,5;1,5
5,0;4,56;0,44
4,0;4,94;-0,94
3,5;3,87;-0,37
3,0;1,0;2,0
3,0;4,52;-1,52
5,0;4,12;0,88
5,0;4,67;0,33
5,0;4,73;0,27
1,0;2,61;-1,61
4,0;3,86;0,14
5,0;4,0;1,0
5,0;4,8;0,2
4,0;3,07;0,93
5,0;4,18;0,82
4,0;3,97;0,03
5,0;4,32;0,68
3,0;3,41;-0,41
4,0;4,34;-0,34
5,0;3,39;1,61
4,0;4,66;-0,66
5,0;4,5;0,5
5,0;4,24;0,76
5,0;4,51;0,49
5,0;3,86;1,14
5,0;4,64;0,36
5,0;3,49;1,51
1,0;2,45;-1,45
5,0;4,27;0,73
3,0;2,21;0,79
3,0;3,84;-0,84
4,0;4,44;-0,44
4,0;3,64;0,36
4,0;4,1;-0,1
1,0;4,14;-3,14
1,0;3,99;-2,99
5,0;3,51;1,49
4,0;4,56;-0,56
5,0;1,97;3,03
5,0;4,06;0,94
5,0;3,76;1,24
3,0;1,88;1,12
5,0;4,71;0,29
3,0;4,76;-1,76
4,0;4,0;0,0
5,0;4,17;0,83
5,0;3,7;1,3
4,0;4,47;-0,47
5,0;4,93;0,07
4,0;4,36;-0,36
3,0;4,37;-1,37
5,0;3,52;1,48
1,0;3,06;-2,06
5,0;4,34;0,66
5,0;4,34;0,66
5,0;4,08;0,92
3,0;4,85;-1,85
2,0;1,1;0,9
5,0;4,53;0,47
4,0;4,52;-0,52
5,0;4,61;0,39
5,0;4,88;0,12
1,0;1,75;-0,75
5,0;3,92;1,08
4,0;4,33;-0,33
5,0;3,67;1,33
5,0;3,94;1,06
5,0;4,18;0,82
5,0;4,81;0,19
5,0;4,67;0,33
4,0;4,19;-0,19
4,0;4,69;-0,69
5,0;4,78;0,22
5,0;3,96;1,04
5,0;4,84;0,16
5,0;4,34;0,66
5,0;3,31;1,69
4,0;4,12;-0,12
3,0;2,1;0,9
5,0;3,77;1,23
5,0;4,4;0,6
4,0;4,24;-0,24
1,0;4,64;-3,64
5,0;3,57;1,43
1,0;4,07;-3,07
5,0;4,06;0,94
1,0;3,05;-2,05
5,0;3,37;1,63
4,0;4,4;-0,4
5,0;3,44;1,56
1,0;1,39;-0,39
1,0;2,11;-1,11
3,0;2,85;0,15
5,0;1,57;3,43
5,0;4,39;0,61
5,0;4,71;0,29
5,0;4,03;0,97
1,0;1,58;-0,58
5,0;4,42;0,58
5,0;4,7;0,3
5,0;4,11;0,89
5,0;4,4;0,6
4,0;2,78;1,22
5,0;4,8;0,2
5,0;4,14;0,86
4,0;4,1;-0,1
5,0;4,84;0,16
4,0;4,3;-0,3
5,0;4,57;0,43
5,0;4,29;0,71
4,0;4,54;-0,54
5,0;3,46;1,54
5,0;4,12;0,88
5,0;4,55;0,45
4,0;3,63;0,37
3,0;4,45;-1,45
5,0;4,47;0,53
4,0;4,32;-0,32
5,0;4,1;0,9
5,0;4,71;0,29
5,0;4,96;0,04
1,0;4,9;-3,9
1,0;4,23;-3,23
5,0;4,3;0,7
4,0;4,2;-0,2
5,0;4,7;0,3
5,0;4,3;0,7
4,0;4,21;-0,21
2,0;4,5;-2,5
5,0;4,39;0,61
5,0;4,92;0,08
5,0;4,27;0,73
5,0;3,98;1,02
4,0;3,63;0,37
5,0;3,74;1,26
2,0;4,53;-2,53
2,0;4,82;-2,82
5,0;3,04;1,96
5,0;4,19;0,81
5,0;4,75;0,25
4,0;4,29;-0,29
5,0;4,39;0,61
5,0;4,04;0,96
5,0;3,46;1,54
5,0;3,42;1,58
4,0;4,48;-0,48
3,0;3,71;-0,71
4,0;3,64;0,36
5,0;2,11;2,89
5,0;4,37;0,63
5,0;4,9;0,1
4,0;4,18;-0,18
5,0;4,33;0,67
1,0;3,02;-2,02
4,0;4,35;-0,35
1,0;1,27;-0,27
5,0;4,53;0,47
1,0;1,46;-0,46
3,0;4,27;-1,27
1,0;3,41;-2,41
5,0;2,44;2,56
5,0;1,99;3,01
5,0;4,44;0,56
5,0;2,77;2,23
4,0;3,57;0,43
5,0;4,78;0,22
2,0;4,15;-2,15
4,0;4,7;-0,7
5,0;4,86;0,14
5,0;4,41;0,59
3,0;4,45;-1,45
5,0;4,23;0,77
5,0;4,96;0,04
5,0;4,67;0,33
5,0;4,87;0,13
4,0;4,15;-0,15
1,0;2,67;-1,67
3,0;4,2;-1,2
1,0;4,54;-3,54
5,0;4,26;0,74
4,0;3,89;0,11
5,0;3,32;1,68
3,0;4,07;-1,07
5,0;4,59;0,41
3,0;1,98;1,02
4,0;4,24;-0,24
1,0;2,66;-1,66
1,0;3,92;-2,92
1,0;2,66;-1,66
3,0;4,96;-1,96
3,0;3,85;-0,85
4,0;4,58;-0,58
2,0;2,89;-0,89
3,0;4,92;-1,92
5,0;4,21;0,79
1,0;1,99;-0,99
5,0;4,04;0,96
4,0;4,35;-0,35
4,5;4,13;0,37
5,0;4,98;0,02
5,0;3,09;1,91
5,0;4,56;0,44
4,0;3,9;0,1
5,0;3,68;1,32
5,0;4,95;0,05
5,0;3,89;1,11
5,0;4,44;0,56
4,0;4,66;-0,66
4,0;4,12;-0,12
5,0;4,3;0,7
2,0;1,57;0,43
4,0;4,19;-0,19
4,0;4,51;-0,51
3,0;3,43;-0,43
3,0;4,92;-1,92
4,0;4,3;-0,3
5,0;4,68;0,32
4,0;4,88;-0,88
5,0;4,62;0,38
5,0;3,83;1,17
5,0;4,57;0,43
3,0;3,04;-0,04
5,0;4,88;0,12
4,0;4,68;-0,68
5,0;4,57;0,43
4,0;3,98;0,02
1,0;3,59;-2,59
0,0;3,36;-3,36
3,0;3,93;-0,93
5,0;3,22;1,78
5,0;3,94;1,06
5,0;3,78;1,22
5,0;4,84;0,16
5,0;4,07;0,93
5,0;3,85;1,15
1,0;4,82;-3,82
4,0;3,41;0,59
5,0;3,89;1,11
4,0;4,52;-0,52
5,0;3,14;1,86
2,0;4,59;-2,59
5,0;4,38;0,62
5,0;4,83;0,17
4,0;4,08;-0,08
5,0;4,63;0,37
2,5;3,71;-1,21
5,0;4,74;0,26
5,0;3,98;1,02
5,0;4,62;0,38
5,0;4,35;0,65
4,0;4,57;-0,57
5,0;4,88;0,12
1,0;4,24;-3,24
2,0;3,28;-1,28
5,0;4,28;0,72
4,0;4,69;-0,69
5,0;4,33;0,67
5,0;4,24;0,76
5,0;4,71;0,29
5,0;3,79;1,21
4,0;4,57;-0,57
3,0;4,56;-1,56
5,0;4,69;0,31
5,0;4,14;0,86
5,0;4,06;0,94
5,0;4,22;0,78
5,0;4,18;0,82
5,0;2,71;2,29
5,0;4,31;0,69
4,0;4,65;-0,65
5,0;3,29;1,71
4,0;4,93;-0,93
5,0;4,01;0,99
5,0;3,5;1,5
4,0;4,15;-0,15
5,0;3,38;1,62
4,0;4,49;-0,49
1,0;1,68;-0,68
5,0;4,38;0,62
5,0;4,04;0,96
5,0;4,5;0,5
5,0;4,89;0,11
5,0;4,58;0,42
3,0;4,91;-1,91
5,0;4,54;0,46
5,0;4,16;0,84
1,0;2,95;-1,95
1,0;4,05;-3,05
4,0;4,17;-0,17
4,0;4,8;-0,8
4,0;4,87;-0,87
5,0;4,0;1,0
4,0;4,19;-0,19
5,0;4,63;0,37
5,0;4,52;0,48
5,0;4,85;0,15
3,0;3,71;-0,71
5,0;4,49;0,51
5,0;3,89;1,11
5,0;3,78;1,22
5,0;3,8;1,2
5,0;2,84;2,16
5,0;3,78;1,22
5,0;4,45;0,55
5,0;4,75;0,25
5,0;3,91;1,09
4,0;4,67;-0,67
5,0;4,86;0,14
3,0;3,57;-0,57
4,0;4,65;-0,65
5,0;4,17;0,83
5,0;4,78;0,22
5,0;4,41;0,59
5,0;4,12;0,88
5,0;4,84;0,16
5,0;3,15;1,85
2,0;2,48;-0,48
5,0;4,88;0,12
5,0;4,8;0,2
1,0;4,65;-3,65
5,0;4,29;0,71
5,0;3,92;1,08
4,0;2,42;1,58
5,0;4,36;0,64
5,0;4,29;0,71
3,0;4,61;-1,61
3,0;4,18;-1,18
2,0;4,44;-2,44
5,0;4,09;0,91
5,0;4,3;0,7
5,0;4,09;0,91
2,0;1,38;0,62
5,0;4,49;0,51
5,0;4,22;0,78
3,0;3,89;-0,89
3,0;3,99;-0,99
4,0;3,83;0,17
4,0;4,22;-0,22
5,0;4,06;0,94
1,0;1,56;-0,56
3,0;4,31;-1,31
1,0;4,37;-3,37
5,0;4,58;0,42
5,0;2,88;2,12
2,0;3,61;-1,61
5,0;3,41;1,59
5,0;4,22;0,78
3,0;4,62;-1,62
5,0;4,89;0,11
4,0;3,72;0,28
5,0;4,47;0,53
5,0;4,96;0,04
5,0;4,82;0,18
5,0;4,87;0,13
4,0;4,21;-0,21
1,0;4,28;-3,28
5,0;4,13;0,87
1,0;3,2;-2,2
4,0;4,29;-0,29
4,0;4,57;-0,57
5,0;4,69;0,31
5,0;4,55;0,45
5,0;4,49;0,51
5,0;4,68;0,32
1,0;3,86;-2,86
5,0;4,16;0,84
4,0;2,66;1,34
0,0;2,63;-2,63
5,0;3,88;1,12
5,0;3,1;1,9
5,0;4,46;0,54
5,0;4,45;0,55
5,0;4,81;0,19
5,0;4,63;0,37
5,0;4,19;0,81
5,0;2,41;2,59
5,0;4,93;0,07
5,0;3,73;1,27
0,0;2,65;-2,65
5,0;4,81;0,19
5,0;4,72;0,28
4,0;2,77;1,23
5,0;4,08;0,92
1,0;4,29;-3,29
5,0;4,81;0,19
4,0;3,83;0,17
2,0;3,6;-1,6
5,0;3,65;1,35
5,0;4,31;0,69
5,0;4,55;0,45
1,0;4,62;-3,62
2,0;4,07;-2,07
5,0;3,9;1,1
5,0;4,3;0,7
4,0;3,49;0,51
1,0;4,59;-3,59
5,0;4,34;0,66
4,0;4,7;-0,7
4,0;4,43;-0,43
5,0;4,32;0,68
1,0;4,38;-3,38
4,0;3,26;0,74
5,0;4,86;0,14
4,0;4,79;-0,79
5,0;3,26;1,74
5,0;4,61;0,39
3,0;4,62;-1,62
4,0;4,12;-0,12
1,0;4,62;-3,62
5,0;4,67;0,33
4,0;4,52;-0,52
5,0;4,61;0,39
5,0;4,47;0,53
3,0;4,51;-1,51
5,0;4,78;0,22
5,0;3,53;1,47
4,0;3,21;0,79
1,0;4,22;-3,22
4,0;4,45;-0,45
5,0;2,25;2,75
5,0;4,01;0,99
5,0;4,68;0,32
1,0;1,45;-0,45
1,0;1,74;-0,74
5,0;4,48;0,52
5,0;4,38;0,62
5,0;4,5;0,5
2,3333;3,14;-0,81
5,0;4,51;0,49
5,0;4,01;0,99
5,0;4,86;0,14
4,0;4,6;-0,6
5,0;4,54;0,46
1,0;3,46;-2,46
1,0;4,52;-3,52
5,0;4,35;0,65
5,0;4,24;0,76
5,0;4,71;0,29
5,0;3,87;1,13
5,0;4,2;0,8
5,0;4,54;0,46
5,0;4,15;0,85
4,0;2,58;1,42
4,0;4,65;-0,65
5,0;3,91;1,09
3,0;4,71;-1,71
5,0;4,57;0,43
5,0;3,73;1,27
5,0;4,91;0,09
5,0;4,57;0,43
3,0;3,04;-0,04
5,0;4,56;0,44
0,0;3,61;-3,61
5,0;4,94;0,06
5,0;4,03;0,97
5,0;4,93;0,07
4,0;3,25;0,75
1,0;1,63;-0,63
4,0;1,99;2,01
5,0;4,29;0,71
5,0;4,23;0,77
4,0;3,12;0,88
5,0;4,92;0,08
5,0;3,61;1,39
1,0;1,47;-0,47
5,0;4,73;0,27
1,0;4,33;-3,33
4,0;3,08;0,92
5,0;4,01;0,99
5,0;3,14;1,86
5,0;4,41;0,59
5,0;2,62;2,38
3,0;4,29;-1,29
5,0;4,57;0,43
4,0;4,92;-0,92
5,0;4,18;0,82
5,0;3,93;1,07
5,0;4,61;0,39
2,0;4,28;-2,28
5,0;3,98;1,02
1,0;3,46;-2,46
5,0;4,28;0,72
5,0;2,7;2,3
1,0;4,42;-3,42
4,0;4,54;-0,54
5,0;4,17;0,83
5,0;4,48;0,52
5,0;4,76;0,24
4,0;3,66;0,34
5,0;4,19;0,81
1,0;3,28;-2,28
5,0;4,47;0,53
5,0;4,65;0,35
5,0;4,09;0,91
4,0;4,1;-0,1
5,0;4,44;0,56
5,0;3,86;1,14
5,0;3,89;1,11
1,0;4,65;-3,65
1,0;3,36;-2,36
3,0;4,08;-1,08
2,0;4,75;-2,75
1,0;1,46;-0,46
5,0;3,93;1,07
5,0;1,61;3,39
5,0;4,09;0,91
5,0;4,07;0,93
5,0;4,51;0,49
4,0;3,78;0,22
4,0;4,38;-0,38
4,0;3,05;0,95
1,0;4,86;-3,86
1,0;2,61;-1,61
5,0;4,34;0,66
2,0;4,07;-2,07
5,0;3,33;1,67
1,0;4,62;-3,62
5,0;3,72;1,28
4,0;4,88;-0,88
5,0;4,66;0,34
4,0;4,17;-0,17
1,0;3,67;-2,67
5,0;4,36;0,64
5,0;3,88;1,12
5,0;4,26;0,74
5,0;3,89;1,11
4,0;4,25;-0,25
3,0;4,05;-1,05
3,0;1,4;1,6
4,0;4,29;-0,29
4,0;4,12;-0,12
5,0;3,59;1,41
5,0;4,55;0,45
5,0;3,28;1,72
3,0;4,31;-1,31
2,0;3,26;-1,26
5,0;3,22;1,78
5,0;4,76;0,24
5,0;4,83;0,17
3,0;4,84;-1,84
5,0;4,75;0,25
4,0;4,49;-0,49
4,0;4,41;-0,41
5,0;4,71;0,29
4,0;4,61;-0,61
5,0;4,08;0,92
5,0;3,48;1,52
5,0;4,53;0,47
2,0;4,01;-2,01
1,0;3,89;-2,89
1,0;3,88;-2,88
4,0;4,74;-0,74
5,0;4,52;0,48
5,0;4,28;0,72
4,0;2,63;1,37
5,0;4,28;0,72
1,0;0,81;0,19
5,0;4,62;0,38
3,0;4,87;-1,87
5,0;2,43;2,57
5,0;4,51;0,49
5,0;4,68;0,32
5,0;4,28;0,72
1,0;3,8;-2,8
5,0;3,06;1,94
2,0;2,4;-0,4
5,0;4,43;0,57
3,0;3,4;-0,4
1,0;2,46;-1,46
3,0;3,4;-0,4
4,0;3,46;0,54
4,0;4,18;-0,18
1,0;3,9;-2,9
4,0;4,95;-0,95
5,0;4,58;0,42
1,0;4,7;-3,7
5,0;3,86;1,14
5,0;4,54;0,46
5,0;4,56;0,44
4,0;4,81;-0,81
5,0;3,26;1,74
5,0;3,7;1,3
4,0;4,95;-0,95
3,0;2,42;0,58
5,0;4,61;0,39
1,0;4,61;-3,61
5,0;4,62;0,38
4,0;4,7;-0,7
5,0;4,11;0,89
4,0;4,69;-0,69
0,0;4,15;-4,15
5,0;4,04;0,96
3,0;4,1;-1,1
4,0;2,42;1,58
5,0;3,68;1,32
1,0;4,03;-3,03
5,0;3,78;1,22
5,0;3,19;1,81
5,0;4,0;1,0
4,0;4,25;-0,25
5,0;4,27;0,73
4,0;4,7;-0,7
0,0;4,06;-4,06
5,0;3,53;1,47
4,0;4,69;-0,69
4,0;4,59;-0,59
4,0;4,22;-0,22
3,0;4,09;-1,09
5,0;4,31;0,69
5,0;4,34;0,66
4,0;4,6;-0,6
1,0;3,93;-2,93
1,0;2,5;-1,5
5,0;4,48;0,52
1,0;1,73;-0,73
3,0;4,49;-1,49
1,0;4,62;-3,62
5,0;4,83;0,17
5,0;4,74;0,26
4,0;4,64;-0,64
4,0;4,2;-0,2
4,0;4,28;-0,28
1,0;1,81;-0,81
5,0;4,28;0,72
4,0;4,58;-0,58
5,0;4,64;0,36
5,0;4,08;0,92
1,0;4,99;-3,99
2,0;2,23;-0,23
2,0;4,69;-2,69
5,0;3,3;1,7
5,0;3,17;1,83
3,0;4,68;-1,68
4,0;4,54;-0,54
5,0;4,23;0,77
5,0;4,59;0,41
4,0;4,32;-0,32
5,0;4,54;0,46
5,0;3,74;1,26
4,0;4,99;-0,99
5,0;4,42;0,58
4,0;4,48;-0,48
1,0;4,22;-3,22
5,0;4,74;0,26
5,0;4,6;0,4
5,0;3,88;1,12
4,0;4,44;-0,44
5,0;4,63;0,37
4,0;3,65;0,35
4,0;4,04;-0,04
5,0;4,87;0,13
5,0;4,4;0,6
5,0;4,52;0,48
5,0;4,88;0,12
4,0;3,63;0,37
1,0;3,65;-2,65
5,0;4,5;0,5
5,0;4,4;0,6
5,0;4,01;0,99
1,0;1,34;-0,34
4,0;4,74;-0,74
5,0;4,59;0,41
5,0;4,24;0,76
4,0;4,52;-0,52
5,0;3,63;1,37
4,0;4,43;-0,43
4,0;4,5;-0,5
5,0;4,49;0,51
5,0;4,22;0,78
4,0;4,5;-0,5
5,0;3,35;1,65
5,0;4,38;0,62
4,0;4,14;-0,14
5,0;4,74;0,26
2,0;3,98;-1,98
4,0;4,6;-0,6
5,0;4,73;0,27
1,0;4,52;-3,52
1,0;1,38;-0,38
5,0;3,28;1,72
4,0;3,89;0,11
5,0;3,08;1,92
5,0;3,85;1,15
5,0;4,94;0,06
5,0;3,8;1,2
5,0;3,76;1,24
2,0;1,42;0,58
3,0;2,99;0,01
5,0;4,13;0,87
5,0;4,58;0,42
4,0;4,49;-0,49
5,0;4,68;0,32
5,0;4,27;0,73
4,0;3,41;0,59
5,0;4,6;0,4
5,0;3,7;1,3
1,0;4,48;-3,48
3,0;3,77;-0,77
5,0;4,32;0,68
5,0;4,57;0,43
4,0;4,07;-0,07
5,0;4,57;0,43
5,0;4,0;1,0
5,0;4,9;0,1
5,0;4,06;0,94
5,0;4,47;0,53
5,0;4,33;0,67
4,0;3,89;0,11
5,0;3,6;1,4
5,0;4,31;0,69
1,0;3,91;-2,91
4,0;4,45;-0,45
5,0;3,25;1,75
5,0;4,85;0,15
5,0;4,85;0,15
2,0;4,23;-2,23
5,0;1,81;3,19
5,0;4,42;0,58
4,0;4,6;-0,6
4,0;4,05;-0,05
3,0;4,53;-1,53
4,0;3,39;0,61
4,0;4,44;-0,44
1,0;2,07;-1,07
5,0;1,48;3,52
5,0;3,77;1,23
4,0;3,59;0,41
4,0;3,62;0,38
5,0;4,6;0,4
1,0;1,23;-0,23
1,0;3,95;-2,95
5,0;4,5;0,5
5,0;4,1;0,9
4,0;3,92;0,08
3,0;1,67;1,33
3,0;3,08;-0,08
5,0;4,66;0,34
5,0;4,79;0,21
5,0;4,76;0,24
5,0;1,57;3,43
4,0;4,59;-0,59
1,0;2,32;-1,32
3,0;2,11;0,89
5,0;4,33;0,67
5,0;4,29;0,71
5,0;4,51;0,49
5,0;4,68;0,32
5,0;4,54;0,46
5,0;4,15;0,85
5,0;4,1;0,9
1,0;4,41;-3,41
5,0;3,47;1,53
3,0;3,84;-0,84
4,0;4,34;-0,34
4,0;3,53;0,47
5,0;4,3;0,7
5,0;4,55;0,45
1,0;2,99;-1,99
5,0;4,23;0,77
3,0;4,67;-1,67
3,0;4,41;-1,41
5,0;4,49;0,51
5,0;4,92;0,08
1,0;4,37;-3,37
5,0;4,79;0,21
5,0;4,63;0,37
5,0;4,79;0,21
1,0;4,63;-3,63
5,0;4,96;0,04
5,0;4,53;0,47
1,0;3,57;-2,57
5,0;4,69;0,31
4,0;3,3;0,7
5,0;2,11;2,89
5,0;4,34;0,66
5,0;4,11;0,89
5,0;4,2;0,8
5,0;4,38;0,62
5,0;4,12;0,88
3,0;4,81;-1,81
2,0;4,48;-2,48
2,0;4,52;-2,52
4,0;3,08;0,92
5,0;4,25;0,75
4,0;3,64;0,36
1,0;4,68;-3,68
4,0;2,26;1,74
5,0;4,77;0,23
1,0;4,81;-3,81
5,0;4,85;0,15
5,0;4,83;0,17
1,0;1,62;-0,62
4,0;4,08;-0,08
0,0;3,62;-3,62
3,0;3,86;-0,86
5,0;3,61;1,39
3,0;4,21;-1,21
5,0;4,78;0,22
4,0;4,34;-0,34
5,0;4,91;0,09
5,0;4,06;0,94
1,0;4,56;-3,56
1,0;2,47;-1,47
5,0;4,06;0,94
4,0;4,62;-0,62
5,0;4,22;0,78
5,0;2,11;2,89
5,0;3,63;1,37
5,0;4,68;0,32
5,0;4,47;0,53
5,0;3,5;1,5
5,0;3,89;1,11
3,0;4,46;-1,46
4,0;4,39;-0,39
5,0;4,68;0,32
2,0;4,16;-2,16
4,0;4,77;-0,77
5,0;4,01;0,99
5,0;4,43;0,57
1,0;4,78;-3,78
1,0;2,0;-1,0
5,0;3,66;1,34
3,0;4,65;-1,65
5,0;3,92;1,08
5,0;4,26;0,74
5,0;4,36;0,64
1,0;2,13;-1,13
4,0;4,24;-0,24
5,0;4,83;0,17
5,0;4,68;0,32
5,0;3,99;1,01
5,0;4,63;0,37
5,0;4,78;0,22
5,0;4,44;0,56
3,0;2,72;0,28
4,0;4,34;-0,34
1,0;3,26;-2,26
4,0;3,36;0,64
1,0;2,03;-1,03
5,0;4,94;0,06
4,0;3,95;0,05
4,0;4,3;-0,3
5,0;3,68;1,32
3,6667;4,25;-0,58
5,0;3,44;1,56
5,0;4,63;0,37
5,0;4,67;0,33
5,0;4,47;0,53
5,0;4,53;0,47
5,0;4,48;0,52
5,0;4,26;0,74
5,0;4,57;0,43
5,0;3,32;1,68
5,0;4,3;0,7
5,0;4,26;0,74
4,0;4,32;-0,32
1,0;3,92;-2,92
5,0;4,97;0,03
5,0;4,83;0,17
1,0;2,13;-1,13
3,0;1,8;1,2
5,0;4,21;0,79
5,0;3,86;1,14
5,0;4,93;0,07
5,0;4,24;0,76
1,0;1,8;-0,8
5,0;4,33;0,67
5,0;1,77;3,23
5,0;4,51;0,49
5,0;4,4;0,6
5,0;3,91;1,09
5,0;4,22;0,78
5,0;4,98;0,02
5,0;4,16;0,84
4,0;4,18;-0,18
5,0;4,6;0,4
1,0;2,14;-1,14
5,0;2,67;2,33
5,0;4,3;0,7
3,0;2,94;0,06
4,0;4,64;-0,64
1,0;2,54;-1,54
5,0;4,16;0,84
1,0;4,55;-3,55
5,0;3,92;1,08
5,0;3,97;1,03
5,0;4,03;0,97
3,0;4,17;-1,17
2,0;3,93;-1,93
4,5;4,52;-0,02
5,0;4,0;1,0
4,0;3,36;0,64
4,0;4,2;-0,2
5,0;4,41;0,59
1,0;4,8;-3,8
5,0;3,32;1,68
5,0;3,43;1,57
5,0;4,03;0,97
1,0;3,91;-2,91
5,0;4,52;0,48
5,0;4,07;0,93
5,0;3,98;1,02
0,0;3,3;-3,3
3,0;4,63;-1,63
1,0;2,34;-1,34
4,0;4,64;-0,64
5,0;4,43;0,57
4,0;4,81;-0,81
1,0;4,19;-3,19
5,0;4,19;0,81
5,0;3,9;1,1
5,0;4,46;0,54
5,0;4,04;0,96
5,0;4,84;0,16
5,0;2,97;2,03
2,0;1,01;0,99
5,0;2,17;2,83
3,5;4,22;-0,72
5,0;4,48;0,52
5,0;4,14;0,86
4,0;4,97;-0,97
5,0;4,26;0,74
3,0;4,41;-1,41
5,0;3,53;1,47
3,0;4,8;-1,8
5,0;4,5;0,5
5,0;4,03;0,97
1,0;4,29;-3,29
5,0;4,6;0,4
5,0;4,2;0,8
4,0;4,62;-0,62
5,0;3,69;1,31
4,0;4,28;-0,28
5,0;3,57;1,43
5,0;3,69;1,31
5,0;3,17;1,83
1,0;1,6;-0,6
5,0;4,63;0,37
5,0;3,66;1,34
5,0;4,23;0,77
3,0;4,68;-1,68
4,25;2,29;1,96
5,0;4,06;0,94
4,0;4,83;-0,83
5,0;4,54;0,46
5,0;4,56;0,44
5,0;4,08;0,92
5,0;4,64;0,36
2,0;4,77;-2,77
3,0;2,78;0,22
4,0;4,67;-0,67
5,0;3,48;1,52
5,0;4,43;0,57
5,0;4,85;0,15
5,0;4,0;1,0
5,0;4,87;0,13
4,0;4,27;-0,27
4,0;4,3;-0,3
3,0;3,81;-0,81
5,0;4,7;0,3
4,0;4,25;-0,25
5,0;4,25;0,75
3,0;4,12;-1,12
3,0;4,39;-1,39
5,0;4,76;0,24
5,0;4,05;0,95
5,0;3,06;1,94
4,0;3,36;0,64
3,6667;4,15;-0,48
4,0;3,58;0,42
5,0;4,59;0,41
4,0;3,97;0,03
5,0;4,55;0,45
5,0;3,86;1,14
5,0;3,8;1,2
3,0;3,17;-0,17
4,0;4,05;-0,05
4,0;4,42;-0,42
4,0;4,46;-0,46
4,0;4,48;-0,48
2,0;4,38;-2,38
5,0;3,37;1,63
5,0;4,38;0,62
4,0;4,78;-0,78
3,0;4,94;-1,94
5,0;3,98;1,02
1,0;2,81;-1,81
5,0;4,29;0,71
5,0;4,46;0,54
4,0;4,88;-0,88
5,0;3,04;1,96
5,0;4,12;0,88
5,0;4,73;0,27
5,0;3,69;1,31
4,0;4,9;-0,9
5,0;4,14;0,86
5,0;4,56;0,44
5,0;2,2;2,8
4,0;4,66;-0,66
3,0;3,52;-0,52
1,0;3,94;-2,94
5,0;3,76;1,24
1,0;1,88;-0,88
3,0;4,35;-1,35
5,0;4,43;0,57
0,0;2,71;-2,71
5,0;4,43;0,57
1,0;3,83;-2,83
5,0;4,41;0,59
5,0;4,0;1,0
5,0;4,1;0,9
4,0;1,34;2,66
1,0;2,21;-1,21
5,0;4,81;0,19
3,0;4,75;-1,75
5,0;3,26;1,74
3,0;3,9;-0,9
5,0;4,2;0,8
5,0;4,73;0,27
5,0;4,99;0,01
4,0;3,71;0,29
3,0;3,33;-0,33
5,0;3,97;1,03
5,0;3,81;1,19
5,0;4,8;0,2
4,0;2,79;1,21
3,0;4,0;-1,0
4,0;4,12;-0,12
5,0;4,09;0,91
4,0;4,54;-0,54
4,0;4,82;-0,82
5,0;5,0;0,0
5,0;4,08;0,92
5,0;4,49;0,51
5,0;4,61;0,39
5,0;4,92;0,08
5,0;2,33;2,67
5,0;4,63;0,37
5,0;4,05;0,95
4,0;3,72;0,28
5,0;4,58;0,42
5,0;4,36;0,64
5,0;4,16;0,84
4,0;4,12;-0,12
5,0;3,39;1,61
5,0;4,59;0,41
5,0;4,27;0,73
5,0;4,6;0,4
5,0;4,85;0,15
5,0;4,05;0,95
1,0;4,02;-3,02
5,0;4,64;0,36
4,0;4,66;-0,66
4,0;4,24;-0,24
5,0;3,35;1,65
5,0;4,98;0,02
5,0;3,97;1,03
5,0;4,2;0,8
5,0;3,73;1,27
3,0;3,9;-0,9
5,0;3,3;1,7
5,0;4,65;0,35
5,0;4,18;0,82
5,0;4,7;0,3
5,0;4,92;0,08
4,0;4,79;-0,79
5,0;4,45;0,55
1,0;4,65;-3,65
5,0;3,38;1,62
4,0;4,89;-0,89
4,0;4,86;-0,86
4,0;4,85;-0,85
1,0;3,95;-2,95
5,0;3,93;1,07
5,0;4,27;0,73
4,0;4,84;-0,84
5,0;4,16;0,84
5,0;3,97;1,03
1,0;4,21;-3,21
4,0;2,77;1,23
5,0;3,35;1,65
5,0;4,74;0,26
1,0;4,75;-3,75
5,0;4,5;0,5
5,0;3,76;1,24
5,0;1,87;3,13
1,0;4,56;-3,56
5,0;4,77;0,23
5,0;3,86;1,14
5,0;4,11;0,89
5,0;4,53;0,47
5,0;3,66;1,34
5,0;4,88;0,12
5,0;4,34;0,66
5,0;4,08;0,92
3,0;3,75;-0,75
5,0;3,82;1,18
3,0;3,17;-0,17
1,0;4,09;-3,09
5,0;4,32;0,68
4,0;4,08;-0,08
3,0;3,93;-0,93
5,0;3,82;1,18
5,0;4,09;0,91
4,0;4,28;-0,28
1,0;4,28;-3,28
1,0;3,87;-2,87
1,0;4,47;-3,47
5,0;4,17;0,83
1,0;2,84;-1,84
5,0;4,78;0,22
5,0;4,74;0,26
5,0;4,5;0,5
4,0;3,92;0,08
4,0;3,62;0,38
1,0;4,74;-3,74
5,0;4,74;0,26
3,0;4,58;-1,58
2,0;4,36;-2,36
4,0;4,22;-0,22
5,0;4,97;0,03
5,0;4,31;0,69
5,0;4,28;0,72
4,0;4,63;-0,63
5,0;2,06;2,94
4,0;4,9;-0,9
4,0;3,11;0,89
4,0;3,87;0,13
5,0;3,68;1,32
5,0;4,16;0,84
5,0;4,68;0,32
5,0;4,7;0,3
4,0;4,21;-0,21
5,0;1,69;3,31
5,0;3,34;1,66
5,0;4,42;0,58
5,0;4,95;0,05
5,0;4,45;0,55
5,0;4,22;0,78
1,0;2,7;-1,7
1,0;4,19;-3,19
5,0;4,69;0,31
2,5;3,76;-1,26
5,0;4,62;0,38
4,0;4,82;-0,82
1,0;4,28;-3,28
5,0;2,98;2,02
3,0;3,75;-0,75
5,0;4,07;0,93
5,0;4,13;0,87
4,0;4,38;-0,38
5,0;4,42;0,58
1,0;4,82;-3,82
5,0;4,65;0,35
5,0;4,58;0,42
4,0;4,37;-0,37
1,0;2,79;-1,79
5,0;4,49;0,51
5,0;3,96;1,04
3,0;4,55;-1,55
3,0;4,49;-1,49
5,0;3,85;1,15
5,0;4,3;0,7
5,0;4,96;0,04
1,0;4,64;-3,64
4,0;4,35;-0,35
5,0;3,19;1,81
4,0;4,24;-0,24
3,0;3,3;-0,3
5,0;4,89;0,11
4,0;4,78;-0,78
5,0;4,11;0,89
4,0;4,77;-0,77
4,0;4,49;-0,49
4,0;3,97;0,03
5,0;4,27;0,73
4,0;4,13;-0,13
5,0;4,52;0,48
5,0;4,05;0,95
4,0;4,37;-0,37
4,0;4,5;-0,5
5,0;4,27;0,73
0,0;3,8;-3,8
1,0;4,27;-3,27
5,0;4,58;0,42
5,0;3,53;1,47
2,0;4,0;-2,0
4,0;3,52;0,48
5,0;4,7;0,3
5,0;1,26;3,74
1,0;4,97;-3,97
5,0;4,47;0,53
3,0;4,76;-1,76
5,0;3,35;1,65
5,0;4,47;0,53
1,0;4,46;-3,46
5,0;4,32;0,68
4,0;4,42;-0,42
5,0;4,64;0,36
2,0;3,79;-1,79
5,0;4,63;0,37
5,0;3,72;1,28
1,0;2,0;-1,0
5,0;4,57;0,43
4,0;4,04;-0,04
4,0;4,46;-0,46
5,0;4,08;0,92
5,0;4,61;0,39
5,0;4,19;0,81
5,0;4,33;0,67
2,0;4,28;-2,28
4,0;3,76;0,24
5,0;4,65;0,35
1,0;2,88;-1,88
4,0;4,18;-0,18
5,0;4,18;0,82
5,0;3,15;1,85
5,0;3,59;1,41
5,0;4,51;0,49
5,0;4,3;0,7
5,0;4,58;0,42
5,0;4,68;0,32
5,0;4,41;0,59
5,0;4,82;0,18
5,0;4,33;0,67
4,0;4,14;-0,14
5,0;4,27;0,73
4,0;4,03;-0,03
1,0;3,69;-2,69
5,0;4,93;0,07
5,0;4,35;0,65
4,0;3,64;0,36
4,0;3,4;0,6
5,0;4,28;0,72
4,0;3,03;0,97
5,0;4,98;0,02
5,0;4,26;0,74
2,0;4,58;-2,58
5,0;4,59;0,41
4,0;4,32;-0,32
2,0;3,28;-1,28
2,0;4,56;-2,56
1,0;3,68;-2,68
5,0;4,57;0,43
5,0;4,42;0,58
5,0;4,6;0,4
1,0;4,47;-3,47
5,0;4,01;0,99
1,0;2,12;-1,12
4,0;4,03;-0,03
4,0;3,33;0,67
3,0;3,25;-0,25
4,0;3,61;0,39
4,0;4,57;-0,57
4,0;4,78;-0,78
5,0;3,76;1,24
1,0;3,78;-2,78
3,0;3,76;-0,76
1,0;4,13;-3,13
3,0;4,37;-1,37
4,0;4,38;-0,38
5,0;4,27;0,73
5,0;4,14;0,86
4,0;4,97;-0,97
5,0;4,98;0,02
5,0;4,06;0,94
5,0;4,0;1,0
3,0;4,51;-1,51
5,0;3,35;1,65
4,0;4,54;-0,54
3,0;3,22;-0,22
4,0;4,72;-0,72
4,0;3,94;0,06
4,0;4,42;-0,42
1,0;4,63;-3,63
5,0;4,02;0,98
1,0;1,53;-0,53
5,0;4,17;0,83
5,0;3,73;1,27
4,0;4,36;-0,36
2,0;5,0;-3,0
5,0;3,33;1,67
4,0;4,28;-0,28
4,0;4,35;-0,35
3,0;4,02;-1,02
5,0;4,08;0,92
5,0;4,58;0,42
1,0;1,66;-0,66
2,0;1,82;0,18
4,0;3,41;0,59
4,0;3,84;0,16
5,0;4,5;0,5
4,0;4,27;-0,27
5,0;4,52;0,48
3,0;4,31;-1,31
1,0;2,19;-1,19
5,0;4,54;0,46
1,0;4,62;-3,62
3,0;2,65;0,35
5,0;4,8;0,2
5,0;4,26;0,74
4,0;4,47;-0,47
5,0;4,51;0,49
5,0;3,6;1,4
1,0;4,03;-3,03
5,0;4,68;0,32
5,0;4,11;0,89
4,0;4,51;-0,51
1,0;4,81;-3,81
4,0;4,34;-0,34
4,0;3,27;0,73
5,0;4,26;0,74
5,0;4,68;0,32
5,0;4,71;0,29
5,0;4,51;0,49
5,0;4,69;0,31
3,0;4,24;-1,24
5,0;4,47;0,53
5,0;4,0;1,0
5,0;3,68;1,32
5,0;4,99;0,01
3,0;4,08;-1,08
4,0;4,42;-0,42
4,0;3,79;0,21
5,0;4,44;0,56
4,0;2,37;1,63
5,0;3,46;1,54
1,0;1,4;-0,4
3,0;3,83;-0,83
4,0;4,12;-0,12
5,0;4,22;0,78
5,0;3,05;1,95
1,0;4,11;-3,11
5,0;4,21;0,79
3,0;4,7;-1,7
5,0;3,64;1,36
5,0;4,8;0,2
5,0;4,7;0,3
5,0;4,43;0,57
5,0;3,4;1,6
5,0;4,33;0,67
5,0;3,94;1,06
5,0;3,39;1,61
5,0;4,39;0,61
5,0;4,52;0,48
4,0;3,52;0,48
1,0;1,93;-0,93
5,0;3,69;1,31
4,0;4,17;-0,17
5,0;3,43;1,57
5,0;4,03;0,97
1,0;4,25;-3,25
3,0;4,49;-1,49
5,0;4,22;0,78
4,0;4,59;-0,59
4,0;4,91;-0,91
5,0;3,9;1,1
1,0;4,99;-3,99
5,0;3,4;1,6
5,0;4,2;0,8
5,0;4,3;0,7
4,0;4,27;-0,27
5,0;3,93;1,07
5,0;4,69;0,31
5,0;4,46;0,54
5,0;4,47;0,53
5,0;4,63;0,37
5,0;3,25;1,75
5,0;4,0;1,0
4,0;4,4;-0,4
2,0;4,56;-2,56
5,0;4,02;0,98
5,0;4,17;0,83
5,0;4,98;0,02
5,0;4,76;0,24
4,0;2,3;1,7
5,0;4,5;0,5
3,0;4,34;-1,34
4,0;4,83;-0,83
3,0;4,42;-1,42
5,0;4,37;0,63
5,0;4,16;0,84
1,0;4,22;-3,22
5,0;4,26;0,74
4,0;4,2;-0,2
5,0;3,8;1,2
3,0;4,42;-1,42
5,0;4,2;0,8
5,0;3,86;1,14
5,0;4,67;0,33
0,0;4,58;-4,58
5,0;3,83;1,17
5,0;4,57;0,43
4,0;3,82;0,18
5,0;3,94;1,06
5,0;3,48;1,52
5,0;4,97;0,03
5,0;4,68;0,32
5,0;3,72;1,28
5,0;3,99;1,01
5,0;4,47;0,53
5,0;4,11;0,89
5,0;3,82;1,18
5,0;4,96;0,04
1,0;4,55;-3,55
1,0;3,62;-2,62
5,0;4,4;0,6
5,0;4,26;0,74
5,0;4,35;0,65
4,0;3,68;0,32
3,0;4,07;-1,07
3,0;4,02;-1,02
4,0;3,96;0,04
5,0;4,51;0,49
5,0;4,23;0,77
5,0;3,55;1,45
5,0;4,23;0,77
4,0;3,93;0,07
5,0;4,05;0,95
1,0;2,1;-1,1
4,0;4,08;-0,08
1,0;4,05;-3,05
5,0;4,26;0,74
5,0;4,72;0,28
5,0;3,95;1,05
1,0;1,14;-0,14
5,0;3,59;1,41
4,0;4,42;-0,42
5,0;2,83;2,17
4,0;3,2;0,8
5,0;3,39;1,61
4,0;4,34;-0,34
1,0;4,2;-3,2
5,0;4,03;0,97
1,0;4,71;-3,71
5,0;3,91;1,09
4,0;4,99;-0,99
5,0;3,11;1,89
1,0;1,61;-0,61
3,0;2,89;0,11
5,0;3,88;1,12
3,0;4,77;-1,77
5,0;4,28;0,72
1,0;4,47;-3,47
5,0;4,34;0,66
3,0;4,87;-1,87
5,0;4,12;0,88
1,0;3,23;-2,23
5,0;4,14;0,86
4,0;4,57;-0,57
5,0;4,69;0,31
1,0;4,42;-3,42
5,0;4,7;0,3
2,0;4,8;-2,8
1,0;3,69;-2,69
4,0;4,53;-0,53
5,0;4,97;0,03
5,0;4,72;0,28
5,0;4,67;0,33
5,0;3,72;1,28
4,0;4,2;-0,2
1,0;4,13;-3,13
4,0;4,7;-0,7
5,0;4,78;0,22
5,0;4,86;0,14
4,0;4,58;-0,58
5,0;4,64;0,36
5,0;2,47;2,53
5,0;4,37;0,63
5,0;3,18;1,82
0,0;4,23;-4,23
5,0;2,85;2,15
5,0;4,41;0,59
1,0;4,73;-3,73
5,0;4,25;0,75
5,0;4,69;0,31
5,0;4,23;0,77
4,0;4,7;-0,7
4,0;4,44;-0,44
5,0;4,32;0,68
5,0;3,8;1,2
5,0;4,57;0,43
4,0;3,77;0,23
5,0;3,7;1,3
5,0;4,56;0,44
4,0;4,6;-0,6
5,0;4,44;0,56
5,0;4,27;0,73
5,0;4,85;0,15
4,0;3,03;0,97
1,0;1,44;-0,44
5,0;4,84;0,16
4,0;4,74;-0,74
5,0;4,2;0,8
5,0;4,13;0,87
5,0;4,95;0,05
1,0;3,33;-2,33
5,0;4,29;0,71
5,0;4,49;0,51
2,0;4,39;-2,39
5,0;4,15;0,85
4,0;3,64;0,36
4,0;4,25;-0,25
5,0;3,88;1,12
1,0;1,55;-0,55
5,0;4,0;1,0
5,0;4,16;0,84
5,0;4,82;0,18
5,0;3,85;1,15
5,0;4,45;0,55
4,0;4,38;-0,38
5,0;4,65;0,35
5,0;3,68;1,32
4,0;4,65;-0,65
4,0;4,55;-0,55
4,0;4,95;-0,95
5,0;4,46;0,54
5,0;4,84;0,16
5,0;4,82;0,18
5,0;4,38;0,62
4,0;4,13;-0,13
4,0;4,62;-0,62
5,0;4,35;0,65
1,0;4,43;-3,43
5,0;3,6;1,4
4,0;4,03;-0,03
1,0;3,76;-2,76
4,0;4,43;-0,43
1,0;4,12;-3,12
1,0;1,45;-0,45
4,0;4,24;-0,24
4,0;4,3;-0,3
4,0;4,69;-0,69
5,0;3,9;1,1
5,0;3,5;1,5
5,0;3,46;1,54
3,0;3,79;-0,79
4,0;3,98;0,02
4,0;4,81;-0,81
5,0;4,22;0,78
5,0;3,76;1,24
5,0;4,71;0,29
5,0;3,42;1,58
5,0;1,24;3,76
4,0;4,19;-0,19
5,0;4,37;0,63
4,0;4,41;-0,41
5,0;1,68;3,32
3,0;3,55;-0,55
4,0;3,13;0,87
5,0;4,21;0,79
5,0;4,56;0,44
5,0;4,24;0,76
5,0;4,54;0,46
5,0;4,02;0,98
5,0;4,06;0,94
5,0;4,53;0,47
5,0;4,32;0,68
5,0;2,13;2,87
5,0;4,66;0,34
1,0;3,59;-2,59
4,0;4,44;-0,44
1,0;3,85;-2,85
5,0;4,57;0,43
5,0;4,51;0,49
5,0;2,6;2,4
5,0;4,28;0,72
5,0;4,54;0,46
5,0;3,64;1,36
3,0;2,15;0,85
1,0;4,6;-3,6
5,0;4,64;0,36
5,0;3,84;1,16
4,0;4,33;-0,33
5,0;4,69;0,31
5,0;3,78;1,22
5,0;3,83;1,17
5,0;3,47;1,53
5,0;4,37;0,63
5,0;1,59;3,41
1,0;4,84;-3,84
5,0;2,98;2,02
5,0;4,15;0,85
1,0;1,37;-0,37
5,0;4,79;0,21
1,0;2,25;-1,25
5,0;4,51;0,49
5,0;4,6;0,4
5,0;4,5;0,5
4,0;2,97;1,03
5,0;4,05;0,95
4,0;4,59;-0,59
3,0;4,71;-1,71
5,0;4,91;0,09
5,0;4,16;0,84
2,0;4,57;-2,57
5,0;3,62;1,38
5,0;4,24;0,76
1,0;4,08;-3,08
4,6667;3,93;0,74
4,0;4,78;-0,78
2,3333;4,13;-1,8
5,0;4,04;0,96
5,0;4,62;0,38
5,0;4,98;0,02
2,0;4,29;-2,29
4,0;4,2;-0,2
5,0;4,64;0,36
3,0;4,46;-1,46
5,0;4,53;0,47
1,0;3,65;-2,65
5,0;4,82;0,18
4,0;3,9;0,1
4,0;4,25;-0,25
4,0;4,44;-0,44
5,0;4,79;0,21
2,0;4,72;-2,72
5,0;4,67;0,33
3,0;4,04;-1,04
4,0;4,57;-0,57
5,0;4,19;0,81
4,0;4,93;-0,93
5,0;3,85;1,15
5,0;3,69;1,31
5,0;4,99;0,01
4,0;4,43;-0,43
5,0;3,97;1,03
5,0;4,31;0,69
5,0;4,47;0,53
4,0;4,53;-0,53
5,0;3,92;1,08
5,0;4,28;0,72
3,0;3,86;-0,86
1,0;1,33;-0,33
5,0;4,46;0,54
5,0;3,15;1,85
1,0;3,72;-2,72
5,0;4,0;1,0
0,0;4,69;-4,69
5,0;3,76;1,24
5,0;4,08;0,92
3,0;3,66;-0,66
5,0;4,79;0,21
5,0;4,43;0,57
5,0;4,56;0,44
5,0;4,22;0,78
5,0;3,63;1,37
1,0;4,42;-3,42
4,0;4,52;-0,52
1,0;1,41;-0,41
5,0;4,78;0,22
5,0;4,42;0,58
5,0;4,58;0,42
3,0;4,21;-1,21
1,0;3,01;-2,01
5,0;4,29;0,71
5,0;4,61;0,39
4,0;4,09;-0,09
5,0;4,44;0,56
4,0;3,83;0,17
4,0;2,72;1,28
4,0;4,02;-0,02
1,0;3,05;-2,05
1,0;4,44;-3,44
5,0;4,48;0,52
1,0;4,1;-3,1
4,5;3,98;0,52
5,0;4,82;0,18
1,0;4,37;-3,37
5,0;4,34;0,66
1,0;4,67;-3,67
5,0;2,84;2,16
4,0;4,17;-0,17
1,0;1,06;-0,06
5,0;4,78;0,22
5,0;5,0;0,0
4,0;4,55;-0,55
5,0;4,39;0,61
1,0;3,94;-2,94
5,0;4,06;0,94
2,3333;4,09;-1,76
5,0;4,38;0,62
5,0;4,26;0,74
5,0;4,53;0,47
1,0;4,33;-3,33
5,0;4,64;0,36
5,0;4,94;0,06
5,0;4,16;0,84
5,0;4,86;0,14
5,0;1,17;3,83
5,0;4,63;0,37
5,0;4,17;0,83
4,0;4,71;-0,71
3,0;3,58;-0,58
3,0;3,79;-0,79
5,0;4,47;0,53
1,0;1,46;-0,46
5,0;4,2;0,8
5,0;4,47;0,53
1,0;3,85;-2,85
5,0;4,37;0,63
1,0;3,85;-2,85
5,0;4,54;0,46
4,0;3,93;0,07
5,0;4,09;0,91
5,0;3,02;1,98
5,0;4,52;0,48
1,0;1,61;-0,61
5,0;3,76;1,24
5,0;3,64;1,36
5,0;4,78;0,22
0,0;4,37;-4,37
5,0;5,0;0,0
5,0;3,78;1,22
3,0;4,54;-1,54
4,0;4,2;-0,2
5,0;4,42;0,58
4,0;3,98;0,02
5,0;4,3;0,7
4,0;4,07;-0,07
5,0;4,28;0,72
1,0;1,76;-0,76
1,0;2,39;-1,39
4,0;4,53;-0,53
5,0;4,18;0,82
1,0;1,11;-0,11
5,0;4,27;0,73
5,0;3,8;1,2
5,0;4,23;0,77
1,0;1,67;-0,67
5,0;3,93;1,07
4,0;4,82;-0,82
4,0;4,78;-0,78
4,0;4,25;-0,25
3,0;4,47;-1,47
1,0;1,78;-0,78
1,0;2,35;-1,35
5,0;4,49;0,51
5,0;3,24;1,76
5,0;4,88;0,12
5,0;4,12;0,88
5,0;4,17;0,83
5,0;4,91;0,09
5,0;3,3;1,7
4,5;4,54;-0,04
4,0;4,78;-0,78
3,0;4,78;-1,78
5,0;3,97;1,03
2,0;4,21;-2,21
5,0;4,94;0,06
3,0;4,34;-1,34
4,0;4,64;-0,64
5,0;4,43;0,57
4,0;4,88;-0,88
2,0;4,69;-2,69
5,0;3,64;1,36
3,0;3,92;-0,92
5,0;4,64;0,36
5,0;3,96;1,04
5,0;4,06;0,94
4,0;4,47;-0,47
4,0;3,4;0,6
5,0;4,89;0,11
4,0;4,34;-0,34
3,0;3,77;-0,77
5,0;4,73;0,27
5,0;3,79;1,21
1,0;1,29;-0,29
4,0;4,53;-0,53
5,0;3,52;1,48
5,0;3,56;1,44
5,0;4,3;0,7
5,0;4,06;0,94
5,0;4,6;0,4
3,0;1,69;1,31
5,0;3,27;1,73
1,0;2,19;-1,19
4,0;4,78;-0,78
3,0;2,07;0,93
4,0;3,42;0,58
5,0;4,63;0,37
4,0;4,03;-0,03
1,0;3,2;-2,2
1,0;2,2;-1,2
4,0;4,21;-0,21
5,0;4,27;0,73
5,0;4,74;0,26
3,0;4,22;-1,22
4,0;4,75;-0,75
5,0;2,75;2,25
2,0;4,05;-2,05
3,0;2,73;0,27
4,0;4,22;-0,22
3,0;4,74;-1,74
5,0;4,39;0,61
0,0;1,21;-1,21
5,0;4,47;0,53
1,0;2,12;-1,12
5,0;3,79;1,21
5,0;2,04;2,96
5,0;3,49;1,51
3,0;4,04;-1,04
3,0;3,73;-0,73
5,0;4,25;0,75
5,0;4,97;0,03
5,0;4,8;0,2
4,0;4,86;-0,86
5,0;3,65;1,35
4,0;4,71;-0,71
5,0;4,48;0,52
3,0;4,46;-1,46
5,0;4,09;0,91
5,0;4,16;0,84
5,0;4,28;0,72
5,0;4,53;0,47
5,0;4,55;0,45
4,0;1,22;2,78
3,0;4,48;-1,48
5,0;3,53;1,47
5,0;5,0;0,0
5,0;4,59;0,41
5,0;3,98;1,02
5,0;4,08;0,92
3,0;4,56;-1,56
4,0;4,84;-0,84
4,0;4,7;-0,7
5,0;4,12;0,88
3,0;4,29;-1,29
5,0;3,97;1,03
1,0;2,45;-1,45
5,0;4,75;0,25
5,0;3,86;1,14
3,0;4,57;-1,57
1,0;2,09;-1,09
4,0;4,57;-0,57
1,0;4,81;-3,81
5,0;4,0;1,0
4,0;3,83;0,17
3,0;2,39;0,61
1,0;1,85;-0,85
5,0;4,34;0,66
5,0;4,55;0,45
0,0;4,49;-4,49
5,0;4,3;0,7
1,0;2,01;-1,01
5,0;4,4;0,6
5,0;4,86;0,14
5,0;4,75;0,25
5,0;4,67;0,33
5,0;3,9;1,1
1,0;4,46;-3,46
5,0;3,78;1,22
4,0;3,83;0,17
5,0;4,5;0,5
4,0;4,04;-0,04
5,0;4,68;0,32
4,0;4,24;-0,24
4,0;4,04;-0,04
5,0;4,44;0,56
5,0;4,74;0,26
1,0;3,83;-2,83
4,0;4,08;-0,08
5,0;4,63;0,37
5,0;4,83;0,17
2,0;4,69;-2,69
3,0;4,63;-1,63
5,0;4,4;0,6
5,0;3,71;1,29
3,0;4,92;-1,92
4,0;4,39;-0,39
5,0;3,95;1,05
4,0;3,18;0,82
4,0;4,29;-0,29
0,0;2,94;-2,94
5,0;3,51;1,49
3,0;4,45;-1,45
4,0;3,81;0,19
1,0;3,62;-2,62
5,0;4,12;0,88
1,0;4,59;-3,59
5,0;4,87;0,13
4,0;4,66;-0,66
5,0;3,42;1,58
4,0;3,05;0,95
5,0;4,33;0,67
5,0;4,25;0,75
4,0;4,74;-0,74
3,0;4,44;-1,44
4,0;4,23;-0,23
5,0;4,68;0,32
5,0;4,58;0,42
5,0;4,86;0,14
4,0;3,23;0,77
4,0;4,73;-0,73
5,0;4,17;0,83
5,0;3,56;1,44
3,0;1,52;1,48
2,0;4,75;-2,75
4,0;4,47;-0,47
3,0;4,16;-1,16
5,0;3,36;1,64
3,0;4,22;-1,22
3,0;4,58;-1,58
5,0;4,47;0,53
5,0;4,13;0,87
5,0;4,75;0,25
4,0;3,7;0,3
5,0;2,97;2,03
4,0;4,43;-0,43
4,0;4,49;-0,49
5,0;3,99;1,01
3,0;4,42;-1,42
5,0;4,34;0,66
5,0;4,5;0,5
5,0;4,02;0,98
5,0;4,62;0,38
5,0;4,91;0,09
5,0;3,52;1,48
3,0;2,28;0,72
3,0;4,5;-1,5
5,0;4,33;0,67
5,0;4,88;0,12
5,0;4,36;0,64
5,0;4,21;0,79
5,0;3,53;1,47
5,0;4,5;0,5
1,0;3,03;-2,03
5,0;4,23;0,77
4,0;4,19;-0,19
5,0;4,08;0,92
5,0;4,66;0,34
2,0;4,39;-2,39
5,0;3,36;1,64
5,0;4,7;0,3
5,0;3,88;1,12
5,0;1,86;3,14
1,0;1,82;-0,82
5,0;4,33;0,67
5,0;3,5;1,5
0,0;4,57;-4,57
5,0;4,56;0,44
5,0;4,46;0,54
4,0;2,29;1,71
5,0;4,36;0,64
3,0;4,11;-1,11
5,0;4,54;0,46
1,0;1,17;-0,17
5,0;4,29;0,71
4,0;4,36;-0,36
1,0;3,09;-2,09
4,0;3,97;0,03
5,0;4,3;0,7
5,0;4,53;0,47
4,0;4,23;-0,23
4,0;4,29;-0,29
4,0;4,43;-0,43
5,0;1,57;3,43
4,5;4,58;-0,08
5,0;5,0;0,0
4,0;4,63;-0,63
5,0;3,72;1,28
5,0;3,69;1,31
5,0;4,68;0,32
1,0;4,63;-3,63
5,0;4,88;0,12
4,0;2,99;1,01
5,0;4,72;0,28
4,0;4,26;-0,26
5,0;4,36;0,64
4,0;3,55;0,45
3,0;3,61;-0,61
5,0;4,86;0,14
4,0;3,86;0,14
5,0;4,61;0,39
5,0;3,77;1,23
5,0;4,14;0,86
4,0;4,4;-0,4
5,0;4,84;0,16
5,0;3,09;1,91
5,0;4,39;0,61
4,0;4,75;-0,75
1,0;4,31;-3,31
5,0;4,58;0,42
5,0;4,0;1,0
4,0;4,2;-0,2
2,0;4,74;-2,74
1,0;1,72;-0,72
0,0;3,56;-3,56
4,0;1,98;2,02
4,0;4,44;-0,44
5,0;4,3;0,7
5,0;4,85;0,15
5,0;4,06;0,94
3,0;4,43;-1,43
3,0;4,24;-1,24
5,0;4,64;0,36
4,0;4,4;-0,4
5,0;4,47;0,53
1,0;3,34;-2,34
1,0;3,35;-2,35
5,0;2,04;2,96
5,0;2,33;2,67
5,0;4,37;0,63
4,0;4,78;-0,78
4,0;3,81;0,19
5,0;4,61;0,39
5,0;4,39;0,61
5,0;4,76;0,24
5,0;4,24;0,76
5,0;1,34;3,66
5,0;4,45;0,55
5,0;4,44;0,56
5,0;3,99;1,01
5,0;4,93;0,07
5,0;3,72;1,28
2,0;4,61;-2,61
5,0;4,32;0,68
4,0;3,96;0,04
5,0;4,45;0,55
1,0;4,26;-3,26
1,0;3,74;-2,74
1,0;4,25;-3,25
4,0;4,42;-0,42
4,0;4,79;-0,79
1,0;3,41;-2,41
5,0;4,01;0,99
5,0;4,51;0,49
5,0;4,99;0,01
5,0;4,72;0,28
5,0;4,5;0,5
1,0;1,89;-0,89
3,0;4,7;-1,7
5,0;3,89;1,11
5,0;3,54;1,46
5,0;4,07;0,93
5,0;4,45;0,55
4,0;4,25;-0,25
5,0;3,96;1,04
5,0;4,22;0,78
1,0;2,36;-1,36
4,0;2,56;1,44
5,0;4,27;0,73
5,0;3,51;1,49
5,0;4,61;0,39
5,0;3,23;1,77
5,0;4,75;0,25
3,0;3,98;-0,98
5,0;3,67;1,33
5,0;3,22;1,78
1,0;2,46;-1,46
4,0;4,25;-0,25
2,0;1,47;0,53
5,0;4,72;0,28
4,0;4,25;-0,25
1,0;2,54;-1,54
5,0;4,23;0,77
5,0;4,75;0,25
4,5;4,27;0,23
5,0;3,22;1,78
5,0;4,37;0,63
3,0;4,93;-1,93
3,0;4,09;-1,09
4,0;4,6;-0,6
5,0;4,62;0,38
4,0;4,14;-0,14
3,0;3,74;-0,74
5,0;4,45;0,55
3,0;4,07;-1,07
2,0;2,91;-0,91
4,0;3,68;0,32
4,0;4,32;-0,32
4,0;4,39;-0,39
5,0;4,6;0,4
4,0;4,44;-0,44
4,0;4,33;-0,33
4,0;4,61;-0,61
5,0;4,15;0,85
1,0;1,63;-0,63
3,0;3,86;-0,86
2,0;1,73;0,27
5,0;3,61;1,39
3,0;4,27;-1,27
3,0;3,96;-0,96
5,0;4,17;0,83
5,0;3,27;1,73
2,0;3,55;-1,55
3,0;3,18;-0,18
1,0;1,26;-0,26
3,0;4,46;-1,46
3,0;4,28;-1,28
4,0;3,52;0,48
5,0;3,81;1,19
4,0;4,17;-0,17
1,0;4,38;-3,38
5,0;3,69;1,31
4,0;3,46;0,54
5,0;3,85;1,15
4,0;4,63;-0,63
5,0;4,61;0,39
5,0;3,64;1,36
5,0;4,72;0,28
5,0;4,47;0,53
2,0;4,82;-2,82
5,0;4,99;0,01
5,0;4,14;0,86
5,0;4,68;0,32
3,0;4,35;-1,35
5,0;3,1;1,9
5,0;4,8;0,2
1,0;3,72;-2,72
4,5;4,44;0,06
5,0;2,92;2,08
5,0;4,76;0,24
5,0;4,51;0,49
3,0;4,55;-1,55
3,0;4,61;-1,61
5,0;4,21;0,79
4,0;3,36;0,64
4,0;4,34;-0,34
4,0;3,77;0,23
5,0;2,48;2,52
5,0;4,36;0,64
1,0;2,18;-1,18
5,0;4,23;0,77
3,0;3,84;-0,84
4,0;4,77;-0,77
5,0;4,95;0,05
5,0;4,65;0,35
1,0;4,79;-3,79
5,0;4,58;0,42
1,0;4,37;-3,37
4,0;4,42;-0,42
5,0;3,48;1,52
4,0;3,92;0,08
1,0;4,8;-3,8
4,0;3,0;1,0
5,0;4,24;0,76
4,0;4,42;-0,42
4,0;4,48;-0,48
4,0;4,31;-0,31
5,0;4,76;0,24
5,0;4,65;0,35
5,0;3,56;1,44
1,0;4,51;-3,51
3,0;4,79;-1,79
2,0;4,41;-2,41
4,0;3,69;0,31
0,0;1,14;-1,14
3,0;4,34;-1,34
5,0;4,13;0,87
1,0;3,01;-2,01
4,0;4,77;-0,77
5,0;4,47;0,53
3,0;4,12;-1,12
5,0;4,08;0,92
5,0;4,67;0,33
4,0;4,38;-0,38
5,0;4,41;0,59
4,0;4,24;-0,24
3,0;4,35;-1,35
5,0;3,73;1,27
5,0;4,19;0,81
1,0;4,51;-3,51
5,0;3,45;1,55
5,0;3,4;1,6
5,0;3,97;1,03
5,0;4,07;0,93
5,0;4,67;0,33
5,0;4,31;0,69
5,0;4,84;0,16
5,0;3,96;1,04
4,0;4,61;-0,61
5,0;2,98;2,02
5,0;4,59;0,41
1,0;1,45;-0,45
3,0;4,77;-1,77
5,0;4,96;0,04
4,0;3,32;0,68
4,0;4,25;-0,25
5,0;3,42;1,58
4,0;2,78;1,22
4,0;4,47;-0,47
5,0;4,43;0,57
3,0;4,72;-1,72
2,0;4,67;-2,67
3,0;1,36;1,64
5,0;4,72;0,28
5,0;3,96;1,04
5,0;4,2;0,8
3,0;2,77;0,23
4,0;4,76;-0,76
5,0;3,93;1,07
5,0;4,41;0,59
5,0;3,66;1,34
5,0;3,28;1,72
4,0;4,37;-0,37
5,0;4,24;0,76
5,0;3,88;1,12
5,0;3,96;1,04
4,0;4,85;-0,85
5,0;3,8;1,2
5,0;4,72;0,28
5,0;3,32;1,68
5,0;3,83;1,17
5,0;4,47;0,53
5,0;3,78;1,22
5,0;4,6;0,4
3,0;4,23;-1,23
4,0;4,16;-0,16
4,0;4,94;-0,94
5,0;4,87;0,13
5,0;4,82;0,18
1,0;4,39;-3,39
5,0;3,9;1,1
5,0;1,51;3,49
4,0;4,51;-0,51
5,0;4,78;0,22
5,0;2,37;2,63
5,0;3,74;1,26
5,0;4,3;0,7
3,0;4,28;-1,28
5,0;4,2;0,8
4,0;4,65;-0,65
5,0;4,64;0,36
5,0;3,56;1,44
5,0;4,16;0,84
5,0;4,7;0,3
1,0;1,8;-0,8
5,0;4,62;0,38
5,0;4,44;0,56
1,0;1,55;-0,55
3,0;3,69;-0,69
4,0;4,48;-0,48
5,0;4,63;0,37
2,0;3,91;-1,91
5,0;4,97;0,03
5,0;4,12;0,88
3,0;4,55;-1,55
4,6667;3,71;0,96
5,0;3,26;1,74
5,0;4,73;0,27
1,0;3,46;-2,46
4,0;4,44;-0,44
4,0;4,12;-0,12
5,0;2,19;2,81
4,0;4,07;-0,07
5,0;4,09;0,91
4,0;4,22;-0,22
5,0;4,6;0,4
3,0;3,35;-0,35
4,0;4,73;-0,73
2,0;1,82;0,18
5,0;4,88;0,12
1,0;4,88;-3,88
3,0;4,33;-1,33
1,0;1,6;-0,6
5,0;3,73;1,27
4,0;2,89;1,11
5,0;4,08;0,92
5,0;3,87;1,13
3,0;4,1;-1,1
5,0;4,72;0,28
5,0;3,68;1,32
5,0;4,08;0,92
1,0;2,29;-1,29
4,0;4,13;-0,13
5,0;3,41;1,59
5,0;3,52;1,48
4,0;4,54;-0,54
1,0;4,01;-3,01
4,0;3,97;0,03
1,0;2,2;-1,2
5,0;3,88;1,12
5,0;3,24;1,76
4,0;3,53;0,47
1,0;2,0;-1,0
5,0;4,55;0,45
5,0;2,52;2,48
5,0;5,0;0,0
5,0;4,62;0,38
5,0;3,67;1,33
4,0;4,4;-0,4
5,0;4,2;0,8
5,0;4,25;0,75
4,0;4,76;-0,76
5,0;4,37;0,63
4,0;4,17;-0,17
4,0;4,74;-0,74
4,0;4,48;-0,48
5,0;4,34;0,66
5,0;4,76;0,24
5,0;3,53;1,47
5,0;4,2;0,8
4,0;3,19;0,81
5,0;4,56;0,44
2,0;2,22;-0,22
4,0;3,6;0,4
4,0;4,26;-0,26
5,0;4,62;0,38
5,0;4,48;0,52
5,0;4,24;0,76
4,0;3,89;0,11
5,0;4,35;0,65
5,0;4,13;0,87
4,0;4,46;-0,46
1,0;3,54;-2,54
5,0;3,73;1,27
3,0;4,25;-1,25
4,0;3,45;0,55
5,0;3,72;1,28
5,0;4,96;0,04
5,0;4,53;0,47
5,0;3,95;1,05
5,0;4,97;0,03
5,0;4,69;0,31
0,0;3,97;-3,97
4,0;4,69;-0,69
5,0;4,66;0,34
5,0;3,97;1,03
5,0;4,35;0,65
5,0;3,44;1,56
4,0;4,4;-0,4
5,0;4,61;0,39
1,0;1,6;-0,6
5,0;3,89;1,11
5,0;4,76;0,24
3,0;3,37;-0,37
4,0;4,17;-0,17
5,0;4,12;0,88
4,0;4,59;-0,59
4,0;4,57;-0,57
5,0;4,22;0,78
5,0;4,22;0,78
5,0;4,03;0,97
5,0;3,85;1,15
5,0;4,42;0,58
1,0;1,62;-0,62
4,0;4,81;-0,81
5,0;3,85;1,15
4,0;4,21;-0,21
3,0;3,91;-0,91
5,0;4,11;0,89
5,0;4,47;0,53
5,0;1,91;3,09
5,0;4,69;0,31
5,0;4,71;0,29
5,0;4,34;0,66
5,0;3,6;1,4
4,0;4,91;-0,91
5,0;3,24;1,76
3,0;4,05;-1,05
5,0;3,8;1,2
5,0;2,47;2,53
1,0;4,0;-3,0
2,0;4,53;-2,53
5,0;4,75;0,25
3,0;4,66;-1,66
1,0;4,97;-3,97
1,0;4,66;-3,66
5,0;3,51;1,49
1,0;3,2;-2,2
5,0;4,52;0,48
5,0;4,3;0,7
4,0;1,41;2,59
1,0;3,96;-2,96
5,0;4,53;0,47
1,0;2,42;-1,42
5,0;4,51;0,49
4,0;4,09;-0,09
5,0;4,6;0,4
5,0;3,79;1,21
5,0;4,73;0,27
4,0;4,85;-0,85
3,0;1,64;1,36
5,0;4,2;0,8
3,0;4,35;-1,35
4,0;4,8;-0,8
4,0;4,5;-0,5
1,0;4,64;-3,64
4,0;4,37;-0,37
1,0;2,32;-1,32
5,0;4,1;0,9
4,0;4,37;-0,37
5,0;4,2;0,8
5,0;4,3;0,7
5,0;3,97;1,03
5,0;4,6;0,4
4,0;4,55;-0,55
4,0;3,95;0,05
1,0;4,74;-3,74
4,0;4,65;-0,65
5,0;4,61;0,39
5,0;3,32;1,68
5,0;4,36;0,64
4,0;4,14;-0,14
5,0;4,51;0,49
5,0;4,82;0,18
5,0;4,88;0,12
5,0;4,43;0,57
5,0;4,88;0,12
5,0;3,9;1,1
5,0;3,89;1,11
5,0;3,02;1,98
5,0;3,61;1,39
5,0;4,78;0,22
5,0;3,41;1,59
5,0;3,79;1,21
5,0;4,77;0,23
1,0;2,76;-1,76
1,0;4,49;-3,49
3,0;3,21;-0,21
2,0;1,33;0,67
3,0;4,38;-1,38
4,0;4,58;-0,58
1,0;3,35;-2,35
5,0;4,21;0,79
5,0;2,46;2,54
5,0;4,92;0,08
5,0;4,91;0,09
5,0;4,48;0,52
5,0;4,77;0,23
4,0;3,98;0,02
5,0;3,82;1,18
5,0;4,77;0,23
4,0;4,01;-0,01
5,0;3,98;1,02
5,0;4,06;0,94
3,0;3,84;-0,84
5,0;4,86;0,14
5,0;4,27;0,73
5,0;3,79;1,21
5,0;3,83;1,17
5,0;4,25;0,75
5,0;4,66;0,34
4,0;4,04;-0,04
5,0;4,33;0,67
5,0;4,51;0,49
5,0;4,08;0,92
5,0;4,81;0,19
5,0;3,1;1,9
5,0;3,93;1,07
5,0;3,92;1,08
3,0;4,4;-1,4
3,0;3,82;-0,82
1,0;1,36;-0,36
5,0;4,49;0,51
5,0;4,34;0,66
5,0;4,53;0,47
5,0;4,96;0,04
5,0;4,27;0,73
5,0;4,42;0,58
5,0;4,32;0,68
3,0;4,73;-1,73
5,0;4,06;0,94
4,0;4,3;-0,3
5,0;4,45;0,55
5,0;4,83;0,17
1,0;2,1;-1,1
5,0;4,6;0,4
5,0;4,38;0,62
5,0;4,33;0,67
5,0;4,33;0,67
5,0;4,84;0,16
1,0;4,01;-3,01
5,0;4,34;0,66
4,0;4,83;-0,83
5,0;4,48;0,52
5,0;4,58;0,42
5,0;4,37;0,63
3,0;3,94;-0,94
1,0;4,93;-3,93
3,5;3,85;-0,35
5,0;4,47;0,53
5,0;4,92;0,08
5,0;4,15;0,85
4,0;3,8;0,2
5,0;3,31;1,69
5,0;4,44;0,56
4,0;4,21;-0,21
4,0;4,38;-0,38
0,0;1,34;-1,34
3,0;2,22;0,78
4,0;4,66;-0,66
1,0;1,22;-0,22
3,0;4,11;-1,11
1,0;3,25;-2,25
5,0;4,46;0,54
4,5;4,38;0,12
5,0;4,72;0,28
5,0;4,22;0,78
5,0;3,24;1,76
5,0;4,82;0,18
5,0;3,56;1,44
4,0;4,12;-0,12
5,0;3,96;1,04
5,0;3,86;1,14
5,0;4,48;0,52
5,0;4,89;0,11
4,0;4,03;-0,03
5,0;4,58;0,42
4,0;4,29;-0,29
5,0;4,12;0,88
5,0;4,84;0,16
5,0;4,56;0,44
4,0;3,51;0,49
5,0;4,56;0,44
5,0;4,4;0,6
4,0;3,93;0,07
2,0;4,09;-2,09
1,0;3,43;-2,43
4,0;4,55;-0,55
5,0;2,99;2,01
5,0;4,2;0,8
4,0;3,22;0,78
4,0;4,59;-0,59
5,0;4,72;0,28
5,0;4,56;0,44
1,0;4,65;-3,65
5,0;3,85;1,15
5,0;4,35;0,65
1,0;1,34;-0,34
5,0;3,79;1,21
5,0;4,9;0,1
5,0;4,34;0,66
5,0;4,3;0,7
3,0;3,41;-0,41
4,0;4,1;-0,1
4,0;3,99;0,01
5,0;4,73;0,27
3,0;3,67;-0,67
5,0;4,23;0,77
5,0;4,11;0,89
5,0;4,8;0,2
3,5;4,17;-0,67
1,0;4,33;-3,33
5,0;4,89;0,11
5,0;4,47;0,53
5,0;4,66;0,34
5,0;4,84;0,16
4,5;4,23;0,27
4,0;2,61;1,39
1,0;4,82;-3,82
4,0;4,58;-0,58
5,0;4,33;0,67
5,0;4,93;0,07
5,0;4,47;0,53
1,0;2,5;-1,5
3,0;3,68;-0,68
4,0;4,6;-0,6
1,0;3,9;-2,9
4,0;4,17;-0,17
5,0;3,78;1,22
5,0;4,5;0,5
4,0;3,89;0,11
5,0;3,2;1,8
1,0;1,3;-0,3
4,0;4,78;-0,78
5,0;4,11;0,89
5,0;4,31;0,69
4,0;4,44;-0,44
5,0;4,55;0,45
5,0;4,06;0,94
5,0;4,26;0,74
5,0;4,64;0,36
4,5;4,23;0,27
4,0;3,66;0,34
4,0;4,67;-0,67
4,6667;3,96;0,71
4,0;4,29;-0,29
5,0;4,25;0,75
5,0;4,77;0,23
5,0;4,16;0,84
5,0;4,77;0,23
3,0;3,1;-0,1
5,0;3,86;1,14
5,0;3,72;1,28
2,0;4,88;-2,88
5,0;4,4;0,6
4,0;4,02;-0,02
5,0;4,2;0,8
4,0;3,06;0,94
5,0;4,49;0,51
5,0;4,16;0,84
5,0;4,53;0,47
5,0;3,54;1,46
2,0;3,86;-1,86
5,0;4,7;0,3
5,0;4,53;0,47
1,0;2,28;-1,28
1,0;1,47;-0,47
5,0;3,29;1,71
5,0;4,34;0,66
5,0;4,87;0,13
4,0;4,08;-0,08
5,0;4,57;0,43
4,0;4,5;-0,5
3,0;4,18;-1,18
1,0;1,17;-0,17
5,0;4,15;0,85
4,0;3,46;0,54
1,0;1,2;-0,2
4,0;3,43;0,57
0,0;4,23;-4,23
5,0;4,14;0,86
5,0;4,69;0,31
5,0;4,25;0,75
4,0;3,89;0,11
5,0;3,85;1,15
4,0;4,62;-0,62
5,0;4,78;0,22
1,0;3,64;-2,64
5,0;4,34;0,66
5,0;4,54;0,46
5,0;4,42;0,58
4,0;4,87;-0,87
4,0;4,44;-0,44
5,0;4,26;0,74
4,0;4,02;-0,02
5,0;4,31;0,69
5,0;4,81;0,19
5,0;3,8;1,2
5,0;4,53;0,47
4,0;4,31;-0,31
5,0;4,58;0,42
5,0;4,79;0,21
5,0;3,5;1,5
5,0;3,38;1,62
5,0;4,37;0,63
4,0;4,48;-0,48
4,0;4,14;-0,14
1,0;3,56;-2,56
5,0;3,91;1,09
5,0;4,02;0,98
5,0;4,38;0,62
5,0;3,24;1,76
3,0;3,92;-0,92
3,0;1,43;1,57
2,0;3,94;-1,94
5,0;4,19;0,81
5,0;4,57;0,43
5,0;4,76;0,24
5,0;4,26;0,74
5,0;3,77;1,23
4,0;3,85;0,15
1,0;4,8;-3,8
5,0;4,36;0,64
5,0;4,02;0,98
5,0;3,56;1,44
3,0;4,39;-1,39
4,0;3,09;0,91
4,0;3,62;0,38
5,0;3,99;1,01
5,0;4,22;0,78
1,0;4,74;-3,74
4,0;4,86;-0,86
1,0;4,54;-3,54
5,0;4,4;0,6
5,0;4,02;0,98
5,0;4,86;0,14
4,0;4,55;-0,55
2,0;4,9;-2,9
5,0;4,77;0,23
5,0;4,28;0,72
4,0;3,86;0,14
4,0;4,29;-0,29
5,0;3,88;1,12
4,0;4,7;-0,7
3,0;1,37;1,63
3,0;4,21;-1,21
1,0;4,59;-3,59
3,0;3,78;-0,78
3,0;3,81;-0,81
5,0;4,3;0,7
1,0;1,81;-0,81
4,0;4,18;-0,18
5,0;4,53;0,47
5,0;1,98;3,02
5,0;4,67;0,33
5,0;4,58;0,42
5,0;4,85;0,15
5,0;4,64;0,36
2,0;3,96;-1,96
5,0;4,05;0,95
2,0;4,36;-2,36
5,0;4,25;0,75
5,0;4,3;0,7
3,0;3,22;-0,22
1,0;3,18;-2,18
4,0;3,17;0,83
5,0;4,36;0,64
5,0;4,89;0,11
5,0;3,71;1,29
5,0;3,52;1,48
5,0;4,28;0,72
5,0;3,92;1,08
4,0;2,26;1,74
4,0;4,83;-0,83
4,0;3,93;0,07
2,0;2,62;-0,62
2,0;4,7;-2,7
5,0;4,71;0,29
5,0;4,41;0,59
5,0;3,78;1,22
5,0;4,98;0,02
4,0;5,0;-1,0
3,0;4,8;-1,8
4,0;4,52;-0,52
5,0;4,24;0,76
5,0;4,07;0,93
5,0;4,85;0,15
4,0;2,8;1,2
3,0;3,13;-0,13
4,0;4,6;-0,6
5,0;4,69;0,31
5,0;4,03;0,97
3,0;4,43;-1,43
5,0;4,0;1,0
3,0;4,2;-1,2
3,0;1,31;1,69
3,0;3,26;-0,26
5,0;4,45;0,55
4,0;4,39;-0,39
1,0;4,34;-3,34
5,0;4,44;0,56
5,0;3,53;1,47
4,0;4,76;-0,76
5,0;3,7;1,3
5,0;4,13;0,87
4,0;4,29;-0,29
5,0;3,78;1,22
1,0;4,38;-3,38
4,0;4,64;-0,64
4,0;4,43;-0,43
5,0;4,84;0,16
4,0;4,34;-0,34
5,0;3,27;1,73
4,0;1,79;2,21
1,0;4,23;-3,23
1,0;4,37;-3,37
1,0;3,46;-2,46
5,0;4,0;1,0
5,0;3,84;1,16
1,0;4,84;-3,84
5,0;4,57;0,43
2,0;2,84;-0,84
5,0;4,27;0,73
5,0;4,52;0,48
5,0;3,44;1,56
3,0;4,57;-1,57
2,0;3,29;-1,29
1,0;3,77;-2,77
5,0;4,65;0,35
5,0;4,12;0,88
5,0;3,99;1,01
3,0;4,11;-1,11
5,0;4,8;0,2
5,0;4,67;0,33
5,0;4,5;0,5
5,0;4,67;0,33
1,0;4,05;-3,05
5,0;4,5;0,5
5,0;4,44;0,56
4,0;4,48;-0,48
5,0;4,15;0,85
5,0;4,09;0,91
5,0;4,27;0,73
5,0;4,57;0,43
4,0;4,94;-0,94
5,0;4,55;0,45
1,0;3,94;-2,94
5,0;4,36;0,64
1,0;4,73;-3,73
5,0;4,73;0,27
5,0;4,67;0,33
4,0;4,27;-0,27
3,0;1,66;1,34
5,0;4,41;0,59
1,0;2,37;-1,37
5,0;4,56;0,44
4,0;4,41;-0,41
1,0;3,34;-2,34
5,0;4,71;0,29
4,0;3,83;0,17
5,0;3,57;1,43
5,0;4,76;0,24
5,0;4,19;0,81
3,0;4,92;-1,92
5,0;4,94;0,06
5,0;4,55;0,45
5,0;4,47;0,53
5,0;4,23;0,77
5,0;4,76;0,24
5,0;3,82;1,18
4,0;4,32;-0,32
5,0;3,28;1,72
2,0;3,27;-1,27
5,0;4,17;0,83
3,0;4,59;-1,59
5,0;4,22;0,78
5,0;1,44;3,56
4,0;3,73;0,27
5,0;4,77;0,23
4,0;4,92;-0,92
3,0;4,99;-1,99
4,0;4,44;-0,44
3,0;4,51;-1,51
5,0;4,43;0,57
5,0;3,11;1,89
4,0;4,22;-0,22
5,0;3,45;1,55
4,0;3,63;0,37
4,0;4,87;-0,87
5,0;3,68;1,32
2,0;4,63;-2,63
5,0;2,82;2,18
5,0;4,6;0,4
4,0;4,03;-0,03
4,0;3,51;0,49
5,0;4,82;0,18
5,0;4,25;0,75
4,0;4,07;-0,07
1,0;3,42;-2,42
5,0;4,0;1,0
5,0;4,44;0,56
5,0;3,25;1,75
3,0;2,23;0,77
4,0;4,57;-0,57
3,0;4,38;-1,38
4,0;4,69;-0,69
4,0;4,74;-0,74
4,0;4,3;-0,3
5,0;4,3;0,7
5,0;4,27;0,73
4,0;3,9;0,1
2,0;4,94;-2,94
5,0;3,2;1,8
1,0;1,14;-0,14
1,0;4,75;-3,75
5,0;3,29;1,71
4,0;3,55;0,45
5,0;4,72;0,28
4,0;4,14;-0,14
5,0;4,9;0,1
1,0;4,01;-3,01
5,0;4,89;0,11
4,0;2,65;1,35
5,0;2,13;2,87
5,0;3,79;1,21
5,0;4,78;0,22
4,0;4,71;-0,71
5,0;4,48;0,52
5,0;5,0;0,0
5,0;4,3;0,7
3,0;4,59;-1,59
4,0;4,08;-0,08
4,0;4,22;-0,22
4,0;4,1;-0,1
1,0;2,42;-1,42
5,0;3,45;1,55
4,0;4,92;-0,92
5,0;3,13;1,87
5,0;4,81;0,19
5,0;4,57;0,43
5,0;3,27;1,73
5,0;2,38;2,62
5,0;4,34;0,66
5,0;4,7;0,3
5,0;4,58;0,42
5,0;5,0;0,0
3,0;3,58;-0,58
5,0;4,55;0,45
3,0;3,64;-0,64
5,0;4,58;0,42
3,0;3,69;-0,69
5,0;4,97;0,03
5,0;4,66;0,34
1,0;3,9;-2,9
5,0;4,59;0,41
1,0;4,63;-3,63
5,0;3,86;1,14
5,0;4,41;0,59
4,0;2,64;1,36
4,0;4,76;-0,76
4,0;3,02;0,98
4,0;4,2;-0,2
4,0;4,16;-0,16
3,0;2,18;0,82
5,0;4,48;0,52
1,0;4,2;-3,2
5,0;4,71;0,29
5,0;4,68;0,32
4,0;3,03;0,97
5,0;4,51;0,49
4,0;3,42;0,58
5,0;3,82;1,18
5,0;4,61;0,39
5,0;4,16;0,84
4,0;3,63;0,37
1,0;3,82;-2,82
5,0;3,81;1,19
1,0;4,68;-3,68
5,0;3,7;1,3
3,0;4,5;-1,5
5,0;3,44;1,56
3,0;4,27;-1,27
5,0;4,77;0,23
1,0;4,04;-3,04
4,0;3,78;0,22
5,0;4,16;0,84
5,0;4,94;0,06
1,0;3,92;-2,92
3,0;4,51;-1,51
5,0;4,84;0,16
1,0;1,29;-0,29
5,0;4,66;0,34
0,0;4,46;-4,46
4,0;4,09;-0,09
1,0;3,78;-2,78
5,0;4,09;0,91
1,0;3,99;-2,99
5,0;4,68;0,32
5,0;4,54;0,46
1,0;1,58;-0,58
5,0;3,72;1,28
5,0;4,51;0,49
5,0;4,92;0,08
5,0;4,46;0,54
2,0;4,54;-2,54
5,0;3,69;1,31
5,0;4,19;0,81
4,0;4,19;-0,19
4,0;4,03;-0,03
5,0;3,78;1,22
4,0;4,02;-0,02
5,0;4,42;0,58
4,0;4,47;-0,47
5,0;4,94;0,06
1,0;4,77;-3,77
1,0;1,2;-0,2
4,0;4,87;-0,87
5,0;3,2;1,8
5,0;4,52;0,48
1,0;3,32;-2,32
1,0;1,69;-0,69
5,0;3,87;1,13
5,0;3,16;1,84
5,0;3,93;1,07
4,0;3,82;0,18
4,0;3,96;0,04
3,0;4,56;-1,56
4,0;4,54;-0,54
2,0;4,49;-2,49
5,0;1,45;3,55
5,0;3,98;1,02
1,0;2,48;-1,48
5,0;4,66;0,34
3,0;3,32;-0,32
3,0;4,53;-1,53
5,0;3,84;1,16
5,0;3,99;1,01
5,0;4,38;0,62
5,0;4,11;0,89
2,0;4,0;-2,0
5,0;4,12;0,88
5,0;4,49;0,51
5,0;4,43;0,57
5,0;4,64;0,36
5,0;4,24;0,76
1,0;4,42;-3,42
5,0;4,25;0,75
5,0;4,2;0,8
5,0;4,24;0,76
4,0;4,01;-0,01
0,0;3,34;-3,34
5,0;4,84;0,16
5,0;4,46;0,54
0,0;4,36;-4,36
1,0;4,62;-3,62
1,0;1,8;-0,8
4,0;4,56;-0,56
5,0;3,86;1,14
3,0;2,67;0,33
5,0;4,82;0,18
5,0;3,77;1,23
5,0;3,39;1,61
3,0;1,74;1,26
5,0;3,46;1,54
4,0;4,42;-0,42
5,0;4,57;0,43
5,0;2,11;2,89
3,0;4,8;-1,8
3,0;4,06;-1,06
5,0;3,98;1,02
4,0;4,42;-0,42
5,0;4,82;0,18
5,0;4,98;0,02
5,0;4,45;0,55
3,0;3,55;-0,55
4,0;4,96;-0,96
4,0;3,73;0,27
2,5;4,39;-1,89
4,0;4,87;-0,87
5,0;4,95;0,05
3,0;4,45;-1,45
5,0;4,64;0,36
5,0;3,83;1,17
5,0;4,7;0,3
5,0;4,02;0,98
5,0;4,03;0,97
5,0;4,17;0,83
4,0;2,57;1,43
4,0;4,48;-0,48
4,0;4,7;-0,7
4,0;4,14;-0,14
5,0;3,63;1,37
1,0;4,38;-3,38
5,0;4,22;0,78
5,0;4,85;0,15
5,0;4,27;0,73
4,0;4,1;-0,1
5,0;4,87;0,13
4,0;3,15;0,85
1,0;4,42;-3,42
4,0;3,89;0,11
3,0;4,34;-1,34
5,0;3,2;1,8
5,0;4,14;0,86
4,0;4,37;-0,37
5,0;3,42;1,58
5,0;4,77;0,23
3,6667;4,35;-0,68
3,0;3,64;-0,64
5,0;4,31;0,69
3,0;3,17;-0,17
1,0;4,74;-3,74
4,0;3,98;0,02
4,0;3,96;0,04
3,0;4,89;-1,89
5,0;4,35;0,65
4,0;4,5;-0,5
4,0;4,74;-0,74
4,0;4,36;-0,36
4,0;4,52;-0,52
5,0;4,75;0,25
5,0;4,24;0,76
5,0;4,52;0,48
5,0;4,67;0,33
4,0;3,98;0,02
4,0;4,77;-0,77
5,0;4,12;0,88
2,0;1,99;0,01
4,0;3,89;0,11
1,0;4,79;-3,79
3,0;4,32;-1,32
5,0;4,35;0,65
3,0;3,96;-0,96
5,0;4,9;0,1
5,0;4,48;0,52
1,0;4,1;-3,1
5,0;4,35;0,65
5,0;4,8;0,2
4,0;1,8;2,2
5,0;4,83;0,17
3,0;4,35;-1,35
5,0;4,99;0,01
4,0;4,81;-0,81
5,0;3,69;1,31
1,0;4,28;-3,28
5,0;4,19;0,81
1,0;4,05;-3,05
5,0;4,43;0,57
3,0;2,08;0,92
5,0;3,85;1,15
4,0;3,98;0,02
5,0;5,0;0,0
5,0;2,86;2,14
3,0;3,87;-0,87
1,0;3,08;-2,08
5,0;4,25;0,75
5,0;3,83;1,17
4,0;4,27;-0,27
5,0;4,2;0,8
5,0;4,19;0,81
5,0;4,48;0,52
4,0;4,66;-0,66
2,0;2,69;-0,69
5,0;4,59;0,41
1,0;3,35;-2,35
1,0;2,31;-1,31
5,0;4,66;0,34
3,0;3,35;-0,35
5,0;3,88;1,12
5,0;4,59;0,41
5,0;3,9;1,1
1,0;4,61;-3,61
5,0;4,76;0,24
5,0;4,78;0,22
1,0;4,78;-3,78
4,0;4,28;-0,28
4,0;3,9;0,1
4,0;4,13;-0,13
5,0;4,95;0,05
5,0;4,27;0,73
5,0;4,49;0,51
2,0;4,26;-2,26
5,0;3,07;1,93
3,0;4,83;-1,83
4,0;4,59;-0,59
5,0;4,5;0,5
5,0;4,2;0,8
5,0;4,29;0,71
1,0;3,15;-2,15
5,0;4,26;0,74
5,0;4,36;0,64
4,0;4,74;-0,74
2,0;4,18;-2,18
5,0;4,58;0,42
5,0;4,96;0,04
4,0;4,36;-0,36
3,0;3,84;-0,84
3,0;4,2;-1,2
4,0;4,65;-0,65
4,0;4,28;-0,28
4,0;4,25;-0,25
3,0;2,5;0,5
4,0;4,82;-0,82
4,0;4,23;-0,23
5,0;4,23;0,77
3,0;4,65;-1,65
1,0;1,37;-0,37
5,0;4,9;0,1
5,0;3,88;1,12
4,0;4,18;-0,18
2,0;4,82;-2,82
1,0;3,47;-2,47
5,0;4,51;0,49
5,0;4,8;0,2
1,0;2,62;-1,62
5,0;3,58;1,42
5,0;3,96;1,04
1,0;4,16;-3,16
1,0;4,13;-3,13
2,0;1,24;0,76
4,0;4,74;-0,74
5,0;3,75;1,25
4,0;4,33;-0,33
3,0;4,57;-1,57
5,0;4,65;0,35
2,0;4,49;-2,49
4,0;4,73;-0,73
4,0;4,92;-0,92
5,0;4,83;0,17
4,0;4,56;-0,56
5,0;4,92;0,08
1,0;4,8;-3,8
5,0;4,89;0,11
5,0;4,3;0,7
5,0;4,04;0,96
4,0;4,6;-0,6
5,0;3,93;1,07
4,0;4,56;-0,56
1,0;4,76;-3,76
5,0;4,41;0,59
5,0;4,74;0,26
5,0;4,8;0,2
5,0;3,85;1,15
5,0;3,81;1,19
1,0;3,36;-2,36
4,0;4,81;-0,81
4,0;3,19;0,81
5,0;3,9;1,1
5,0;4,25;0,75
5,0;4,93;0,07
5,0;4,41;0,59
5,0;2,58;2,42
4,0;4,61;-0,61
1,0;1,8;-0,8
4,0;4,48;-0,48
4,0;4,65;-0,65
4,5;3,86;0,64
5,0;4,09;0,91
5,0;4,19;0,81
4,0;3,4;0,6
3,0;4,89;-1,89
3,0;4,51;-1,51
4,0;4,79;-0,79
5,0;4,75;0,25
4,0;4,65;-0,65
5,0;4,4;0,6
4,0;4,98;-0,98
4,0;4,24;-0,24
5,0;4,14;0,86
2,0;2,98;-0,98
5,0;4,66;0,34
5,0;4,45;0,55
5,0;3,91;1,09
1,0;4,6;-3,6
5,0;4,24;0,76
5,0;3,89;1,11
5,0;4,38;0,62
5,0;4,44;0,56
5,0;3,39;1,61
5,0;4,48;0,52
5,0;4,56;0,44
4,0;2,86;1,14
1,0;1,55;-0,55
5,0;3,52;1,48
1,0;1,31;-0,31
3,0;4,63;-1,63
3,0;3,72;-0,72
3,0;4,19;-1,19
5,0;4,62;0,38
5,0;4,17;0,83
4,0;4,74;-0,74
4,0;4,25;-0,25
5,0;4,39;0,61
5,0;3,94;1,06
5,0;4,76;0,24
5,0;1,91;3,09
5,0;4,14;0,86
5,0;4,63;0,37
1,0;4,33;-3,33
5,0;4,87;0,13
1,0;4,09;-3,09
4,0;2,74;1,26
3,0;4,26;-1,26
4,0;4,19;-0,19
2,0;3,76;-1,76
5,0;4,4;0,6
2,0;4,98;-2,98
5,0;3,68;1,32
5,0;4,66;0,34
5,0;4,79;0,21
5,0;4,96;0,04
5,0;3,37;1,63
5,0;4,7;0,3
5,0;4,87;0,13
5,0;4,27;0,73
4,0;4,62;-0,62
5,0;4,19;0,81
4,0;4,51;-0,51
5,0;4,73;0,27
3,0;4,65;-1,65
1,0;2,94;-1,94
3,0;4,23;-1,23
5,0;4,81;0,19
5,0;4,54;0,46
5,0;2,55;2,45
5,0;3,84;1,16
2,0;4,3;-2,3
5,0;2,38;2,62
5,0;4,65;0,35
4,0;4,77;-0,77
5,0;4,35;0,65
5,0;4,67;0,33
5,0;4,68;0,32
1,0;3,89;-2,89
1,0;2,92;-1,92
5,0;3,7;1,3
5,0;3,82;1,18
1,0;1,99;-0,99
4,0;3,36;0,64
5,0;4,96;0,04
1,0;2,86;-1,86
4,0;3,35;0,65
1,0;4,47;-3,47
4,0;3,52;0,48
5,0;4,32;0,68
5,0;4,45;0,55
3,0;3,94;-0,94
1,0;2,66;-1,66
5,0;1,42;3,58
5,0;4,4;0,6
2,0;4,54;-2,54
5,0;4,6;0,4
5,0;4,5;0,5
1,0;1,85;-0,85
5,0;4,86;0,14
5,0;4,62;0,38
4,0;4,6;-0,6
5,0;4,45;0,55
5,0;4,08;0,92
5,0;4,02;0,98
3,0;4,05;-1,05
5,0;4,5;0,5
5,0;4,84;0,16
4,0;4,55;-0,55
5,0;4,42;0,58
5,0;3,91;1,09
5,0;4,3;0,7
4,0;3,55;0,45
5,0;4,7;0,3
1,0;2,0;-1,0
5,0;4,12;0,88
5,0;4,1;0,9
5,0;4,99;0,01
3,0;3,2;-0,2
4,0;4,08;-0,08
4,0;4,39;-0,39
3,0;4,85;-1,85
4,0;3,91;0,09
4,0;4,49;-0,49
4,0;4,86;-0,86
1,0;1,79;-0,79
5,0;4,54;0,46
5,0;4,73;0,27
4,0;4,71;-0,71
2,0;4,93;-2,93
5,0;4,37;0,63
5,0;4,73;0,27
5,0;4,48;0,52
4,0;3,13;0,87
5,0;4,75;0,25
1,0;1,9;-0,9
1,0;4,36;-3,36
5,0;4,5;0,5
1,0;3,23;-2,23
5,0;4,35;0,65
5,0;4,68;0,32
5,0;4,89;0,11
4,0;4,23;-0,23
2,0;4,13;-2,13
1,0;1,12;-0,12
1,0;2,75;-1,75
4,0;3,05;0,95
5,0;4,79;0,21
5,0;3,76;1,24
3,0;4,66;-1,66
3,0;3,92;-0,92
5,0;4,03;0,97
5,0;2,89;2,11
5,0;4,78;0,22
3,0;4,12;-1,12
5,0;4,07;0,93
5,0;4,23;0,77
3,0;3,94;-0,94
5,0;4,87;0,13
5,0;4,45;0,55
5,0;4,46;0,54
5,0;3,82;1,18
5,0;3,92;1,08
5,0;4,58;0,42
2,0;2,61;-0,61
1,0;4,69;-3,69
2,0;4,64;-2,64
5,0;2,96;2,04
5,0;2,98;2,02
2,0;4,7;-2,7
5,0;4,74;0,26
5,0;2,85;2,15
5,0;4,74;0,26
5,0;4,29;0,71
5,0;3,74;1,26
5,0;4,93;0,07
2,0;3,7;-1,7
5,0;4,44;0,56
5,0;4,81;0,19
5,0;4,41;0,59
5,0;4,5;0,5
5,0;4,33;0,67
5,0;4,31;0,69
4,25;4,72;-0,47
5,0;4,24;0,76
5,0;4,44;0,56
1,0;4,21;-3,21
4,0;4,49;-0,49
1,0;2,29;-1,29
5,0;3,27;1,73
1,0;1,27;-0,27
5,0;4,45;0,55
5,0;4,95;0,05
5,0;4,88;0,12
5,0;4,79;0,21
5,0;4,51;0,49
5,0;4,03;0,97
5,0;4,43;0,57
5,0;3,86;1,14
4,0;4,13;-0,13
5,0;4,14;0,86
5,0;3,94;1,06
5,0;2,38;2,62
5,0;4,76;0,24
4,0;4,03;-0,03
1,0;2,55;-1,55
5,0;4,86;0,14
5,0;4,36;0,64
4,0;4,29;-0,29
5,0;4,32;0,68
5,0;4,6;0,4
5,0;3,32;1,68
5,0;4,32;0,68
4,0;4,47;-0,47
5,0;1,4;3,6
5,0;4,15;0,85
5,0;4,28;0,72
5,0;3,72;1,28
1,0;3,74;-2,74
5,0;4,39;0,61
4,0;4,01;-0,01
5,0;3,5;1,5
4,0;4,08;-0,08
4,0;3,41;0,59
5,0;4,21;0,79
4,0;2,95;1,05
5,0;3,57;1,43
4,0;3,7;0,3
4,0;3,52;0,48
1,0;2,98;-1,98
5,0;4,83;0,17
5,0;4,9;0,1
1,0;4,43;-3,43
5,0;4,09;0,91
5,0;4,22;0,78
4,0;4,67;-0,67
3,6667;3,37;0,3
3,0;4,57;-1,57
4,0;5,0;-1,0
5,0;4,62;0,38
4,0;4,79;-0,79
4,0;4,59;-0,59
5,0;4,16;0,84
5,0;3,52;1,48
5,0;4,89;0,11
5,0;4,16;0,84
3,0;4,19;-1,19
3,0;2,08;0,92
5,0;4,7;0,3
2,0;1,24;0,76
0,0;3,89;-3,89
5,0;3,49;1,51
2,0;4,82;-2,82
5,0;3,47;1,53
5,0;3,56;1,44
5,0;4,81;0,19
4,0;4,14;-0,14
5,0;4,66;0,34
3,0;3,76;-0,76
5,0;4,19;0,81
5,0;4,46;0,54
5,0;4,06;0,94
2,0;4,66;-2,66
5,0;4,85;0,15
5,0;4,14;0,86
4,0;4,53;-0,53
4,0;3,79;0,21
1,0;4,16;-3,16
5,0;4,16;0,84
5,0;4,7;0,3
5,0;3,71;1,29
4,0;4,63;-0,63
5,0;4,33;0,67
4,0;4,29;-0,29
4,0;4,58;-0,58
5,0;4,26;0,74
5,0;4,28;0,72
1,0;3,95;-2,95
1,0;1,56;-0,56
4,0;4,9;-0,9
5,0;4,18;0,82
5,0;4,28;0,72
5,0;4,49;0,51
5,0;4,59;0,41
4,0;4,9;-0,9
5,0;3,88;1,12
5,0;3,59;1,41
5,0;4,75;0,25
5,0;3,95;1,05
4,0;4,4;-0,4
5,0;3,89;1,11
5,0;4,96;0,04
5,0;4,79;0,21
4,5;4,24;0,26
5,0;4,3;0,7
4,0;4,07;-0,07
5,0;4,34;0,66
5,0;4,93;0,07
5,0;3,79;1,21
1,0;3,23;-2,23
5,0;3,8;1,2
5,0;4,76;0,24
1,0;1,5;-0,5
5,0;4,65;0,35
4,0;4,74;-0,74
4,0;4,67;-0,67
5,0;4,15;0,85
5,0;5,0;0,0
5,0;4,26;0,74
1,0;4,65;-3,65
5,0;4,49;0,51
3,0;4,42;-1,42
5,0;4,76;0,24
5,0;4,79;0,21
5,0;4,5;0,5
4,0;4,51;-0,51
4,0;4,32;-0,32
5,0;4,57;0,43
5,0;4,49;0,51
1,0;4,71;-3,71
4,0;4,36;-0,36
1,0;4,27;-3,27
5,0;4,52;0,48
5,0;4,39;0,61
5,0;4,88;0,12
5,0;3,96;1,04
5,0;4,88;0,12
5,0;3,91;1,09
5,0;4,64;0,36
1,0;4,46;-3,46
5,0;4,82;0,18
4,0;4,23;-0,23
1,0;4,19;-3,19
5,0;4,12;0,88
3,0;4,58;-1,58
5,0;2,49;2,51
3,0;4,24;-1,24
4,0;4,5;-0,5
5,0;4,02;0,98
5,0;4,31;0,69
4,0;2,38;1,62
5,0;3,99;1,01
4,0;4,59;-0,59
5,0;4,8;0,2
4,0;3,92;0,08
5,0;4,31;0,69
5,0;4,39;0,61
4,0;4,44;-0,44
5,0;4,04;0,96
5,0;4,36;0,64
5,0;4,0;1,0
3,0;3,14;-0,14
5,0;4,47;0,53
5,0;4,32;0,68
5,0;4,08;0,92
1,0;1,54;-0,54
4,0;4,11;-0,11
5,0;3,89;1,11
5,0;4,85;0,15
5,0;4,18;0,82
5,0;3,76;1,24
5,0;2,68;2,32
5,0;4,99;0,01
5,0;4,14;0,86
5,0;4,48;0,52
5,0;4,23;0,77
5,0;4,75;0,25
5,0;4,38;0,62
5,0;4,43;0,57
4,0;4,95;-0,95
4,0;4,43;-0,43
1,0;4,21;-3,21
5,0;4,2;0,8
3,0;4,37;-1,37
5,0;4,54;0,46
5,0;4,62;0,38
4,0;4,9;-0,9
5,0;4,52;0,48
5,0;4,63;0,37
5,0;4,54;0,46
4,0;4,35;-0,35
4,0;3,34;0,66
5,0;4,27;0,73
5,0;3,06;1,94
4,0;3,59;0,41
5,0;4,12;0,88
5,0;3,88;1,12
5,0;4,16;0,84
5,0;3,75;1,25
5,0;3,42;1,58
2,0;1,9;0,1
1,0;4,11;-3,11
4,0;4,79;-0,79
4,0;4,33;-0,33
5,0;4,39;0,61
4,0;3,29;0,71
4,0;3,67;0,33
5,0;4,61;0,39
5,0;4,49;0,51
3,0;2,6;0,4
5,0;3,59;1,41
5,0;3,61;1,39
4,0;4,86;-0,86
1,0;2,27;-1,27
4,0;4,47;-0,47
5,0;3,38;1,62
5,0;4,58;0,42
4,0;4,29;-0,29
4,0;3,62;0,38
5,0;3,17;1,83
5,0;3,76;1,24
5,0;4,25;0,75
5,0;2,08;2,92
5,0;4,11;0,89
1,0;4,48;-3,48
5,0;4,64;0,36
5,0;4,05;0,95
1,0;4,75;-3,75
5,0;4,82;0,18
5,0;4,76;0,24
5,0;4,56;0,44
5,0;4,51;0,49
5,0;4,87;0,13
5,0;4,18;0,82
2,0;3,5;-1,5
0,0;1,64;-1,64
4,0;4,15;-0,15
5,0;2,32;2,68
5,0;4,71;0,29
1,0;2,6;-1,6
5,0;4,16;0,84
5,0;4,09;0,91
1,0;4,46;-3,46
5,0;4,65;0,35
1,0;4,04;-3,04
5,0;4,03;0,97
5,0;4,96;0,04
5,0;4,79;0,21
4,0;3,77;0,23
4,0;4,79;-0,79
5,0;4,79;0,21
4,0;2,86;1,14
4,0;3,85;0,15
5,0;3,99;1,01
5,0;4,43;0,57
2,0;1,28;0,72
5,0;3,74;1,26
5,0;4,29;0,71
4,0;3,42;0,58
5,0;4,22;0,78
4,0;4,78;-0,78
5,0;3,82;1,18
5,0;3,92;1,08
3,0;2,85;0,15
5,0;4,36;0,64
1,0;4,14;-3,14
4,0;3,82;0,18
5,0;4,87;0,13
4,0;4,14;-0,14
5,0;3,38;1,62
5,0;4,7;0,3
5,0;4,36;0,64
1,0;3,8;-2,8
4,0;4,66;-0,66
5,0;4,76;0,24
5,0;3,6;1,4
5,0;4,25;0,75
2,0;4,29;-2,29
5,0;4,56;0,44
5,0;4,52;0,48
4,0;4,44;-0,44
4,0;4,62;-0,62
4,0;3,28;0,72
3,0;4,16;-1,16
4,0;4,7;-0,7
5,0;4,65;0,35
5,0;4,64;0,36
5,0;4,1;0,9
4,0;3,13;0,87
5,0;4,68;0,32
2,0;4,6;-2,6
4,0;4,69;-0,69
5,0;3,64;1,36
5,0;3,67;1,33
5,0;4,52;0,48
2,0;2,13;-0,13
5,0;4,26;0,74
4,0;4,53;-0,53
2,0;4,21;-2,21
5,0;4,83;0,17
3,0;2,42;0,58
1,0;4,07;-3,07
4,0;4,3;-0,3
5,0;4,66;0,34
5,0;4,37;0,63
5,0;4,47;0,53
1,0;3,57;-2,57
5,0;4,3;0,7
5,0;3,93;1,07
5,0;4,26;0,74
5,0;4,53;0,47
3,0;4,05;-1,05
4,0;4,85;-0,85
5,0;4,6;0,4
5,0;4,17;0,83
5,0;4,5;0,5
5,0;3,93;1,07
5,0;4,0;1,0
5,0;4,73;0,27
5,0;4,22;0,78
4,0;4,69;-0,69
5,0;4,59;0,41
5,0;4,43;0,57
5,0;4,79;0,21
5,0;4,76;0,24
5,0;4,34;0,66
5,0;4,84;0,16
5,0;4,0;1,0
4,0;4,66;-0,66
5,0;4,86;0,14
5,0;4,08;0,92
5,0;4,28;0,72
1,0;3,68;-2,68
5,0;4,34;0,66
5,0;4,9;0,1
5,0;4,45;0,55
5,0;3,85;1,15
5,0;3,43;1,57
4,0;3,98;0,02
5,0;4,57;0,43
5,0;3,73;1,27
5,0;4,74;0,26
4,0;3,68;0,32
5,0;3,96;1,04
4,0;4,52;-0,52
4,0;4,21;-0,21
4,0;3,6;0,4
4,0;4,97;-0,97
1,0;1,28;-0,28
4,0;3,2;0,8
5,0;4,42;0,58
1,0;2,11;-1,11
5,0;3,8;1,2
5,0;4,14;0,86
1,0;2,2;-1,2
5,0;4,36;0,64
5,0;4,49;0,51
5,0;4,45;0,55
5,0;4,23;0,77
3,0;4,44;-1,44
5,0;4,07;0,93
1,0;2,19;-1,19
4,0;3,69;0,31
3,0;3,8;-0,8
5,0;3,28;1,72
1,0;4,62;-3,62
5,0;4,46;0,54
5,0;4,54;0,46
5,0;4,63;0,37
5,0;4,32;0,68
5,0;4,87;0,13
4,0;4,2;-0,2
5,0;4,07;0,93
5,0;4,22;0,78
5,0;4,72;0,28
4,0;3,82;0,18
2,0;4,68;-2,68
5,0;4,89;0,11
2,0;3,97;-1,97
3,0;3,31;-0,31
4,0;3,71;0,29
4,0;3,83;0,17
5,0;4,05;0,95
5,0;4,15;0,85
4,0;4,43;-0,43
4,0;4,2;-0,2
4,0;4,38;-0,38
5,0;4,28;0,72
3,0;4,62;-1,62
5,0;4,42;0,58
4,0;4,82;-0,82
5,0;4,55;0,45
4,0;4,78;-0,78
2,0;4,16;-2,16
4,0;3,76;0,24
5,0;4,43;0,57
4,0;4,83;-0,83
3,0;3,7;-0,7
5,0;4,59;0,41
4,0;4,56;-0,56
5,0;4,44;0,56
4,0;4,69;-0,69
3,0;4,32;-1,32
4,0;4,12;-0,12
5,0;4,04;0,96
5,0;4,6;0,4
5,0;4,29;0,71
3,0;2,94;0,06
5,0;3,0;2,0
1,0;4,61;-3,61
5,0;3,44;1,56
5,0;4,79;0,21
5,0;4,96;0,04
5,0;3,38;1,62
1,0;1,01;-0,01
5,0;3,5;1,5
5,0;4,12;0,88
5,0;4,3;0,7
5,0;4,57;0,43
5,0;4,63;0,37
5,0;4,47;0,53
4,0;3,2;0,8
5,0;3,49;1,51
5,0;3,16;1,84
4,0;4,96;-0,96
1,0;4,56;-3,56
1,0;2,71;-1,71
5,0;4,35;0,65
5,0;4,61;0,39
5,0;4,33;0,67
4,0;4,78;-0,78
5,0;4,74;0,26
5,0;3,6;1,4
1,0;4,25;-3,25
5,0;3,98;1,02
2,0;4,52;-2,52
1,0;4,33;-3,33
4,0;3,51;0,49
1,0;1,43;-0,43
5,0;2,41;2,59
4,0;4,25;-0,25
5,0;4,26;0,74
1,0;3,88;-2,88
1,0;2,03;-1,03
5,0;4,78;0,22
5,0;4,69;0,31
4,0;3,21;0,79
5,0;3,86;1,14
5,0;4,11;0,89
5,0;4,36;0,64
4,0;4,33;-0,33
3,0;4,03;-1,03
5,0;4,35;0,65
1,0;4,17;-3,17
5,0;3,7;1,3
5,0;3,6;1,4
4,0;4,55;-0,55
4,0;4,19;-0,19
5,0;3,67;1,33
4,0;3,28;0,72
5,0;4,06;0,94
4,0;4,11;-0,11
5,0;3,21;1,79
4,0;4,63;-0,63
5,0;4,61;0,39
0,0;2,91;-2,91
5,0;4,08;0,92
4,0;4,07;-0,07
5,0;4,32;0,68
5,0;4,17;0,83
5,0;2,46;2,54
1,0;4,17;-3,17
5,0;3,33;1,67
5,0;4,23;0,77
5,0;4,58;0,42
2,0;4,71;-2,71
4,0;3,94;0,06
5,0;2,81;2,19
1,0;4,86;-3,86
4,0;3,98;0,02
5,0;5,0;0,0
1,0;4,6;-3,6
4,0;4,87;-0,87
2,0;3,9;-1,9
5,0;3,87;1,13
4,0;4,13;-0,13
5,0;3,41;1,59
5,0;4,52;0,48
5,0;4,53;0,47
5,0;4,54;0,46
5,0;4,89;0,11
5,0;2,81;2,19
4,0;4,82;-0,82
5,0;3,18;1,82
4,0;3,85;0,15
5,0;4,68;0,32
4,0;4,19;-0,19
5,0;3,47;1,53
5,0;4,52;0,48
5,0;3,88;1,12
5,0;4,75;0,25
5,0;4,44;0,56
5,0;4,24;0,76
5,0;3,23;1,77
2,0;4,71;-2,71
5,0;4,78;0,22
5,0;4,74;0,26
5,0;3,83;1,17
4,0;4,82;-0,82
5,0;4,74;0,26
3,0;4,62;-1,62
0,0;4,14;-4,14
5,0;4,26;0,74
5,0;4,09;0,91
3,0;3,81;-0,81
3,0;1,65;1,35
5,0;4,71;0,29
4,0;4,67;-0,67
5,0;4,55;0,45
5,0;3,4;1,6
4,0;4,81;-0,81
4,0;3,99;0,01
3,0;4,95;-1,95
4,0;4,19;-0,19
0,0;3,35;-3,35
5,0;2,55;2,45
1,0;1,55;-0,55
1,0;2,09;-1,09
3,0;3,96;-0,96
4,0;4,47;-0,47
5,0;4,39;0,61
5,0;4,82;0,18
5,0;3,79;1,21
1,0;4,19;-3,19
5,0;3,9;1,1
4,0;3,69;0,31
5,0;4,96;0,04
4,0;4,81;-0,81
5,0;4,49;0,51
5,0;4,71;0,29
4,0;3,11;0,89
5,0;3,76;1,24
5,0;4,11;0,89
1,0;2,79;-1,79
1,0;4,61;-3,61
5,0;4,17;0,83
5,0;3,68;1,32
1,0;4,47;-3,47
5,0;3,97;1,03
5,0;3,99;1,01
4,5;4,22;0,28
5,0;4,23;0,77
4,0;2,96;1,04
4,0;4,06;-0,06
5,0;4,39;0,61
4,0;4,11;-0,11
5,0;4,6;0,4
3,0;4,92;-1,92
1,0;2,45;-1,45
1,0;2,1;-1,1
4,0;4,07;-0,07
5,0;4,72;0,28
5,0;4,48;0,52
4,0;1,62;2,38
1,0;4,96;-3,96
5,0;4,33;0,67
5,0;4,18;0,82
4,0;2,17;1,83
4,0;4,69;-0,69
5,0;4,76;0,24
5,0;4,45;0,55
5,0;3,94;1,06
5,0;4,76;0,24
5,0;4,23;0,77
5,0;4,96;0,04
4,0;4,79;-0,79
5,0;4,1;0,9
4,0;4,97;-0,97
5,0;3,77;1,23
4,0;4,76;-0,76
5,0;4,46;0,54
5,0;4,77;0,23
1,0;4,27;-3,27
5,0;4,19;0,81
4,0;4,84;-0,84
5,0;4,2;0,8
5,0;3,75;1,25
5,0;4,36;0,64
5,0;2,96;2,04
5,0;4,3;0,7
5,0;4,1;0,9
2,0;3,95;-1,95
5,0;4,69;0,31
4,0;4,78;-0,78
5,0;3,78;1,22
4,0;2,84;1,16
3,6667;3,97;-0,3
5,0;4,38;0,62
5,0;4,63;0,37
5,0;3,89;1,11
5,0;4,3;0,7
4,0;3,75;0,25
5,0;4,03;0,97
5,0;3,27;1,73
5,0;4,43;0,57
5,0;4,86;0,14
5,0;4,39;0,61
5,0;4,88;0,12
5,0;4,56;0,44
1,0;4,43;-3,43
5,0;4,2;0,8
4,0;3,59;0,41
2,0;4,12;-2,12
5,0;4,32;0,68
5,0;4,83;0,17
4,0;4,95;-0,95
4,0;2,75;1,25
4,0;4,18;-0,18
5,0;4,96;0,04
4,0;4,55;-0,55
5,0;4,58;0,42
5,0;3,78;1,22
1,0;3,03;-2,03
5,0;3,49;1,51
3,0;2,1;0,9
5,0;4,67;0,33
5,0;4,18;0,82
5,0;4,6;0,4
4,0;3,33;0,67
4,0;4,48;-0,48
3,5;4,03;-0,53
5,0;4,12;0,88
5,0;4,06;0,94
4,0;3,92;0,08
5,0;4,41;0,59
5,0;3,88;1,12
5,0;4,76;0,24
4,0;3,81;0,19
5,0;3,64;1,36
5,0;4,72;0,28
1,0;2,79;-1,79
5,0;4,65;0,35
1,0;2,37;-1,37
5,0;4,64;0,36
1,0;4,77;-3,77
3,2;4,64;-1,44
4,0;4,88;-0,88
1,0;4,42;-3,42
4,0;4,21;-0,21
5,0;4,44;0,56
1,0;2,33;-1,33
3,0;3,79;-0,79
4,0;2,53;1,47
4,0;3,13;0,87
5,0;4,79;0,21
5,0;4,66;0,34
3,0;4,14;-1,14
5,0;4,34;0,66
5,0;4,6;0,4
1,0;2,83;-1,83
4,0;2,18;1,82
4,0;4,79;-0,79
3,0;3,04;-0,04
5,0;4,94;0,06
2,0;4,47;-2,47
1,0;4,12;-3,12
5,0;4,82;0,18
4,0;4,56;-0,56
3,0;3,5;-0,5
5,0;4,12;0,88
5,0;3,7;1,3
5,0;4,55;0,45
1,0;2,25;-1,25
5,0;4,2;0,8
1,0;3,92;-2,92
0,0;1,9;-1,9
5,0;3,95;1,05
5,0;4,9;0,1
1,0;1,89;-0,89
1,0;3,42;-2,42
5,0;3,53;1,47
5,0;3,87;1,13
4,0;4,29;-0,29
1,0;4,5;-3,5
5,0;4,36;0,64
3,0;4,42;-1,42
4,0;4,72;-0,72
4,0;3,64;0,36
5,0;5,0;0,0
5,0;4,45;0,55
5,0;4,79;0,21
4,0;3,63;0,37
3,0;4,0;-1,0
3,0;3,41;-0,41
5,0;3,19;1,81
5,0;4,77;0,23
4,0;4,52;-0,52
5,0;4,52;0,48
3,0;4,5;-1,5
5,0;3,93;1,07
5,0;4,78;0,22
5,0;4,51;0,49
5,0;4,89;0,11
5,0;4,5;0,5
5,0;4,54;0,46
3,0;1,58;1,42
5,0;4,55;0,45
2,0;4,52;-2,52
5,0;4,35;0,65
5,0;4,52;0,48
5,0;4,48;0,52
5,0;4,07;0,93
1,0;3,81;-2,81
5,0;4,0;1,0
5,0;4,3;0,7
5,0;4,64;0,36
5,0;4,3;0,7
5,0;4,38;0,62
5,0;4,36;0,64
5,0;4,63;0,37
5,0;3,23;1,77
5,0;4,89;0,11
3,0;4,8;-1,8
1,0;4,39;-3,39
5,0;4,07;0,93
5,0;4,03;0,97
2,0;4,32;-2,32
1,0;1,81;-0,81
4,0;2,57;1,43
5,0;3,47;1,53
5,0;3,93;1,07
3,0;4,03;-1,03
4,0;4,65;-0,65
5,0;4,83;0,17
4,0;4,94;-0,94
2,0;3,42;-1,42
4,0;3,22;0,78
1,0;3,08;-2,08
5,0;4,44;0,56
5,0;4,87;0,13
5,0;4,11;0,89
3,0;3,18;-0,18
5,0;3,1;1,9
5,0;4,25;0,75
3,0;4,69;-1,69
5,0;4,31;0,69
5,0;3,65;1,35
4,0;4,83;-0,83
4,0;3,91;0,09
2,0;3,94;-1,94
5,0;4,62;0,38
5,0;4,69;0,31
5,0;3,04;1,96
2,0;4,22;-2,22
5,0;4,0;1,0
5,0;3,99;1,01
5,0;4,82;0,18
1,0;2,03;-1,03
5,0;4,22;0,78
5,0;3,28;1,72
2,0;2,27;-0,27
5,0;4,04;0,96
5,0;3,59;1,41
5,0;4,09;0,91
5,0;4,61;0,39
5,0;4,6;0,4
5,0;3,11;1,89
4,0;4,73;-0,73
5,0;3,51;1,49
5,0;4,38;0,62
4,0;2,79;1,21
1,0;3,31;-2,31
4,0;4,39;-0,39
1,0;3,58;-2,58
4,0;4,66;-0,66
5,0;4,69;0,31
5,0;3,27;1,73
5,0;4,35;0,65
4,0;3,86;0,14
4,0;2,37;1,63
5,0;3,96;1,04
4,0;4,04;-0,04
5,0;4,34;0,66
5,0;3,38;1,62
4,0;3,35;0,65
5,0;4,83;0,17
3,0;4,52;-1,52
4,0;4,8;-0,8
5,0;4,79;0,21
5,0;4,47;0,53
4,0;4,46;-0,46
4,0;3,02;0,98
5,0;4,56;0,44
3,0;4,81;-1,81
4,0;4,76;-0,76
2,0;4,87;-2,87
4,0;4,4;-0,4
3,0;4,6;-1,6
1,0;1,51;-0,51
5,0;3,81;1,19
5,0;4,48;0,52
5,0;3,33;1,67
4,0;4,28;-0,28
5,0;4,42;0,58
5,0;4,61;0,39
5,0;4,45;0,55
1,0;2,66;-1,66
5,0;4,6;0,4
5,0;4,49;0,51
3,0;4,13;-1,13
5,0;4,78;0,22
5,0;4,24;0,76
5,0;4,5;0,5
4,0;4,83;-0,83
5,0;4,34;0,66
5,0;3,87;1,13
5,0;4,62;0,38
5,0;4,46;0,54
5,0;3,98;1,02
5,0;4,12;0,88
2,0;2,36;-0,36
5,0;4,66;0,34
4,0;4,3;-0,3
5,0;4,39;0,61
3,0;4,1;-1,1
5,0;3,73;1,27
2,0;3,38;-1,38
5,0;4,59;0,41
5,0;4,14;0,86
5,0;4,47;0,53
2,0;1,15;0,85
5,0;4,77;0,23
4,0;3,96;0,04
5,0;3,23;1,77
5,0;4,91;0,09
2,0;1,32;0,68
4,0;4,28;-0,28
5,0;3,74;1,26
5,0;4,03;0,97
5,0;4,66;0,34
5,0;3,8;1,2
4,0;3,3;0,7
5,0;3,86;1,14
4,0;4,32;-0,32
5,0;4,29;0,71
5,0;4,93;0,07
1,0;1,67;-0,67
5,0;4,87;0,13
5,0;4,59;0,41
5,0;4,41;0,59
5,0;3,9;1,1
1,0;1,59;-0,59
5,0;4,38;0,62
3,0;4,57;-1,57
4,0;4,92;-0,92
5,0;4,16;0,84
5,0;4,54;0,46
5,0;4,09;0,91
1,0;4,37;-3,37
4,0;4,79;-0,79
5,0;3,92;1,08
5,0;3,5;1,5
5,0;4,17;0,83
5,0;4,45;0,55
5,0;4,98;0,02
4,0;3,82;0,18
5,0;4,82;0,18
5,0;4,15;0,85
3,0;4,28;-1,28
5,0;4,8;0,2
4,0;3,98;0,02
5,0;1,17;3,83
5,0;2,72;2,28
1,0;1,42;-0,42
5,0;4,87;0,13
1,0;4,22;-3,22
5,0;4,21;0,79
4,0;3,22;0,78
5,0;4,56;0,44
5,0;4,21;0,79
5,0;4,11;0,89
1,0;4,55;-3,55
5,0;4,69;0,31
5,0;4,15;0,85
5,0;4,81;0,19
5,0;3,91;1,09
4,0;4,38;-0,38
1,0;2,63;-1,63
1,0;3,16;-2,16
5,0;4,29;0,71
5,0;3,99;1,01
4,0;2,74;1,26
3,0;4,85;-1,85
2,0;4,19;-2,19
5,0;4,12;0,88
5,0;4,4;0,6
5,0;3,35;1,65
1,0;3,79;-2,79
5,0;4,26;0,74
5,0;3,82;1,18
5,0;2,22;2,78
4,0;4,46;-0,46
5,0;4,18;0,82
4,75;2,91;1,84
4,0;4,08;-0,08
1,0;4,41;-3,41
5,0;4,72;0,28
4,0;3,18;0,82
4,0;4,35;-0,35
5,0;4,39;0,61
5,0;4,88;0,12
5,0;4,54;0,46
5,0;3,49;1,51
5,0;3,74;1,26
5,0;3,72;1,28
5,0;4,7;0,3
5,0;4,39;0,61
5,0;4,21;0,79
5,0;3,27;1,73
4,0;4,83;-0,83
5,0;4,47;0,53
4,0;4,56;-0,56
1,0;1,85;-0,85
1,0;4,38;-3,38
4,0;4,17;-0,17
5,0;4,54;0,46
5,0;3,71;1,29
5,0;4,95;0,05
2,0;4,03;-2,03
4,0;4,48;-0,48
5,0;4,51;0,49
2,0;4,04;-2,04
1,0;4,03;-3,03
5,0;4,36;0,64
3,0;2,56;0,44
5,0;4,32;0,68
1,0;4,46;-3,46
5,0;4,77;0,23
5,0;4,48;0,52
5,0;3,78;1,22
4,0;2,6;1,4
4,0;2,25;1,75
5,0;4,18;0,82
5,0;3,0;2,0
1,0;3,73;-2,73
3,0;1,83;1,17
3,0;3,9;-0,9
3,0;3,42;-0,42
5,0;4,99;0,01
5,0;4,62;0,38
5,0;4,54;0,46
5,0;4,42;0,58
5,0;4,32;0,68
4,0;4,31;-0,31
4,0;3,35;0,65
4,0;4,8;-0,8
4,0;4,43;-0,43
4,0;4,14;-0,14
5,0;4,99;0,01
5,0;3,81;1,19
5,0;4,21;0,79
5,0;4,35;0,65
5,0;3,07;1,93
5,0;4,68;0,32
5,0;4,75;0,25
5,0;4,59;0,41
1,0;1,78;-0,78
5,0;4,35;0,65
1,0;4,51;-3,51
5,0;4,22;0,78
5,0;4,83;0,17
3,0;4,81;-1,81
1,0;2,16;-1,16
5,0;4,34;0,66
5,0;3,42;1,58
5,0;3,12;1,88
5,0;4,23;0,77
5,0;4,3;0,7
4,0;4,04;-0,04
5,0;4,41;0,59
5,0;3,61;1,39
1,0;3,58;-2,58
4,0;4,8;-0,8
1,0;2,72;-1,72
5,0;4,51;0,49
4,0;3,12;0,88
5,0;3,49;1,51
5,0;4,73;0,27
5,0;3,72;1,28
3,0;4,63;-1,63
1,0;1,52;-0,52
4,0;4,63;-0,63
5,0;3,49;1,51
5,0;4,62;0,38
5,0;5,0;0,0
5,0;4,73;0,27
4,0;4,87;-0,87
5,0;4,12;0,88
1,0;4,57;-3,57
1,0;4,79;-3,79
5,0;4,66;0,34
5,0;4,62;0,38
4,0;3,22;0,78
3,0;3,73;-0,73
5,0;3,84;1,16
5,0;4,46;0,54
3,5;4,55;-1,05
5,0;2,96;2,04
5,0;4,05;0,95
3,0;4,18;-1,18
4,0;4,02;-0,02
1,0;1,6;-0,6
1,0;3,46;-2,46
5,0;4,64;0,36
5,0;4,58;0,42
5,0;3,8;1,2
5,0;4,61;0,39
2,0;1,94;0,06
3,0;4,63;-1,63
1,0;1,94;-0,94
5,0;4,89;0,11
5,0;4,37;0,63
5,0;3,09;1,91
3,0;4,49;-1,49
5,0;4,61;0,39
4,0;4,66;-0,66
5,0;4,2;0,8
4,0;4,57;-0,57
5,0;4,53;0,47
5,0;3,79;1,21
4,0;4,0;0,0
4,0;4,66;-0,66
5,0;4,6;0,4
5,0;4,64;0,36
3,0;3,9;-0,9
4,0;4,75;-0,75
4,0;3,84;0,16
5,0;4,78;0,22
5,0;3,54;1,46
4,0;4,39;-0,39
1,0;2,66;-1,66
5,0;4,29;0,71
5,0;3,98;1,02
1,0;4,56;-3,56
4,0;4,49;-0,49
1,0;3,52;-2,52
5,0;3,9;1,1
5,0;4,76;0,24
5,0;4,02;0,98
2,0;4,6;-2,6
1,0;2,32;-1,32
5,0;3,44;1,56
5,0;4,36;0,64
4,0;3,46;0,54
5,0;3,41;1,59
4,0;4,21;-0,21
5,0;4,67;0,33
1,0;4,22;-3,22
5,0;4,82;0,18
5,0;4,19;0,81
5,0;3,84;1,16
5,0;4,51;0,49
4,0;4,01;-0,01
3,0;4,8;-1,8
4,0;4,56;-0,56
4,0;4,22;-0,22
1,0;1,53;-0,53
3,0;3,91;-0,91
5,0;4,35;0,65
5,0;3,79;1,21
5,0;4,75;0,25
4,0;1,31;2,69
5,0;4,04;0,96
5,0;4,59;0,41
0,0;1,94;-1,94
5,0;3,86;1,14
5,0;4,38;0,62
3,0;4,28;-1,28
5,0;4,56;0,44
4,0;4,87;-0,87
5,0;4,86;0,14
1,0;4,48;-3,48
3,0;4,29;-1,29
2,0;2,26;-0,26
5,0;3,81;1,19
4,0;4,07;-0,07
3,0;4,4;-1,4
5,0;4,65;0,35
5,0;4,65;0,35
4,0;3,84;0,16
2,0;1,48;0,52
5,0;3,44;1,56
5,0;4,38;0,62
5,0;4,72;0,28
4,0;4,47;-0,47
3,0;4,32;-1,32
4,0;3,9;0,1
5,0;3,89;1,11
1,0;1,51;-0,51
5,0;4,55;0,45
4,0;3,9;0,1
3,0;4,43;-1,43
5,0;4,69;0,31
5,0;4,69;0,31
1,0;4,39;-3,39
2,0;4,41;-2,41
4,0;4,4;-0,4
4,0;4,73;-0,73
5,0;3,86;1,14
5,0;4,63;0,37
5,0;4,73;0,27
4,0;1,46;2,54
4,0;4,59;-0,59
5,0;4,47;0,53
5,0;4,4;0,6
5,0;4,66;0,34
5,0;3,61;1,39
3,0;4,92;-1,92
5,0;4,36;0,64
5,0;3,31;1,69
3,0;4,7;-1,7
5,0;2,58;2,42
1,0;3,5;-2,5
5,0;4,91;0,09
5,0;4,38;0,62
5,0;4,41;0,59
5,0;2,48;2,52
5,0;3,85;1,15
5,0;4,05;0,95
4,0;3,41;0,59
4,0;4,88;-0,88
5,0;4,41;0,59
5,0;4,49;0,51
5,0;3,68;1,32
2,0;2,93;-0,93
4,0;4,03;-0,03
5,0;2,66;2,34
4,0;3,76;0,24
5,0;4,41;0,59
2,0;1,55;0,45
5,0;4,44;0,56
1,0;3,55;-2,55
5,0;4,34;0,66
1,0;1,51;-0,51
5,0;4,02;0,98
5,0;3,65;1,35
4,0;4,46;-0,46
4,0;4,26;-0,26
5,0;4,43;0,57
4,0;4,32;-0,32
4,0;4,81;-0,81
5,0;4,45;0,55
4,0;4,4;-0,4
5,0;4,75;0,25
3,0;3,16;-0,16
4,0;4,82;-0,82
2,0;2,41;-0,41
5,0;4,68;0,32
2,0;2,52;-0,52
4,0;4,12;-0,12
1,0;2,08;-1,08
4,0;4,55;-0,55
5,0;3,78;1,22
5,0;4,28;0,72
3,0;4,29;-1,29
5,0;4,28;0,72
5,0;3,0;2,0
5,0;4,06;0,94
3,0;4,45;-1,45
5,0;4,26;0,74
5,0;4,17;0,83
4,0;4,33;-0,33
5,0;1,57;3,43
5,0;4,21;0,79
2,0;4,51;-2,51
5,0;3,05;1,95
5,0;4,26;0,74
4,0;4,36;-0,36
5,0;4,6;0,4
5,0;4,56;0,44
5,0;4,36;0,64
5,0;3,2;1,8
3,0;3,94;-0,94
1,0;3,97;-2,97
5,0;4,38;0,62
4,0;4,52;-0,52
5,0;4,2;0,8
4,0;4,62;-0,62
5,0;4,41;0,59
5,0;3,6;1,4
5,0;4,26;0,74
1,0;4,11;-3,11
5,0;4,5;0,5
1,0;4,4;-3,4
1,0;1,05;-0,05
5,0;4,77;0,23
1,0;1,39;-0,39
5,0;4,05;0,95
5,0;4,28;0,72
3,0;3,98;-0,98
5,0;2,71;2,29
5,0;3,8;1,2
5,0;4,29;0,71
5,0;4,08;0,92
5,0;2,94;2,06
5,0;4,65;0,35
5,0;4,07;0,93
5,0;4,93;0,07
5,0;4,72;0,28
5,0;5,0;0,0
5,0;4,04;0,96
5,0;4,64;0,36
5,0;4,5;0,5
3,0;1,82;1,18
4,0;4,37;-0,37
5,0;3,86;1,14
5,0;3,89;1,11
3,0;4,06;-1,06
4,0;4,37;-0,37
4,0;4,7;-0,7
5,0;4,96;0,04
5,0;4,65;0,35
3,0;4,1;-1,1
5,0;3,9;1,1
5,0;3,68;1,32
5,0;4,0;1,0
5,0;4,88;0,12
2,0;4,1;-2,1
4,0;4,02;-0,02
3,0;2,24;0,76
5,0;3,9;1,1
5,0;4,84;0,16
4,0;3,68;0,32
1,0;3,86;-2,86
5,0;4,78;0,22
3,0;4,04;-1,04
5,0;4,34;0,66
5,0;4,25;0,75
3,0;3,7;-0,7
5,0;4,73;0,27
1,0;2,21;-1,21
5,0;4,26;0,74
4,0;3,09;0,91
5,0;4,24;0,76
1,0;3,64;-2,64
5,0;4,46;0,54
5,0;4,27;0,73
5,0;4,13;0,87
5,0;4,4;0,6
1,0;1,14;-0,14
5,0;4,49;0,51
5,0;4,58;0,42
5,0;2,07;2,93
5,0;4,43;0,57
3,0;1,0;2,0
3,0;4,12;-1,12
5,0;4,51;0,49
5,0;2,44;2,56
3,0;4,8;-1,8
1,0;2,52;-1,52
5,0;4,47;0,53
4,0;2,07;1,93
5,0;4,83;0,17
5,0;4,33;0,67
4,0;4,48;-0,48
5,0;3,69;1,31
5,0;4,16;0,84
5,0;3,71;1,29
5,0;4,16;0,84
3,0;4,4;-1,4
5,0;3,04;1,96
5,0;3,26;1,74
5,0;3,96;1,04
5,0;4,23;0,77
4,0;4,32;-0,32
5,0;4,02;0,98
5,0;4,97;0,03
5,0;4,59;0,41
5,0;4,73;0,27
5,0;4,58;0,42
5,0;4,7;0,3
5,0;4,71;0,29
5,0;4,85;0,15
5,0;3,04;1,96
5,0;4,32;0,68
3,0;4,53;-1,53
1,0;1,16;-0,16
5,0;4,59;0,41
5,0;4,52;0,48
5,0;4,34;0,66
5,0;4,06;0,94
1,0;4,48;-3,48
4,0;4,7;-0,7
5,0;3,03;1,97
5,0;3,87;1,13
1,0;4,22;-3,22
5,0;3,54;1,46
4,0;4,79;-0,79
5,0;4,48;0,52
5,0;4,67;0,33
5,0;4,9;0,1
4,0;4,71;-0,71
4,0;4,61;-0,61
5,0;4,29;0,71
3,0;4,03;-1,03
5,0;4,27;0,73
1,0;3,79;-2,79
5,0;3,68;1,32
5,0;4,61;0,39
5,0;4,19;0,81
5,0;3,43;1,57
1,0;2,74;-1,74
4,0;4,75;-0,75
3,0;4,88;-1,88
5,0;4,91;0,09
5,0;3,92;1,08
5,0;3,71;1,29
1,0;4,31;-3,31
3,0;4,7;-1,7
5,0;4,18;0,82
3,0;4,12;-1,12
4,0;4,94;-0,94
5,0;4,92;0,08
5,0;4,4;0,6
3,0;3,08;-0,08
4,5;3,77;0,73
5,0;4,3;0,7
4,0;4,26;-0,26
1,0;3,97;-2,97
5,0;3,5;1,5
5,0;3,44;1,56
5,0;3,98;1,02
5,0;4,26;0,74
5,0;4,48;0,52
5,0;3,94;1,06
4,0;3,91;0,09
5,0;3,91;1,09
1,0;1,14;-0,14
5,0;3,95;1,05
5,0;3,87;1,13
5,0;4,28;0,72
4,0;4,33;-0,33
3,5;2,84;0,66
5,0;4,74;0,26
5,0;4,04;0,96
5,0;4,63;0,37
4,0;4,58;-0,58
5,0;3,79;1,21
5,0;3,71;1,29
4,0;4,49;-0,49
4,0;3,93;0,07
1,0;4,03;-3,03
5,0;4,22;0,78
5,0;3,72;1,28
5,0;3,79;1,21
5,0;4,01;0,99
5,0;3,18;1,82
5,0;4,24;0,76
3,0;3,48;-0,48
5,0;4,62;0,38
5,0;2,72;2,28
2,0;4,3;-2,3
5,0;4,13;0,87
5,0;4,68;0,32
5,0;4,06;0,94
1,0;2,08;-1,08
5,0;4,43;0,57
5,0;4,46;0,54
5,0;2,33;2,67
4,0;4,13;-0,13
3,0;2,18;0,82
5,0;4,92;0,08
5,0;4,94;0,06
5,0;4,33;0,67
3,0;5,0;-2,0
5,0;4,8;0,2
5,0;4,98;0,02
1,0;1,12;-0,12
5,0;2,18;2,82
5,0;4,55;0,45
3,0;3,36;-0,36
5,0;4,13;0,87
5,0;4,94;0,06
5,0;4,29;0,71
1,0;4,44;-3,44
5,0;4,98;0,02
2,0;4,85;-2,85
1,0;4,57;-3,57
5,0;4,5;0,5
1,0;4,41;-3,41
1,0;4,4;-3,4
5,0;4,88;0,12
4,0;4,62;-0,62
5,0;3,52;1,48
5,0;4,18;0,82
5,0;4,66;0,34
5,0;3,99;1,01
4,0;4,58;-0,58
4,0;3,7;0,3
1,0;3,96;-2,96
5,0;4,54;0,46
5,0;4,28;0,72
5,0;4,09;0,91
5,0;4,17;0,83
3,0;3,63;-0,63
3,0;3,05;-0,05
5,0;4,51;0,49
3,0;4,37;-1,37
5,0;4,76;0,24
5,0;4,61;0,39
4,0;2,97;1,03
5,0;4,54;0,46
4,0;4,16;-0,16
5,0;4,47;0,53
2,0;3,55;-1,55
5,0;4,22;0,78
5,0;4,42;0,58
5,0;3,27;1,73
4,0;4,72;-0,72
3,0;4,79;-1,79
1,0;1,09;-0,09
2,0;4,25;-2,25
1,0;3,86;-2,86
4,0;4,05;-0,05
5,0;4,22;0,78
3,0;4,58;-1,58
5,0;4,24;0,76
4,0;3,73;0,27
5,0;4,65;0,35
5,0;3,96;1,04
5,0;3,73;1,27
1,0;3,74;-2,74
5,0;4,5;0,5
1,0;4,78;-3,78
5,0;4,35;0,65
0,0;4,37;-4,37
5,0;4,39;0,61
4,0;4,26;-0,26
5,0;2,75;2,25
5,0;4,53;0,47
5,0;3,61;1,39
5,0;3,8;1,2
1,0;4,54;-3,54
1,0;2,3;-1,3
4,0;4,25;-0,25
5,0;3,95;1,05
5,0;4,51;0,49
5,0;3,8;1,2
5,0;4,12;0,88
5,0;4,06;0,94
1,0;1,55;-0,55
5,0;4,1;0,9
5,0;4,11;0,89
5,0;4,02;0,98
5,0;3,01;1,99
5,0;4,89;0,11
5,0;4,41;0,59
5,0;3,82;1,18
1,0;2,39;-1,39
2,0;4,46;-2,46
5,0;3,94;1,06
5,0;3,06;1,94
5,0;4,53;0,47
1,0;4,31;-3,31
5,0;3,69;1,31
5,0;4,19;0,81
5,0;3,31;1,69
5,0;4,95;0,05
5,0;1,52;3,48
4,0;4,43;-0,43
4,0;3,67;0,33
5,0;4,91;0,09
3,0;4,82;-1,82
5,0;4,51;0,49
5,0;4,1;0,9
4,0;4,48;-0,48
5,0;4,42;0,58
4,0;4,79;-0,79
5,0;4,83;0,17
2,0;4,51;-2,51
5,0;1,1;3,9
5,0;3,82;1,18
5,0;4,48;0,52
4,5;4,31;0,19
5,0;4,3;0,7
1,0;2,22;-1,22
5,0;4,6;0,4
5,0;4,4;0,6
4,0;4,1;-0,1
5,0;4,92;0,08
5,0;3,51;1,49
5,0;4,53;0,47
1,0;3,32;-2,32
3,0;4,39;-1,39
1,0;3,63;-2,63
5,0;4,38;0,62
5,0;1,93;3,07
5,0;4,92;0,08
5,0;4,5;0,5
5,0;3,88;1,12
4,0;3,25;0,75
4,0;3,81;0,19
5,0;4,82;0,18
5,0;4,47;0,53
5,0;4,56;0,44
5,0;4,3;0,7
5,0;4,54;0,46
5,0;4,85;0,15
4,0;3,51;0,49
5,0;4,38;0,62
1,0;1,78;-0,78
4,0;4,64;-0,64
5,0;4,49;0,51
5,0;4,35;0,65
4,0;4,89;-0,89
3,0;3,78;-0,78
4,0;4,47;-0,47
5,0;4,68;0,32
3,0;4,68;-1,68
4,0;4,57;-0,57
5,0;4,83;0,17
5,0;4,06;0,94
3,0;4,32;-1,32
5,0;3,6;1,4
4,0;4,71;-0,71
5,0;3,82;1,18
5,0;4,04;0,96
4,0;4,83;-0,83
3,0;4,39;-1,39
1,0;4,29;-3,29
1,0;3,72;-2,72
0,0;1,65;-1,65
4,0;4,44;-0,44
4,0;4,82;-0,82
5,0;3,87;1,13
1,0;3,09;-2,09
5,0;3,61;1,39
4,0;4,77;-0,77
1,0;4,53;-3,53
5,0;4,83;0,17
4,0;4,83;-0,83
5,0;4,14;0,86
3,0;4,52;-1,52
1,0;1,6;-0,6
5,0;4,27;0,73
5,0;4,47;0,53
4,0;3,71;0,29
5,0;4,6;0,4
4,0;4,43;-0,43
5,0;3,98;1,02
5,0;4,66;0,34
1,0;4,56;-3,56
4,0;4,46;-0,46
4,0;4,62;-0,62
5,0;4,63;0,37
4,0;4,47;-0,47
3,0;4,74;-1,74
5,0;4,37;0,63
5,0;4,81;0,19
5,0;4,81;0,19
5,0;4,55;0,45
4,0;3,82;0,18
3,0;4,21;-1,21
4,0;2,3;1,7
5,0;3,95;1,05
5,0;4,27;0,73
5,0;4,66;0,34
5,0;4,59;0,41
5,0;4,08;0,92
4,0;3,13;0,87
5,0;4,5;0,5
5,0;4,26;0,74
4,0;3,13;0,87
4,0;4,07;-0,07
5,0;3,91;1,09
2,0;4,73;-2,73
4,0;4,69;-0,69
5,0;4,96;0,04
5,0;4,98;0,02
4,0;4,43;-0,43
5,0;4,05;0,95
5,0;4,17;0,83
3,0;3,6;-0,6
5,0;4,39;0,61
5,0;4,26;0,74
5,0;3,38;1,62
5,0;4,72;0,28
5,0;4,54;0,46
5,0;3,19;1,81
5,0;4,19;0,81
5,0;3,9;1,1
5,0;3,35;1,65
5,0;4,16;0,84
4,0;2,6;1,4
3,0;3,39;-0,39
5,0;4,15;0,85
4,0;4,01;-0,01
5,0;2,61;2,39
5,0;2,33;2,67
5,0;4,16;0,84
4,0;3,67;0,33
4,0;4,49;-0,49
4,0;4,7;-0,7
4,0;4,36;-0,36
4,0;4,94;-0,94
4,0;3,92;0,08
4,0;4,13;-0,13
5,0;4,33;0,67
1,0;4,33;-3,33
5,0;4,66;0,34
5,0;4,35;0,65
5,0;4,96;0,04
5,0;4,48;0,52
5,0;4,51;0,49
5,0;4,74;0,26
5,0;3,67;1,33
4,0;4,41;-0,41
4,0;4,45;-0,45
0,0;3,03;-3,03
5,0;4,53;0,47
1,0;4,61;-3,61
5,0;4,02;0,98
3,0;3,63;-0,63
5,0;4,88;0,12
4,0;4,54;-0,54
5,0;3,64;1,36
4,0;5,0;-1,0
5,0;3,69;1,31
5,0;4,81;0,19
5,0;4,59;0,41
4,0;4,1;-0,1
5,0;4,61;0,39
5,0;4,03;0,97
1,0;3,2;-2,2
5,0;4,18;0,82
5,0;4,44;0,56
4,0;4,33;-0,33
5,0;4,6;0,4
1,0;3,12;-2,12
5,0;4,06;0,94
1,0;4,31;-3,31
5,0;4,6;0,4
4,0;4,72;-0,72
5,0;4,2;0,8
4,0;3,69;0,31
5,0;4,96;0,04
2,0;4,33;-2,33
5,0;4,18;0,82
5,0;4,4;0,6
5,0;4,5;0,5
5,0;3,98;1,02
5,0;3,62;1,38
5,0;4,65;0,35
4,0;4,47;-0,47
5,0;4,45;0,55
5,0;4,47;0,53
5,0;4,3;0,7
5,0;4,79;0,21
1,0;3,81;-2,81
5,0;4,32;0,68
5,0;4,38;0,62
1,0;2,6;-1,6
5,0;4,69;0,31
5,0;4,3;0,7
5,0;4,87;0,13
5,0;3,97;1,03
5,0;4,17;0,83
4,0;4,39;-0,39
2,0;4,78;-2,78
5,0;4,17;0,83
1,0;4,36;-3,36
5,0;4,43;0,57
3,0;4,9;-1,9
4,0;4,92;-0,92
5,0;4,74;0,26
4,0;4,43;-0,43
3,0;4,73;-1,73
5,0;4,72;0,28
5,0;4,91;0,09
5,0;2,93;2,07
5,0;2,84;2,16
5,0;1,88;3,12
4,0;4,48;-0,48
5,0;3,96;1,04
4,0;4,41;-0,41
4,0;3,78;0,22
5,0;4,82;0,18
2,0;4,42;-2,42
3,0;4,83;-1,83
5,0;4,38;0,62
5,0;2,04;2,96
4,0;4,83;-0,83
5,0;4,78;0,22
1,0;2,55;-1,55
2,0;1,71;0,29
5,0;2,76;2,24
5,0;4,94;0,06
5,0;4,43;0,57
5,0;4,14;0,86
5,0;4,97;0,03
5,0;3,93;1,07
5,0;4,62;0,38
5,0;4,78;0,22
5,0;4,96;0,04
1,0;4,81;-3,81
5,0;3,51;1,49
5,0;4,21;0,79
4,0;3,9;0,1
5,0;4,29;0,71
5,0;3,8;1,2
4,0;3,56;0,44
4,0;2,08;1,92
3,0;4,95;-1,95
5,0;3,95;1,05
5,0;4,18;0,82
4,0;4,32;-0,32
5,0;4,04;0,96
1,0;4,5;-3,5
5,0;4,06;0,94
4,0;4,26;-0,26
4,0;4,18;-0,18
5,0;4,74;0,26
3,0;3,86;-0,86
5,0;4,44;0,56
1,0;3,95;-2,95
5,0;4,94;0,06
3,0;3,36;-0,36
4,0;4,85;-0,85
5,0;4,75;0,25
1,0;4,53;-3,53
5,0;4,14;0,86
5,0;4,47;0,53
4,0;4,3;-0,3
5,0;4,85;0,15
5,0;4,45;0,55
5,0;4,26;0,74
2,0;3,98;-1,98
5,0;4,03;0,97
1,0;4,95;-3,95
4,0;3,76;0,24
5,0;4,5;0,5
5,0;3,63;1,37
5,0;4,44;0,56
5,0;4,29;0,71
4,0;3,16;0,84
4,0;2,85;1,15
4,0;4,7;-0,7
4,0;4,69;-0,69
5,0;4,17;0,83
2,0;1,52;0,48
5,0;4,14;0,86
5,0;3,53;1,47
5,0;3,87;1,13
5,0;4,92;0,08
5,0;1,39;3,61
5,0;4,47;0,53
5,0;3,83;1,17
5,0;4,05;0,95
4,0;1,52;2,48
1,0;4,61;-3,61
5,0;3,97;1,03
4,0;4,65;-0,65
5,0;4,01;0,99
5,0;4,41;0,59
5,0;1,78;3,22
5,0;3,65;1,35
4,0;4,19;-0,19
5,0;4,6;0,4
5,0;4,97;0,03
5,0;4,82;0,18
5,0;4,19;0,81
5,0;4,27;0,73
5,0;3,58;1,42
5,0;4,29;0,71
5,0;2,18;2,82
5,0;3,67;1,33
5,0;4,0;1,0
3,0;1,53;1,47
5,0;4,51;0,49
5,0;4,33;0,67
5,0;4,83;0,17
4,0;4,19;-0,19
5,0;4,48;0,52
5,0;4,67;0,33
2,0;3,99;-1,99
4,0;3,52;0,48
5,0;4,15;0,85
4,0;4,36;-0,36
3,0;4,25;-1,25
5,0;4,27;0,73
4,0;4,9;-0,9
5,0;4,36;0,64
5,0;4,17;0,83
4,0;4,8;-0,8
5,0;3,97;1,03
4,0;4,79;-0,79
5,0;4,73;0,27
4,0;3,59;0,41
5,0;3,09;1,91
2,0;1,64;0,36
4,0;3,83;0,17
5,0;3,84;1,16
4,0;4,65;-0,65
2,0;4,57;-2,57
4,0;3,63;0,37
5,0;3,85;1,15
5,0;4,12;0,88
5,0;4,07;0,93
3,0;3,57;-0,57
2,0;4,3;-2,3
3,0;3,88;-0,88
4,0;3,17;0,83
5,0;4,58;0,42
5,0;3,73;1,27
5,0;4,39;0,61
5,0;4,25;0,75
4,0;4,62;-0,62
4,0;4,45;-0,45
4,0;3,95;0,05
4,0;4,24;-0,24
5,0;4,54;0,46
5,0;3,79;1,21
5,0;4,87;0,13
4,0;3,26;0,74
5,0;3,66;1,34
1,0;4,58;-3,58
1,0;3,64;-2,64
5,0;4,23;0,77
5,0;3,64;1,36
5,0;4,61;0,39
3,0;4,08;-1,08
3,0;1,57;1,43
5,0;4,59;0,41
5,0;4,55;0,45
5,0;4,64;0,36
3,0;4,48;-1,48
5,0;4,24;0,76
5,0;4,67;0,33
5,0;4,61;0,39
5,0;4,78;0,22
5,0;4,64;0,36
5,0;4,12;0,88
5,0;4,6;0,4
4,0;4,77;-0,77
5,0;4,09;0,91
4,0;3,61;0,39
3,0;4,54;-1,54
4,0;4,88;-0,88
5,0;1,32;3,68
5,0;2,02;2,98
4,0;4,53;-0,53
5,0;4,71;0,29
5,0;3,76;1,24
5,0;4,39;0,61
4,0;3,98;0,02
5,0;3,5;1,5
5,0;3,75;1,25
3,0;4,11;-1,11
3,0;3,84;-0,84
2,3333;3,44;-1,11
3,0;3,88;-0,88
5,0;4,27;0,73
4,0;4,78;-0,78
5,0;4,1;0,9
5,0;3,89;1,11
5,0;4,88;0,12
5,0;3,57;1,43
4,0;4,15;-0,15
1,0;4,81;-3,81
1,0;3,51;-2,51
5,0;4,41;0,59
5,0;3,56;1,44
5,0;4,94;0,06
5,0;4,34;0,66
5,0;1,96;3,04
5,0;4,26;0,74
5,0;4,15;0,85
4,0;4,36;-0,36
3,0;4,41;-1,41
5,0;4,74;0,26
5,0;4,37;0,63
4,0;4,78;-0,78
5,0;4,63;0,37
3,0;2,26;0,74
4,0;4,49;-0,49
5,0;3,58;1,42
4,0;3,79;0,21
5,0;4,79;0,21
5,0;3,92;1,08
1,0;4,11;-3,11
4,0;4,37;-0,37
2,0;2,85;-0,85
3,8;3,91;-0,11
5,0;4,48;0,52
5,0;3,84;1,16
5,0;3,86;1,14
5,0;4,58;0,42
5,0;4,83;0,17
2,0;4,7;-2,7
5,0;4,74;0,26
4,0;4,47;-0,47
1,0;1,75;-0,75
5,0;4,34;0,66
2,0;4,2;-2,2
1,0;4,53;-3,53
5,0;4,61;0,39
4,0;3,74;0,26
5,0;3,82;1,18
4,0;4,18;-0,18
1,0;4,01;-3,01
5,0;2,97;2,03
5,0;4,09;0,91
3,0;4,62;-1,62
5,0;2,92;2,08
5,0;4,04;0,96
3,0;4,38;-1,38
5,0;2,71;2,29
4,0;4,11;-0,11
4,0;4,72;-0,72
4,0;4,46;-0,46
3,0;3,86;-0,86
3,0;4,41;-1,41
3,0;3,52;-0,52
1,0;3,72;-2,72
1,0;2,49;-1,49
5,0;4,72;0,28
5,0;4,66;0,34
1,0;2,81;-1,81
4,0;4,72;-0,72
5,0;4,33;0,67
5,0;3,96;1,04
5,0;2,78;2,22
3,0;3,97;-0,97
5,0;4,12;0,88
1,0;1,65;-0,65
5,0;4,74;0,26
3,0;4,0;-1,0
5,0;4,45;0,55
5,0;3,96;1,04
1,0;1,77;-0,77
5,0;4,69;0,31
4,0;4,51;-0,51
5,0;4,52;0,48
5,0;4,07;0,93
5,0;3,67;1,33
3,0;4,74;-1,74
5,0;4,1;0,9
4,0;4,87;-0,87
5,0;4,79;0,21
4,0;3,68;0,32
2,0;4,0;-2,0
5,0;4,77;0,23
1,0;1,98;-0,98
4,0;4,48;-0,48
4,0;4,3;-0,3
4,0;3,98;0,02
5,0;3,31;1,69
3,0;4,54;-1,54
5,0;3,97;1,03
5,0;2,53;2,47
5,0;4,63;0,37
3,0;4,08;-1,08
4,0;4,49;-0,49
5,0;3,86;1,14
4,0;1,94;2,06
3,0;3,06;-0,06
1,0;1,66;-0,66
5,0;3,59;1,41
5,0;3,95;1,05
4,0;3,0;1,0
5,0;3,82;1,18
5,0;4,71;0,29
3,0;4,53;-1,53
5,0;4,38;0,62
4,0;4,4;-0,4
4,0;4,96;-0,96
5,0;4,06;0,94
1,0;4,42;-3,42
2,0;4,21;-2,21
5,0;4,51;0,49
5,0;3,17;1,83
5,0;3,96;1,04
1,0;4,21;-3,21
5,0;4,68;0,32
5,0;4,6;0,4
5,0;4,72;0,28
1,0;4,46;-3,46
4,0;3,17;0,83
5,0;4,5;0,5
5,0;3,86;1,14
4,0;1,78;2,22
3,0;4,44;-1,44
5,0;4,23;0,77
3,0;4,87;-1,87
1,0;4,16;-3,16
4,0;4,66;-0,66
4,0;3,92;0,08
4,0;2,37;1,63
1,0;4,75;-3,75
5,0;2,74;2,26
1,0;4,25;-3,25
5,0;4,42;0,58
5,0;4,84;0,16
5,0;4,03;0,97
5,0;4,48;0,52
1,0;1,22;-0,22
5,0;4,44;0,56
1,0;3,82;-2,82
5,0;3,46;1,54
5,0;4,36;0,64
4,0;4,14;-0,14
5,0;4,06;0,94
5,0;4,62;0,38
5,0;4,73;0,27
3,0;4,31;-1,31
5,0;2,27;2,73
4,0;4,38;-0,38
5,0;4,14;0,86
3,0;4,57;-1,57
5,0;4,79;0,21
4,0;2,98;1,02
1,0;4,86;-3,86
4,0;4,99;-0,99
5,0;4,4;0,6
1,0;4,77;-3,77
5,0;4,26;0,74
5,0;4,44;0,56
4,0;4,54;-0,54
5,0;3,13;1,87
4,0;2,37;1,63
5,0;4,24;0,76
1,0;4,15;-3,15
3,0;3,75;-0,75
5,0;4,34;0,66
5,0;4,12;0,88
5,0;4,05;0,95
5,0;4,68;0,32
5,0;3,75;1,25
5,0;4,01;0,99
4,0;4,43;-0,43
5,0;4,58;0,42
4,0;4,79;-0,79
5,0;3,55;1,45
4,0;4,22;-0,22
5,0;4,47;0,53
5,0;4,77;0,23
4,0;4,4;-0,4
4,0;4,12;-0,12
5,0;4,83;0,17
2,0;4,39;-2,39
5,0;4,48;0,52
5,0;4,16;0,84
1,0;3,94;-2,94
5,0;4,29;0,71
5,0;4,58;0,42
0,0;4,62;-4,62
4,0;2,92;1,08
5,0;4,36;0,64
5,0;3,92;1,08
5,0;4,26;0,74
4,0;4,33;-0,33
5,0;3,6;1,4
5,0;4,1;0,9
5,0;4,44;0,56
1,0;1,76;-0,76
4,0;4,48;-0,48
5,0;3,61;1,39
4,0;4,72;-0,72
5,0;4,65;0,35
4,0;3,88;0,12
5,0;4,42;0,58
5,0;3,39;1,61
1,0;3,44;-2,44
5,0;4,06;0,94
5,0;4,22;0,78
5,0;4,49;0,51
5,0;3,7;1,3
3,0;4,66;-1,66
4,0;4,13;-0,13
4,0;4,01;-0,01
4,0;4,44;-0,44
5,0;4,6;0,4
5,0;4,77;0,23
5,0;3,58;1,42
5,0;4,14;0,86
1,0;3,18;-2,18
5,0;4,18;0,82
5,0;4,06;0,94
5,0;4,5;0,5
5,0;4,03;0,97
5,0;4,74;0,26
4,0;4,34;-0,34
5,0;4,73;0,27
5,0;4,35;0,65
1,0;4,32;-3,32
5,0;4,68;0,32
5,0;3,75;1,25
4,0;4,35;-0,35
3,0;4,84;-1,84
4,0;4,46;-0,46
4,0;4,37;-0,37
5,0;4,32;0,68
1,0;1,89;-0,89
5,0;4,72;0,28
3,0;3,61;-0,61
5,0;4,75;0,25
5,0;4,73;0,27
5,0;3,12;1,88
5,0;4,09;0,91
1,0;3,37;-2,37
5,0;4,09;0,91
5,0;2,56;2,44
5,0;3,98;1,02
1,0;4,03;-3,03
4,0;4,0;0,0
5,0;4,39;0,61
5,0;4,28;0,72
5,0;4,02;0,98
5,0;4,61;0,39
5,0;4,01;0,99
5,0;4,6;0,4
5,0;4,42;0,58
5,0;4,34;0,66
5,0;4,21;0,79
3,0;4,18;-1,18
0,0;4,76;-4,76
5,0;4,92;0,08
4,0;4,59;-0,59
5,0;4,62;0,38
5,0;4,42;0,58
5,0;4,43;0,57
3,0;4,1;-1,1
5,0;4,51;0,49
5,0;3,7;1,3
5,0;4,91;0,09
4,0;3,88;0,12
5,0;4,64;0,36
1,0;3,87;-2,87
5,0;3,89;1,11
5,0;4,69;0,31
5,0;4,5;0,5
5,0;4,87;0,13
5,0;4,38;0,62
3,0;4,3;-1,3
1,0;2,05;-1,05
4,0;4,76;-0,76
4,0;4,33;-0,33
5,0;2,5;2,5
4,0;2,86;1,14
4,0;3,8;0,2
5,0;4,69;0,31
5,0;4,92;0,08
5,0;4,98;0,02
4,0;3,5;0,5
5,0;4,05;0,95
5,0;3,83;1,17
5,0;3,76;1,24
4,0;4,78;-0,78
5,0;3,98;1,02
5,0;4,7;0,3
5,0;3,93;1,07
5,0;4,18;0,82
3,0;4,66;-1,66
5,0;4,17;0,83
5,0;4,04;0,96
5,0;2,76;2,24
5,0;1,85;3,15
4,0;5,0;-1,0
5,0;4,03;0,97
3,0;4,2;-1,2
5,0;4,16;0,84
5,0;4,89;0,11
5,0;2,89;2,11
1,0;1,03;-0,03
5,0;4,79;0,21
5,0;4,49;0,51
5,0;3,89;1,11
5,0;4,93;0,07
5,0;4,17;0,83
5,0;4,51;0,49
5,0;2,96;2,04
5,0;4,35;0,65
5,0;3,81;1,19
5,0;3,72;1,28
5,0;4,94;0,06
5,0;4,41;0,59
5,0;4,5;0,5
5,0;4,6;0,4
5,0;4,1;0,9
3,0;3,4;-0,4
1,0;1,85;-0,85
1,0;3,89;-2,89
5,0;4,53;0,47
1,0;2,86;-1,86
5,0;4,4;0,6
1,0;3,09;-2,09
3,0;1,83;1,17
5,0;4,68;0,32
4,3333;3,98;0,35
4,0;4,22;-0,22
5,0;2,9;2,1
4,0;4,42;-0,42
5,0;4,27;0,73
5,0;4,71;0,29
5,0;4,87;0,13
1,0;1,08;-0,08
5,0;4,67;0,33
5,0;4,61;0,39
1,0;3,25;-2,25
5,0;4,68;0,32
5,0;4,82;0,18
5,0;4,75;0,25
5,0;4,69;0,31
5,0;4,09;0,91
1,0;4,15;-3,15
4,0;4,04;-0,04
5,0;4,71;0,29
4,25;4,33;-0,08
5,0;4,35;0,65
5,0;4,88;0,12
5,0;4,61;0,39
5,0;4,69;0,31
5,0;2,58;2,42
1,0;2,75;-1,75
5,0;4,86;0,14
1,0;4,72;-3,72
5,0;3,51;1,49
1,0;3,06;-2,06
5,0;4,6;0,4
3,0;4,53;-1,53
5,0;4,67;0,33
5,0;2,37;2,63
1,0;3,32;-2,32
1,0;4,1;-3,1
1,0;3,89;-2,89
1,0;1,93;-0,93
5,0;4,55;0,45
4,0;4,44;-0,44
2,0;2,44;-0,44
3,0;4,42;-1,42
5,0;4,79;0,21
5,0;3,59;1,41
4,0;3,69;0,31
3,0;3,46;-0,46
5,0;4,42;0,58
1,0;4,55;-3,55
5,0;4,25;0,75
5,0;4,29;0,71
5,0;4,11;0,89
5,0;3,81;1,19
5,0;4,41;0,59
3,0;4,82;-1,82
5,0;4,41;0,59
1,0;3,9;-2,9
2,5;3,69;-1,19
5,0;4,29;0,71
5,0;4,31;0,69
3,0;3,97;-0,97
4,0;4,92;-0,92
4,0;3,93;0,07
4,0;4,1;-0,1
4,0;4,77;-0,77
4,0;4,64;-0,64
1,0;1,16;-0,16
5,0;4,16;0,84
5,0;4,61;0,39
5,0;4,48;0,52
5,0;4,42;0,58
5,0;4,25;0,75
1,0;4,39;-3,39
5,0;4,55;0,45
2,0;1,46;0,54
5,0;3,58;1,42
4,0;4,0;0,0
3,5;3,67;-0,17
5,0;3,24;1,76
5,0;4,57;0,43
5,0;4,57;0,43
5,0;4,38;0,62
1,0;2,29;-1,29
5,0;4,83;0,17
5,0;3,61;1,39
5,0;4,47;0,53
5,0;4,07;0,93
5,0;4,24;0,76
4,0;4,66;-0,66
1,0;1,52;-0,52
5,0;4,67;0,33
4,0;3,47;0,53
5,0;3,08;1,92
5,0;3,84;1,16
1,0;4,72;-3,72
4,0;3,73;0,27
4,0;3,46;0,54
5,0;4,8;0,2
1,0;1,81;-0,81
5,0;3,23;1,77
5,0;3,39;1,61
5,0;4,84;0,16
5,0;4,73;0,27
3,0;1,6;1,4
5,0;3,63;1,37
5,0;4,86;0,14
5,0;4,46;0,54
5,0;4,67;0,33
5,0;3,07;1,93
5,0;4,39;0,61
4,0;4,76;-0,76
1,0;2,8;-1,8
4,0;4,04;-0,04
5,0;4,35;0,65
5,0;4,03;0,97
1,0;2,1;-1,1
5,0;2,64;2,36
4,0;4,76;-0,76
4,0;3,5;0,5
5,0;4,64;0,36
5,0;3,29;1,71
5,0;4,1;0,9
1,0;4,52;-3,52
3,0;4,49;-1,49
5,0;4,46;0,54
5,0;4,74;0,26
1,0;4,42;-3,42
5,0;4,44;0,56
5,0;3,86;1,14
5,0;2,11;2,89
5,0;3,38;1,62
4,0;3,86;0,14
3,0;1,57;1,43
4,0;4,8;-0,8
1,0;4,01;-3,01
4,0;4,35;-0,35
4,0;4,88;-0,88
5,0;4,53;0,47
5,0;4,65;0,35
5,0;4,01;0,99
5,0;4,23;0,77
5,0;4,71;0,29
5,0;4,38;0,62
5,0;4,05;0,95
5,0;4,92;0,08
4,0;4,74;-0,74
5,0;4,8;0,2
5,0;4,43;0,57
5,0;3,44;1,56
4,0;4,71;-0,71
4,0;4,77;-0,77
5,0;4,91;0,09
5,0;4,44;0,56
5,0;4,01;0,99
5,0;4,55;0,45
5,0;4,76;0,24
4,0;4,42;-0,42
4,0;4,28;-0,28
4,0;4,07;-0,07
5,0;4,49;0,51
5,0;3,59;1,41
4,0;4,02;-0,02
5,0;3,89;1,11
5,0;4,45;0,55
1,0;1,06;-0,06
0,0;4,02;-4,02
3,0;4,08;-1,08
5,0;4,08;0,92
5,0;4,41;0,59
5,0;4,14;0,86
5,0;3,89;1,11
5,0;4,78;0,22
1,0;4,6;-3,6
5,0;3,9;1,1
5,0;3,9;1,1
5,0;4,62;0,38
5,0;4,61;0,39
4,0;3,64;0,36
4,0;3,26;0,74
5,0;4,49;0,51
5,0;4,87;0,13
4,0;3,3;0,7
4,0;4,12;-0,12
3,0;4,58;-1,58
4,0;4,04;-0,04
3,0;4,68;-1,68
5,0;4,7;0,3
5,0;1,72;3,28
5,0;4,87;0,13
5,0;3,27;1,73
5,0;4,55;0,45
4,0;4,46;-0,46
5,0;4,18;0,82
3,0;4,36;-1,36
5,0;3,49;1,51
3,0;4,76;-1,76
4,0;4,42;-0,42
5,0;4,01;0,99
5,0;4,43;0,57
4,0;3,49;0,51
5,0;3,9;1,1
5,0;3,65;1,35
5,0;4,57;0,43
2,0;3,86;-1,86
5,0;3,84;1,16
0,0;4,28;-4,28
4,0;4,63;-0,63
5,0;4,82;0,18
5,0;4,27;0,73
5,0;4,12;0,88
5,0;4,53;0,47
4,0;3,6;0,4
5,0;4,62;0,38
5,0;4,29;0,71
5,0;3,83;1,17
2,0;1,13;0,87
3,0;4,35;-1,35
5,0;2,09;2,91
2,0;1,7;0,3
3,0;4,62;-1,62
4,0;4,22;-0,22
4,0;2,66;1,34
3,0;3,67;-0,67
5,0;4,25;0,75
5,0;4,35;0,65
5,0;4,34;0,66
3,0;4,47;-1,47
4,0;3,59;0,41
5,0;3,66;1,34
5,0;4,15;0,85
5,0;3,88;1,12
5,0;4,94;0,06
1,0;4,59;-3,59
5,0;4,22;0,78
1,0;1,45;-0,45
5,0;4,15;0,85
1,0;2,12;-1,12
5,0;3,58;1,42
4,0;4,39;-0,39
5,0;4,31;0,69
5,0;4,88;0,12
5,0;4,66;0,34
3,0;4,26;-1,26
5,0;4,0;1,0
4,0;3,19;0,81
4,0;4,58;-0,58
4,0;4,76;-0,76
5,0;4,7;0,3
5,0;3,16;1,84
4,0;4,34;-0,34
4,0;3,06;0,94
5,0;3,9;1,1
5,0;4,8;0,2
5,0;2,76;2,24
2,0;2,21;-0,21
5,0;3,7;1,3
5,0;2,98;2,02
4,0;4,29;-0,29
5,0;3,94;1,06
5,0;4,23;0,77
5,0;3,03;1,97
4,0;4,07;-0,07
4,0;3,9;0,1
3,0;1,95;1,05
2,0;3,82;-1,82
4,0;4,03;-0,03
5,0;4,18;0,82
5,0;3,29;1,71
5,0;4,42;0,58
1,0;3,7;-2,7
5,0;3,84;1,16
4,0;3,47;0,53
3,0;3,94;-0,94
0,0;4,51;-4,51
5,0;4,14;0,86
5,0;4,3;0,7
5,0;4,4;0,6
5,0;2,94;2,06
5,0;4,05;0,95
5,0;4,17;0,83
1,0;3,23;-2,23
4,0;4,25;-0,25
5,0;3,73;1,27
0,0;3,26;-3,26
5,0;4,63;0,37
5,0;4,73;0,27
5,0;4,14;0,86
5,0;4,45;0,55
5,0;3,3;1,7
5,0;4,81;0,19
5,0;4,57;0,43
5,0;4,58;0,42
3,0;4,82;-1,82
4,0;3,94;0,06
5,0;2,84;2,16
3,0;4,58;-1,58
4,0;3,66;0,34
4,0;4,7;-0,7
1,0;3,83;-2,83
5,0;3,85;1,15
5,0;4,8;0,2
5,0;4,23;0,77
5,0;4,6;0,4
1,0;2,66;-1,66
3,0;3,12;-0,12
5,0;3,35;1,65
5,0;4,83;0,17
5,0;3,79;1,21
5,0;4,32;0,68
5,0;4,46;0,54
5,0;4,14;0,86
1,0;1,59;-0,59
5,0;4,27;0,73
3,0;4,21;-1,21
5,0;3,95;1,05
5,0;4,35;0,65
4,0;4,35;-0,35
5,0;4,54;0,46
5,0;4,28;0,72
4,0;4,38;-0,38
5,0;4,14;0,86
3,0;4,55;-1,55
5,0;4,22;0,78
5,0;2,74;2,26
2,0;4,34;-2,34
3,0;3,72;-0,72
5,0;4,06;0,94
5,0;4,52;0,48
5,0;4,28;0,72
4,0;4,11;-0,11
4,0;4,9;-0,9
5,0;4,58;0,42
5,0;3,78;1,22
4,0;4,08;-0,08
5,0;4,6;0,4
5,0;4,28;0,72
5,0;4,39;0,61
5,0;4,26;0,74
4,0;4,03;-0,03
5,0;3,62;1,38
5,0;4,67;0,33
5,0;4,42;0,58
5,0;4,68;0,32
5,0;4,7;0,3
5,0;4,83;0,17
3,0;4,32;-1,32
3,0;4,74;-1,74
5,0;3,53;1,47
2,0;3,85;-1,85
0,0;3,41;-3,41
2,0;4,6;-2,6
5,0;3,81;1,19
5,0;3,81;1,19
5,0;4,37;0,63
4,0;4,13;-0,13
4,0;4,89;-0,89
5,0;3,63;1,37
5,0;4,09;0,91
3,0;4,59;-1,59
5,0;4,53;0,47
5,0;4,54;0,46
5,0;4,38;0,62
2,0;4,32;-2,32
4,0;4,1;-0,1
4,0;4,29;-0,29
5,0;4,46;0,54
1,0;1,32;-0,32
1,0;1,56;-0,56
1,0;4,83;-3,83
5,0;4,5;0,5
5,0;4,9;0,1
4,0;2,74;1,26
1,0;4,47;-3,47
4,0;3,68;0,32
4,0;4,42;-0,42
5,0;3,94;1,06
5,0;4,31;0,69
4,0;4,5;-0,5
4,0;4,71;-0,71
2,0;4,19;-2,19
4,0;3,23;0,77
5,0;2,87;2,13
5,0;4,08;0,92
5,0;4,58;0,42
4,0;4,5;-0,5
5,0;4,56;0,44
5,0;4,76;0,24
3,0;3,22;-0,22
5,0;4,37;0,63
5,0;4,5;0,5
4,3333;4,34;-0,01
5,0;4,81;0,19
1,0;1,98;-0,98
5,0;4,69;0,31
5,0;4,26;0,74
5,0;4,35;0,65
0,0;3,7;-3,7
4,0;3,81;0,19
5,0;4,32;0,68
4,0;4,3;-0,3
5,0;3,96;1,04
5,0;4,39;0,61
5,0;4,72;0,28
1,0;4,49;-3,49
5,0;4,59;0,41
5,0;4,29;0,71
5,0;3,89;1,11
5,0;4,76;0,24
4,0;4,76;-0,76
3,0;3,77;-0,77
4,0;4,06;-0,06
5,0;3,9;1,1
3,0;4,74;-1,74
5,0;4,28;0,72
4,0;4,44;-0,44
4,0;3,21;0,79
5,0;4,04;0,96
5,0;4,12;0,88
4,0;3,82;0,18
4,0;3,39;0,61
5,0;4,41;0,59
5,0;2,82;2,18
5,0;4,03;0,97
5,0;3,53;1,47
5,0;4,6;0,4
4,0;3,89;0,11
4,0;4,75;-0,75
5,0;4,91;0,09
1,0;1,73;-0,73
3,0;3,22;-0,22
5,0;3,63;1,37
5,0;4,16;0,84
5,0;3,56;1,44
4,0;4,48;-0,48
5,0;4,4;0,6
0,0;2,19;-2,19
4,0;4,5;-0,5
4,0;1,81;2,19
5,0;4,8;0,2
5,0;4,8;0,2
5,0;2,74;2,26
5,0;4,76;0,24
5,0;4,45;0,55
4,0;4,7;-0,7
4,0;4,79;-0,79
5,0;4,82;0,18
5,0;4,04;0,96
5,0;4,93;0,07
5,0;4,85;0,15
5,0;4,5;0,5
5,0;4,81;0,19
5,0;3,37;1,63
5,0;4,84;0,16
5,0;4,24;0,76
4,0;4,17;-0,17
5,0;4,21;0,79
2,0;4,41;-2,41
5,0;4,39;0,61
5,0;4,57;0,43
4,0;4,74;-0,74
5,0;4,5;0,5
4,0;4,54;-0,54
3,0;3,26;-0,26
5,0;3,06;1,94
5,0;3,18;1,82
5,0;4,46;0,54
4,0;4,76;-0,76
4,0;4,78;-0,78
5,0;4,17;0,83
5,0;4,89;0,11
5,0;4,41;0,59
2,0;4,58;-2,58
5,0;4,36;0,64
5,0;3,86;1,14
4,0;4,38;-0,38
3,0;4,12;-1,12
5,0;4,4;0,6
5,0;4,04;0,96
3,0;4,01;-1,01
5,0;3,61;1,39
4,0;4,76;-0,76
5,0;4,04;0,96
1,0;1,2;-0,2
4,0;4,44;-0,44
3,0;4,08;-1,08
4,0;4,52;-0,52
5,0;4,56;0,44
5,0;3,62;1,38
0,0;1,21;-1,21
5,0;4,06;0,94
5,0;4,49;0,51
4,0;3,72;0,28
5,0;3,6;1,4
4,0;4,66;-0,66
4,0;4,67;-0,67
5,0;4,79;0,21
5,0;3,79;1,21
5,0;4,39;0,61
3,0;3,94;-0,94
5,0;4,57;0,43
5,0;4,46;0,54
5,0;4,24;0,76
4,0;4,87;-0,87
4,0;3,9;0,1
2,0;1,29;0,71
5,0;3,18;1,82
4,0;4,12;-0,12
3,0;3,74;-0,74
4,0;4,4;-0,4
2,0;3,27;-1,27
5,0;4,34;0,66
4,0;4,45;-0,45
5,0;4,64;0,36
4,0;4,0;0,0
5,0;3,04;1,96
5,0;3,51;1,49
5,0;4,21;0,79
5,0;4,62;0,38
1,0;3,89;-2,89
1,0;1,66;-0,66
5,0;4,38;0,62
5,0;1,96;3,04
3,0;2,92;0,08
3,0;4,29;-1,29
5,0;4,53;0,47
4,0;4,53;-0,53
1,0;1,42;-0,42
4,0;4,93;-0,93
3,0;1,78;1,22
5,0;4,34;0,66
5,0;4,86;0,14
5,0;2,3;2,7
5,0;4,45;0,55
5,0;3,32;1,68
5,0;3,78;1,22
5,0;3,83;1,17
5,0;3,91;1,09
5,0;4,27;0,73
1,0;4,12;-3,12
5,0;3,86;1,14
4,0;4,18;-0,18
3,0;4,02;-1,02
2,0;3,78;-1,78
5,0;4,53;0,47
5,0;4,48;0,52
5,0;4,45;0,55
4,0;4,3;-0,3
4,0;2,33;1,67
5,0;4,05;0,95
4,0;4,1;-0,1
5,0;4,66;0,34
4,0;4,56;-0,56
5,0;4,4;0,6
5,0;3,07;1,93
4,0;2,26;1,74
5,0;4,23;0,77
5,0;4,82;0,18
5,0;4,5;0,5
3,0;4,63;-1,63
4,0;1,63;2,37
5,0;3,74;1,26
5,0;4,17;0,83
5,0;3,44;1,56
1,0;4,84;-3,84
4,0;4,34;-0,34
1,0;1,92;-0,92
5,0;4,5;0,5
5,0;4,47;0,53
5,0;4,81;0,19
1,0;4,14;-3,14
1,0;4,11;-3,11
2,0;4,54;-2,54
1,0;4,16;-3,16
5,0;4,35;0,65
5,0;4,42;0,58
4,0;4,41;-0,41
1,0;3,08;-2,08
5,0;4,95;0,05
5,0;4,73;0,27
5,0;4,64;0,36
4,0;4,1;-0,1
5,0;4,26;0,74
4,3333;4,26;0,07
5,0;4,31;0,69
5,0;4,67;0,33
5,0;2,62;2,38
5,0;1,76;3,24
4,0;4,36;-0,36
4,0;4,04;-0,04
5,0;4,91;0,09
5,0;4,75;0,25
5,0;4,5;0,5
5,0;3,83;1,17
5,0;4,53;0,47
5,0;1,64;3,36
5,0;4,31;0,69
5,0;4,84;0,16
4,0;4,68;-0,68
3,0;3,82;-0,82
5,0;4,36;0,64
5,0;4,43;0,57
5,0;3,89;1,11
3,0;3,75;-0,75
5,0;4,66;0,34
5,0;4,0;1,0
3,0;4,57;-1,57
5,0;3,91;1,09
5,0;4,08;0,92
4,0;3,84;0,16
5,0;3,42;1,58
5,0;4,52;0,48
5,0;4,24;0,76
5,0;4,68;0,32
5,0;4,06;0,94
5,0;2,77;2,23
5,0;4,91;0,09
4,0;3,98;0,02
3,0;4,58;-1,58
0,0;4,77;-4,77
5,0;4,87;0,13
5,0;4,71;0,29
5,0;4,14;0,86
1,0;4,64;-3,64
5,0;3,97;1,03
5,0;4,8;0,2
5,0;3,9;1,1
5,0;2,3;2,7
3,0;1,23;1,77
0,0;4,31;-4,31
5,0;4,08;0,92
5,0;4,0;1,0
3,0;4,5;-1,5
1,0;3,33;-2,33
5,0;4,36;0,64
2,0;3,72;-1,72
1,0;1,52;-0,52
5,0;3,52;1,48
5,0;4,23;0,77
5,0;4,5;0,5
4,0;4,36;-0,36
5,0;4,34;0,66
5,0;4,16;0,84
3,5;3,64;-0,14
5,0;4,3;0,7
5,0;4,34;0,66
5,0;4,49;0,51
4,0;4,53;-0,53
1,0;4,05;-3,05
5,0;4,54;0,46
1,0;3,45;-2,45
5,0;3,63;1,37
5,0;3,84;1,16
4,0;4,64;-0,64
4,0;4,64;-0,64
5,0;4,52;0,48
5,0;4,48;0,52
2,0;1,03;0,97
4,0;3,87;0,13
3,0;2,81;0,19
4,0;4,54;-0,54
4,0;4,14;-0,14
5,0;3,58;1,42
5,0;4,5;0,5
5,0;4,32;0,68
5,0;4,63;0,37
5,0;3,47;1,53
4,0;4,42;-0,42
5,0;1,99;3,01
5,0;4,88;0,12
5,0;4,48;0,52
5,0;4,27;0,73
5,0;4,27;0,73
5,0;4,1;0,9
1,0;4,23;-3,23
5,0;4,88;0,12
2,0;3,72;-1,72
4,0;3,96;0,04
5,0;3,73;1,27
5,0;4,48;0,52
5,0;4,4;0,6
5,0;4,57;0,43
5,0;4,58;0,42
5,0;4,41;0,59
4,0;3,54;0,46
5,0;4,39;0,61
4,0;4,06;-0,06
1,0;4,24;-3,24
0,0;1,98;-1,98
2,0;2,9;-0,9
5,0;3,83;1,17
5,0;3,64;1,36
5,0;4,3;0,7
5,0;3,11;1,89
1,0;4,66;-3,66
4,0;3,87;0,13
5,0;4,61;0,39
1,0;2,02;-1,02
5,0;4,8;0,2
5,0;2,27;2,73
5,0;4,33;0,67
5,0;4,01;0,99
5,0;4,52;0,48
5,0;4,2;0,8
1,0;4,32;-3,32
5,0;4,54;0,46
5,0;4,45;0,55
5,0;4,36;0,64
1,0;1,39;-0,39
5,0;4,85;0,15
5,0;4,92;0,08
5,0;3,1;1,9
4,0;4,39;-0,39
5,0;4,46;0,54
5,0;4,39;0,61
4,0;4,42;-0,42
5,0;3,78;1,22
3,0;4,24;-1,24
1,0;1,9;-0,9
5,0;4,16;0,84
5,0;4,23;0,77
5,0;4,78;0,22
5,0;3,66;1,34
5,0;4,28;0,72
5,0;4,62;0,38
5,0;3,82;1,18
5,0;3,17;1,83
4,0;3,97;0,03
1,0;3,78;-2,78
4,0;4,81;-0,81
4,0;2,73;1,27
1,0;4,06;-3,06
5,0;4,27;0,73
5,0;4,39;0,61
5,0;4,53;0,47
5,0;3,56;1,44
5,0;5,0;0,0
5,0;4,39;0,61
4,0;4,65;-0,65
4,0;4,03;-0,03
5,0;4,94;0,06
5,0;3,81;1,19
1,0;4,5;-3,5
5,0;4,72;0,28
4,0;4,37;-0,37
5,0;4,07;0,93
5,0;4,21;0,79
1,0;1,94;-0,94
5,0;2,71;2,29
4,0;5,0;-1,0
5,0;4,89;0,11
5,0;4,7;0,3
4,0;3,94;0,06
4,0;2,71;1,29
5,0;4,3;0,7
1,0;1,27;-0,27
5,0;3,88;1,12
5,0;4,62;0,38
5,0;4,61;0,39
5,0;4,28;0,72
3,0;4,93;-1,93
3,0;4,54;-1,54
2,0;4,25;-2,25
2,0;2,95;-0,95
2,0;4,51;-2,51
5,0;3,64;1,36
5,0;4,74;0,26
5,0;4,49;0,51
4,0;3,99;0,01
4,0;4,49;-0,49
5,0;4,77;0,23
3,0;4,52;-1,52
4,0;2,21;1,79
5,0;4,53;0,47
5,0;3,91;1,09
2,0;4,51;-2,51
2,0;1,31;0,69
5,0;4,11;0,89
5,0;4,42;0,58
5,0;3,84;1,16
5,0;3,66;1,34
5,0;2,56;2,44
5,0;4,86;0,14
5,0;4,49;0,51
5,0;4,05;0,95
1,0;1,75;-0,75
4,0;3,07;0,93
5,0;3,5;1,5
5,0;3,53;1,47
5,0;3,28;1,72
5,0;4,82;0,18
5,0;4,78;0,22
3,0;4,37;-1,37
5,0;4,44;0,56
5,0;4,19;0,81
5,0;4,86;0,14
1,0;3,8;-2,8
5,0;3,9;1,1
4,0;4,68;-0,68
5,0;2,06;2,94
5,0;4,31;0,69
5,0;2,78;2,22
4,0;4,38;-0,38
5,0;4,76;0,24
5,0;4,22;0,78
4,0;4,62;-0,62
4,0;4,39;-0,39
5,0;4,16;0,84
3,0;4,75;-1,75
5,0;4,62;0,38
5,0;4,42;0,58
5,0;4,76;0,24
4,0;4,14;-0,14
5,0;3,95;1,05
5,0;4,82;0,18
4,0;3,62;0,38
2,0;4,82;-2,82
5,0;4,91;0,09
5,0;4,37;0,63
5,0;4,38;0,62
5,0;4,65;0,35
5,0;3,35;1,65
5,0;4,66;0,34
5,0;4,91;0,09
5,0;3,26;1,74
5,0;3,12;1,88
5,0;4,72;0,28
5,0;4,47;0,53
5,0;4,16;0,84
5,0;4,7;0,3
4,0;4,36;-0,36
5,0;1,26;3,74
5,0;4,74;0,26
4,0;4,16;-0,16
4,0;4,22;-0,22
1,0;4,33;-3,33
4,0;2,76;1,24
3,0;3,66;-0,66
5,0;4,84;0,16
4,0;1,88;2,12
5,0;4,65;0,35
5,0;4,66;0,34
5,0;4,73;0,27
5,0;3,51;1,49
5,0;4,57;0,43
5,0;4,74;0,26
5,0;2,03;2,97
5,0;4,96;0,04
2,0;4,1;-2,1
1,0;1,51;-0,51
1,0;1,28;-0,28
5,0;4,5;0,5
5,0;3,53;1,47
5,0;3,12;1,88
5,0;4,3;0,7
5,0;3,35;1,65
3,0;3,34;-0,34
2,0;3,67;-1,67
1,0;3,93;-2,93
5,0;3,58;1,42
5,0;3,45;1,55
3,0;3,72;-0,72
5,0;4,68;0,32
5,0;4,51;0,49
5,0;4,25;0,75
5,0;4,78;0,22
1,0;1,55;-0,55
5,0;3,91;1,09
5,0;4,1;0,9
5,0;4,94;0,06
5,0;4,11;0,89
5,0;4,66;0,34
5,0;4,08;0,92
5,0;4,25;0,75
5,0;4,76;0,24
4,0;4,46;-0,46
4,0;2,97;1,03
5,0;4,02;0,98
5,0;4,24;0,76
5,0;4,57;0,43
1,0;4,14;-3,14
3,0;4,7;-1,7
5,0;4,7;0,3
5,0;4,36;0,64
1,0;4,38;-3,38
1,0;4,16;-3,16
4,0;2,32;1,68
5,0;4,34;0,66
1,0;2,03;-1,03
5,0;3,97;1,03
4,0;4,57;-0,57
5,0;4,31;0,69
4,0;4,87;-0,87
5,0;4,94;0,06
5,0;4,13;0,87
4,0;4,05;-0,05
1,0;4,14;-3,14
5,0;3,86;1,14
5,0;4,03;0,97
5,0;3,95;1,05
4,0;4,87;-0,87
3,0;3,88;-0,88
4,0;4,52;-0,52
5,0;4,37;0,63
5,0;4,84;0,16
5,0;4,96;0,04
1,0;3,52;-2,52
4,0;4,56;-0,56
5,0;4,24;0,76
1,0;1,14;-0,14
4,0;4,51;-0,51
5,0;4,27;0,73
5,0;4,56;0,44
5,0;4,2;0,8
5,0;4,16;0,84
5,0;4,54;0,46
5,0;4,81;0,19
4,0;4,78;-0,78
5,0;4,36;0,64
5,0;4,95;0,05
2,0;4,3;-2,3
5,0;3,44;1,56
5,0;4,7;0,3
5,0;3,24;1,76
1,0;1,55;-0,55
5,0;4,99;0,01
5,0;4,13;0,87
5,0;4,02;0,98
5,0;4,32;0,68
2,0;2,4;-0,4
5,0;4,16;0,84
4,0;4,36;-0,36
5,0;4,81;0,19
4,0;4,58;-0,58
2,0;3,58;-1,58
5,0;3,88;1,12
2,0;1,96;0,04
1,0;4,72;-3,72
5,0;2,16;2,84
4,0;1,48;2,52
5,0;4,37;0,63
4,0;4,2;-0,2
4,0;4,74;-0,74
5,0;4,09;0,91
5,0;4,9;0,1
5,0;4,37;0,63
4,0;3,31;0,69
5,0;4,1;0,9
5,0;2,92;2,08
5,0;4,08;0,92
4,0;4,24;-0,24
5,0;2,36;2,64
5,0;3,9;1,1
5,0;4,62;0,38
1,0;2,46;-1,46
1,0;4,09;-3,09
5,0;4,65;0,35
1,0;1,4;-0,4
3,0;4,2;-1,2
5,0;4,4;0,6
1,0;4,22;-3,22
5,0;3,92;1,08
5,0;3,5;1,5
5,0;4,7;0,3
3,0;4,13;-1,13
5,0;4,58;0,42
4,0;4,35;-0,35
5,0;4,48;0,52
5,0;3,49;1,51
5,0;4,3;0,7
5,0;4,48;0,52
5,0;2,79;2,21
5,0;4,56;0,44
4,0;3,57;0,43
4,5;4,17;0,33
5,0;4,36;0,64
5,0;4,08;0,92
5,0;4,11;0,89
4,0;3,66;0,34
4,0;4,83;-0,83
1,0;1,78;-0,78
5,0;3,89;1,11
4,0;4,08;-0,08
5,0;4,48;0,52
5,0;4,58;0,42
4,0;4,54;-0,54
1,0;1,81;-0,81
5,0;4,24;0,76
5,0;4,54;0,46
1,0;3,4;-2,4
5,0;1,09;3,91
1,0;3,81;-2,81
1,0;3,03;-2,03
4,0;1,39;2,61
5,0;4,3;0,7
5,0;4,89;0,11
4,0;4,79;-0,79
5,0;2,72;2,28
4,0;1,7;2,3
4,0;4,72;-0,72
5,0;4,15;0,85
5,0;3,99;1,01
5,0;4,68;0,32
5,0;3,91;1,09
1,0;1,26;-0,26
5,0;4,12;0,88
1,0;4,29;-3,29
4,0;4,82;-0,82
4,0;4,22;-0,22
5,0;4,31;0,69
1,0;1,2;-0,2
1,0;4,37;-3,37
4,0;4,42;-0,42
2,0;4,19;-2,19
4,0;4,44;-0,44
1,0;4,15;-3,15
5,0;4,36;0,64
4,0;4,3;-0,3
3,0;4,74;-1,74
3,0;3,1;-0,1
5,0;4,9;0,1
5,0;4,17;0,83
5,0;4,04;0,96
5,0;4,81;0,19
5,0;3,56;1,44
5,0;4,88;0,12
2,0;4,54;-2,54
5,0;4,6;0,4
4,0;3,74;0,26
4,0;4,17;-0,17
5,0;4,41;0,59
5,0;4,56;0,44
5,0;4,67;0,33
5,0;3,9;1,1
4,0;4,14;-0,14
4,0;4,56;-0,56
5,0;3,61;1,39
5,0;4,18;0,82
5,0;4,89;0,11
4,0;3,52;0,48
4,0;4,6;-0,6
5,0;4,33;0,67
5,0;3,57;1,43
2,0;2,19;-0,19
5,0;2,73;2,27
1,0;4,34;-3,34
5,0;4,36;0,64
5,0;4,41;0,59
4,0;4,24;-0,24
5,0;4,82;0,18
4,0;4,59;-0,59
5,0;4,66;0,34
5,0;4,71;0,29
5,0;4,52;0,48
4,0;4,09;-0,09
4,0;4,57;-0,57
4,0;4,29;-0,29
1,0;3,2;-2,2
5,0;4,85;0,15
4,0;4,95;-0,95
5,0;4,44;0,56
1,0;4,18;-3,18
4,0;4,54;-0,54
5,0;4,29;0,71
5,0;4,49;0,51
5,0;3,9;1,1
1,0;3,8;-2,8
5,0;4,83;0,17
5,0;4,64;0,36
5,0;4,61;0,39
2,0;3,44;-1,44
5,0;4,51;0,49
5,0;4,26;0,74
5,0;4,01;0,99
5,0;4,15;0,85
3,0;4,73;-1,73
5,0;4,5;0,5
5,0;4,02;0,98
5,0;4,58;0,42
5,0;4,19;0,81
5,0;3,44;1,56
5,0;4,66;0,34
5,0;4,39;0,61
5,0;4,62;0,38
4,0;4,12;-0,12
5,0;3,45;1,55
5,0;4,59;0,41
3,0;3,9;-0,9
4,0;4,36;-0,36
5,0;4,47;0,53
5,0;4,87;0,13
5,0;2,06;2,94
5,0;4,66;0,34
5,0;4,31;0,69
4,0;4,62;-0,62
1,0;3,9;-2,9
5,0;1,93;3,07
4,0;4,62;-0,62
5,0;4,51;0,49
5,0;3,88;1,12
1,0;1,81;-0,81
5,0;3,89;1,11
5,0;4,29;0,71
5,0;3,96;1,04
3,0;4,43;-1,43
5,0;4,41;0,59
5,0;4,24;0,76
4,0;4,26;-0,26
4,0;4,0;0,0
5,0;3,98;1,02
4,0;3,1;0,9
5,0;1,4;3,6
5,0;3,52;1,48
5,0;4,82;0,18
3,0;4,49;-1,49
1,0;1,36;-0,36
5,0;4,07;0,93
1,0;3,85;-2,85
5,0;4,14;0,86
5,0;3,44;1,56
3,0;4,62;-1,62
3,0;4,02;-1,02
5,0;4,48;0,52
2,0;4,46;-2,46
4,0;4,72;-0,72
2,0;4,25;-2,25
2,0;4,65;-2,65
4,0;4,32;-0,32
5,0;4,32;0,68
5,0;4,14;0,86
4,0;4,23;-0,23
5,0;3,29;1,71
5,0;3,65;1,35
5,0;4,27;0,73
5,0;1,71;3,29
5,0;3,6;1,4
3,0;3,12;-0,12
5,0;4,32;0,68
5,0;4,43;0,57
5,0;3,96;1,04
5,0;4,06;0,94
4,0;4,66;-0,66
4,0;4,18;-0,18
5,0;4,91;0,09
5,0;3,26;1,74
5,0;4,57;0,43
3,0;2,7;0,3
3,0;4,0;-1,0
5,0;2,09;2,91
4,0;4,74;-0,74
5,0;3,25;1,75
5,0;3,85;1,15
2,0;4,26;-2,26
3,0;4,69;-1,69
3,6667;4,46;-0,79
5,0;3,97;1,03
5,0;4,79;0,21
1,0;4,03;-3,03
4,0;4,49;-0,49
1,0;1,52;-0,52
5,0;4,52;0,48
4,0;3,41;0,59
5,0;4,17;0,83
5,0;3,33;1,67
5,0;4,0;1,0
4,0;4,97;-0,97
5,0;3,39;1,61
5,0;4,82;0,18
5,0;4,36;0,64
5,0;4,89;0,11
5,0;3,41;1,59
1,0;3,64;-2,64
2,0;1,9;0,1
1,0;1,75;-0,75
1,0;4,14;-3,14
1,0;2,13;-1,13
5,0;3,89;1,11
3,0;1,52;1,48
1,0;4,25;-3,25
2,0;4,82;-2,82
4,0;4,75;-0,75
5,0;4,26;0,74
5,0;4,47;0,53
4,0;4,95;-0,95
1,0;3,98;-2,98
5,0;4,71;0,29
4,5;3,69;0,81
4,0;4,55;-0,55
1,0;4,12;-3,12
4,0;4,23;-0,23
4,0;4,72;-0,72
5,0;4,03;0,97
3,0;4,51;-1,51
5,0;4,86;0,14
1,0;4,37;-3,37
4,0;4,4;-0,4
3,0;4,72;-1,72
5,0;4,52;0,48
5,0;4,3;0,7
5,0;4,29;0,71
5,0;4,29;0,71
1,0;2,32;-1,32
4,0;4,51;-0,51
5,0;4,24;0,76
3,0;4,73;-1,73
5,0;4,72;0,28
5,0;3,84;1,16
4,0;3,87;0,13
5,0;4,26;0,74
4,0;4,77;-0,77
5,0;4,43;0,57
1,0;4,27;-3,27
1,0;4,61;-3,61
4,5;4,06;0,44
3,0;1,75;1,25
5,0;3,94;1,06
5,0;3,94;1,06
4,0;2,55;1,45
3,0;4,03;-1,03
5,0;4,61;0,39
5,0;3,76;1,24
4,0;3,98;0,02
4,0;4,16;-0,16
1,0;4,3;-3,3
5,0;4,16;0,84
4,0;4,32;-0,32
3,0;4,61;-1,61
4,0;4,13;-0,13
3,0;3,84;-0,84
4,0;3,92;0,08
5,0;4,38;0,62
5,0;4,29;0,71
5,0;4,39;0,61
5,0;4,51;0,49
5,0;4,63;0,37
5,0;3,76;1,24
4,0;4,22;-0,22
3,0;3,94;-0,94
5,0;3,98;1,02
5,0;4,43;0,57
4,0;4,81;-0,81
4,0;4,67;-0,67
4,0;3,58;0,42
5,0;3,95;1,05
5,0;3,24;1,76
4,0;4,65;-0,65
3,0;4,67;-1,67
5,0;3,94;1,06
4,0;4,22;-0,22
3,0;4,32;-1,32
5,0;4,61;0,39
5,0;4,72;0,28
5,0;4,31;0,69
5,0;3,9;1,1
5,0;4,8;0,2
2,0;4,35;-2,35
5,0;1,54;3,46
4,0;4,34;-0,34
3,0;3,64;-0,64
3,0;4,2;-1,2
2,0;4,54;-2,54
5,0;4,87;0,13
1,0;2,67;-1,67
1,0;1,44;-0,44
5,0;4,49;0,51
1,0;3,92;-2,92
5,0;3,81;1,19
5,0;4,96;0,04
1,0;2,25;-1,25
5,0;4,02;0,98
5,0;4,14;0,86
5,0;4,64;0,36
5,0;4,53;0,47
5,0;3,89;1,11
5,0;4,13;0,87
5,0;4,71;0,29
5,0;3,74;1,26
5,0;3,56;1,44
3,0;4,71;-1,71
5,0;4,27;0,73
5,0;4,56;0,44
5,0;3,21;1,79
4,0;4,98;-0,98
5,0;4,26;0,74
1,0;4,64;-3,64
5,0;4,54;0,46
5,0;4,84;0,16
4,0;4,88;-0,88
4,0;4,45;-0,45
5,0;4,18;0,82
4,0;4,22;-0,22
4,0;3,98;0,02
4,0;4,49;-0,49
5,0;4,48;0,52
3,0;4,98;-1,98
5,0;4,23;0,77
5,0;3,6;1,4
5,0;4,63;0,37
4,0;3,96;0,04
4,0;4,16;-0,16
3,0;3,74;-0,74
5,0;4,27;0,73
5,0;3,93;1,07
5,0;4,75;0,25
5,0;4,67;0,33
5,0;4,35;0,65
1,0;2,24;-1,24
5,0;4,27;0,73
5,0;4,65;0,35
5,0;4,05;0,95
4,0;4,47;-0,47
5,0;4,84;0,16
1,0;1,77;-0,77
5,0;3,06;1,94
4,0;4,24;-0,24
4,0;4,31;-0,31
5,0;4,27;0,73
2,0;4,14;-2,14
5,0;4,91;0,09
4,0;4,36;-0,36
4,0;3,38;0,62
4,0;3,3;0,7
5,0;5,0;0,0
1,0;4,47;-3,47
5,0;4,52;0,48
5,0;4,56;0,44
4,0;4,63;-0,63
5,0;4,78;0,22
3,0;2,7;0,3
5,0;4,55;0,45
1,0;3,63;-2,63
5,0;4,19;0,81
5,0;4,11;0,89
5,0;4,66;0,34
3,5;3,97;-0,47
4,0;4,78;-0,78
5,0;3,77;1,23
5,0;3,62;1,38
1,0;1,66;-0,66
5,0;4,63;0,37
5,0;4,27;0,73
5,0;4,01;0,99
1,0;4,95;-3,95
5,0;4,58;0,42
4,0;4,49;-0,49
5,0;4,2;0,8
1,0;2,18;-1,18
4,0;3,43;0,57
4,0;4,37;-0,37
4,0;4,6;-0,6
5,0;4,46;0,54
2,0;4,39;-2,39
4,0;4,08;-0,08
4,0;3,61;0,39
4,0;4,91;-0,91
5,0;4,36;0,64
5,0;1,52;3,48
5,0;4,15;0,85
2,0;4,23;-2,23
1,0;3,65;-2,65
5,0;4,4;0,6
5,0;4,59;0,41
4,0;3,34;0,66
5,0;3,58;1,42
4,0;4,29;-0,29
5,0;4,7;0,3
5,0;4,85;0,15
5,0;4,04;0,96
4,0;4,41;-0,41
5,0;4,7;0,3
4,0;4,33;-0,33
1,0;4,28;-3,28
5,0;3,82;1,18
5,0;3,03;1,97
5,0;4,86;0,14
0,0;1,24;-1,24
1,0;3,09;-2,09
4,0;4,44;-0,44
4,0;4,15;-0,15
4,0;4,28;-0,28
4,0;4,48;-0,48
5,0;4,64;0,36
3,0;4,19;-1,19
0,0;4,54;-4,54
5,0;4,7;0,3
4,0;4,56;-0,56
5,0;4,53;0,47
5,0;3,4;1,6
5,0;4,3;0,7
5,0;4,91;0,09
5,0;4,91;0,09
5,0;4,11;0,89
3,5;4,39;-0,89
5,0;4,76;0,24
4,0;3,45;0,55
5,0;3,69;1,31
5,0;4,24;0,76
1,0;1,16;-0,16
3,0;2,62;0,38
3,0;4,45;-1,45
5,0;4,75;0,25
4,0;4,41;-0,41
2,0;4,23;-2,23
5,0;3,48;1,52
4,0;3,22;0,78
5,0;4,71;0,29
3,0;4,34;-1,34
5,0;4,41;0,59
5,0;3,87;1,13
5,0;3,93;1,07
5,0;3,74;1,26
3,0;4,48;-1,48
5,0;4,64;0,36
5,0;4,92;0,08
5,0;4,01;0,99
5,0;4,18;0,82
5,0;2,73;2,27
5,0;3,67;1,33
4,0;3,56;0,44
5,0;4,92;0,08
5,0;4,4;0,6
4,0;3,95;0,05
4,0;4,48;-0,48
1,0;2,76;-1,76
1,0;3,83;-2,83
5,0;4,06;0,94
4,0;4,03;-0,03
5,0;4,94;0,06
5,0;4,69;0,31
5,0;3,6;1,4
2,0;1,62;0,38
5,0;4,5;0,5
4,0;4,94;-0,94
1,0;4,66;-3,66
5,0;4,54;0,46
5,0;4,58;0,42
3,0;3,62;-0,62
5,0;1,43;3,57
3,0;4,32;-1,32
1,0;2,85;-1,85
5,0;4,79;0,21
5,0;4,69;0,31
5,0;4,62;0,38
5,0;3,76;1,24
5,0;4,7;0,3
5,0;3,95;1,05
3,0;4,23;-1,23
1,0;3,87;-2,87
2,0;3,47;-1,47
5,0;4,64;0,36
5,0;4,91;0,09
4,0;4,46;-0,46
3,0;2,76;0,24
5,0;4,93;0,07
4,0;3,9;0,1
4,0;3,6;0,4
5,0;4,62;0,38
5,0;4,19;0,81
5,0;4,96;0,04
5,0;4,06;0,94
5,0;3,54;1,46
5,0;4,09;0,91
5,0;4,44;0,56
4,0;4,3;-0,3
5,0;4,61;0,39
5,0;4,11;0,89
4,0;4,14;-0,14
3,0;4,62;-1,62
3,0;4,04;-1,04
5,0;4,34;0,66
5,0;3,58;1,42
4,0;4,33;-0,33
3,0;4,42;-1,42
4,0;4,17;-0,17
5,0;3,66;1,34
4,0;4,34;-0,34
5,0;4,49;0,51
4,0;4,66;-0,66
5,0;4,46;0,54
4,0;4,9;-0,9
1,0;3,98;-2,98
4,0;4,46;-0,46
5,0;2,94;2,06
3,0;4,18;-1,18
5,0;4,32;0,68
5,0;4,24;0,76
4,0;4,53;-0,53
4,0;3,7;0,3
1,0;1,33;-0,33
1,0;4,14;-3,14
5,0;4,33;0,67
1,0;3,68;-2,68
3,0;3,88;-0,88
1,0;4,66;-3,66
5,0;4,84;0,16
4,0;4,52;-0,52
5,0;4,81;0,19
4,0;4,07;-0,07
5,0;4,66;0,34
5,0;3,33;1,67
4,0;4,02;-0,02
4,0;3,2;0,8
1,0;3,56;-2,56
5,0;4,25;0,75
4,0;4,58;-0,58
5,0;3,95;1,05
4,0;3,99;0,01
5,0;4,3;0,7
5,0;4,9;0,1
4,0;4,11;-0,11
5,0;4,12;0,88
4,0;4,28;-0,28
5,0;4,78;0,22
5,0;4,7;0,3
5,0;3,05;1,95
5,0;2,67;2,33
5,0;4,75;0,25
5,0;4,4;0,6
4,0;3,42;0,58
5,0;4,31;0,69
5,0;4,86;0,14
5,0;4,54;0,46
1,0;3,56;-2,56
4,0;4,38;-0,38
5,0;4,55;0,45
5,0;4,3;0,7
5,0;3,31;1,69
5,0;4,47;0,53
5,0;4,81;0,19
5,0;4,57;0,43
5,0;4,15;0,85
0,0;1,09;-1,09
5,0;3,26;1,74
5,0;2,98;2,02
1,0;1,77;-0,77
5,0;3,72;1,28
5,0;4,4;0,6
4,0;4,25;-0,25
4,0;4,78;-0,78
4,0;4,63;-0,63
3,0;4,48;-1,48
5,0;4,14;0,86
4,0;4,08;-0,08
5,0;4,99;0,01
5,0;4,38;0,62
5,0;4,48;0,52
2,0;3,98;-1,98
5,0;4,44;0,56
5,0;3,78;1,22
4,0;4,79;-0,79
5,0;4,24;0,76
5,0;4,58;0,42
2,0;3,65;-1,65
3,6667;4,37;-0,7
4,0;4,0;0,0
5,0;4,74;0,26
5,0;4,33;0,67
5,0;4,37;0,63
4,0;4,21;-0,21
4,0;5,0;-1,0
4,0;4,51;-0,51
5,0;4,88;0,12
0,0;4,34;-4,34
5,0;3,93;1,07
4,0;3,48;0,52
3,0;4,71;-1,71
1,0;3,11;-2,11
1,0;2,59;-1,59
5,0;4,8;0,2
5,0;3,63;1,37
5,0;4,8;0,2
4,0;4,03;-0,03
1,0;1,45;-0,45
5,0;3,33;1,67
5,0;4,45;0,55
5,0;4,26;0,74
4,0;4,95;-0,95
4,0;4,23;-0,23
1,0;1,57;-0,57
5,0;4,36;0,64
5,0;4,19;0,81
5,0;2,78;2,22
5,0;3,93;1,07
5,0;4,34;0,66
5,0;2,29;2,71
4,0;4,94;-0,94
4,0;4,84;-0,84
4,0;4,22;-0,22
5,0;4,34;0,66
2,0;3,44;-1,44
5,0;4,28;0,72
5,0;3,51;1,49
5,0;4,03;0,97
5,0;4,02;0,98
5,0;4,7;0,3
4,0;2,67;1,33
5,0;4,88;0,12
5,0;3,88;1,12
5,0;3,03;1,97
1,0;4,7;-3,7
5,0;4,83;0,17
4,0;4,28;-0,28
4,0;4,19;-0,19
4,0;4,5;-0,5
1,0;4,31;-3,31
1,0;4,15;-3,15
2,0;3,98;-1,98
2,0;4,76;-2,76
5,0;4,4;0,6
1,0;1,94;-0,94
5,0;4,58;0,42
5,0;3,36;1,64
5,0;4,69;0,31
1,0;2,28;-1,28
5,0;4,18;0,82
4,0;4,57;-0,57
4,0;4,63;-0,63
5,0;4,47;0,53
5,0;4,43;0,57
5,0;3,53;1,47
4,0;4,17;-0,17
5,0;4,69;0,31
4,0;3,41;0,59
5,0;4,3;0,7
5,0;4,73;0,27
1,0;3,6;-2,6
5,0;4,3;0,7
5,0;3,88;1,12
4,0;4,88;-0,88
1,0;4,27;-3,27
1,0;4,09;-3,09
5,0;4,84;0,16
5,0;4,95;0,05
5,0;4,55;0,45
4,0;4,41;-0,41
4,0;3,19;0,81
4,0;4,48;-0,48
5,0;4,78;0,22
5,0;4,52;0,48
5,0;4,7;0,3
5,0;4,0;1,0
5,0;3,91;1,09
5,0;2,72;2,28
5,0;4,14;0,86
4,0;4,56;-0,56
5,0;3,59;1,41
3,0;4,26;-1,26
5,0;4,14;0,86
5,0;4,64;0,36
4,0;4,39;-0,39
5,0;4,5;0,5
5,0;3,94;1,06
1,0;1,8;-0,8
5,0;4,83;0,17
5,0;4,82;0,18
2,0;4,62;-2,62
5,0;4,56;0,44
5,0;3,61;1,39
5,0;4,52;0,48
5,0;4,99;0,01
4,0;4,74;-0,74
4,0;2,37;1,63
4,0;4,02;-0,02
5,0;4,17;0,83
4,0;4,89;-0,89
4,0;4,72;-0,72
5,0;4,37;0,63
3,0;3,65;-0,65
5,0;4,19;0,81
5,0;4,37;0,63
4,0;4,46;-0,46
3,0;4,52;-1,52
5,0;4,39;0,61
1,0;3,96;-2,96
5,0;4,42;0,58
1,0;3,27;-2,27
5,0;4,67;0,33
5,0;4,63;0,37
4,0;4,99;-0,99
1,0;3,25;-2,25
3,0;4,7;-1,7
5,0;4,03;0,97
5,0;4,19;0,81
5,0;4,88;0,12
5,0;4,48;0,52
5,0;4,18;0,82
5,0;3,63;1,37
4,0;4,84;-0,84
1,0;1,33;-0,33
4,0;4,51;-0,51
1,0;3,64;-2,64
3,0;4,5;-1,5
3,0;4,64;-1,64
5,0;4,47;0,53
4,0;4,02;-0,02
4,0;4,51;-0,51
3,0;4,15;-1,15
5,0;3,56;1,44
5,0;4,55;0,45
5,0;3,68;1,32
5,0;4,88;0,12
4,0;4,96;-0,96
5,0;4,16;0,84
1,0;1,12;-0,12
5,0;3,51;1,49
5,0;4,02;0,98
5,0;4,47;0,53
5,0;4,62;0,38
4,0;4,07;-0,07
1,0;4,32;-3,32
5,0;4,9;0,1
5,0;3,99;1,01
1,0;3,9;-2,9
3,0;4,2;-1,2
5,0;4,29;0,71
4,0;4,62;-0,62
5,0;4,49;0,51
5,0;4,75;0,25
4,0;3,86;0,14
4,0;4,69;-0,69
5,0;3,6;1,4
5,0;4,66;0,34
3,0;4,94;-1,94
3,0;1,21;1,79
3,0;1,59;1,41
5,0;4,72;0,28
5,0;4,46;0,54
5,0;3,42;1,58
4,0;4,54;-0,54
5,0;4,84;0,16
5,0;4,94;0,06
5,0;4,63;0,37
3,0;3,93;-0,93
1,0;1,85;-0,85
5,0;3,48;1,52
5,0;3,69;1,31
3,0;1,38;1,62
4,0;4,43;-0,43
3,0;3,97;-0,97
4,0;2,71;1,29
4,0;4,36;-0,36
5,0;4,04;0,96
5,0;3,09;1,91
4,0;4,34;-0,34
5,0;4,85;0,15
5,0;4,94;0,06
5,0;3,8;1,2
5,0;4,61;0,39
3,0;3,68;-0,68
5,0;4,52;0,48
4,0;4,63;-0,63
5,0;4,68;0,32
5,0;4,03;0,97
5,0;4,54;0,46
5,0;3,84;1,16
4,0;3,93;0,07
4,0;4,95;-0,95
1,0;4,4;-3,4
3,0;3,01;-0,01
5,0;4,74;0,26
5,0;4,05;0,95
5,0;3,85;1,15
5,0;3,69;1,31
5,0;4,52;0,48
5,0;4,82;0,18
5,0;4,45;0,55
1,0;2,4;-1,4
5,0;4,7;0,3
5,0;3,66;1,34
1,0;1,39;-0,39
5,0;4,67;0,33
5,0;4,55;0,45
3,0;3,63;-0,63
5,0;4,57;0,43
5,0;4,96;0,04
3,0;4,73;-1,73
4,0;4,37;-0,37
5,0;4,27;0,73
0,0;4,06;-4,06
4,0;3,55;0,45
4,0;3,87;0,13
5,0;4,74;0,26
5,0;4,18;0,82
5,0;1,91;3,09
5,0;4,39;0,61
5,0;3,28;1,72
5,0;4,89;0,11
5,0;3,22;1,78
4,0;4,54;-0,54
5,0;2,31;2,69
4,0;4,94;-0,94
5,0;3,27;1,73
5,0;3,91;1,09
5,0;4,63;0,37
5,0;1,01;3,99
4,0;4,53;-0,53
4,0;4,99;-0,99
5,0;4,09;0,91
3,0;4,36;-1,36
5,0;4,86;0,14
4,0;4,3;-0,3
5,0;4,02;0,98
4,0;4,59;-0,59
1,0;1,34;-0,34
1,0;1,57;-0,57
4,0;3,96;0,04
5,0;4,74;0,26
5,0;3,86;1,14
5,0;4,56;0,44
1,0;1,53;-0,53
5,0;4,25;0,75
1,0;1,26;-0,26
1,0;3,78;-2,78
5,0;4,14;0,86
1,0;2,17;-1,17
1,0;4,7;-3,7
5,0;4,42;0,58
4,5;4,27;0,23
5,0;3,55;1,45
5,0;4,17;0,83
5,0;4,32;0,68
4,0;4,82;-0,82
5,0;4,39;0,61
5,0;4,72;0,28
5,0;4,45;0,55
5,0;1,82;3,18
4,0;4,89;-0,89
5,0;4,63;0,37
5,0;4,57;0,43
5,0;4,13;0,87
4,0;4,45;-0,45
2,0;4,35;-2,35
5,0;3,93;1,07
4,0;3,84;0,16
5,0;2,87;2,13
5,0;4,58;0,42
3,0;4,61;-1,61
5,0;3,96;1,04
5,0;4,97;0,03
4,0;4,29;-0,29
4,0;3,7;0,3
5,0;3,06;1,94
5,0;4,82;0,18
5,0;4,94;0,06
5,0;4,45;0,55
4,0;4,79;-0,79
3,0;4,62;-1,62
5,0;3,94;1,06
5,0;4,02;0,98
1,0;4,29;-3,29
2,0;4,41;-2,41
5,0;4,49;0,51
5,0;4,11;0,89
5,0;4,8;0,2
5,0;3,76;1,24
5,0;5,0;0,0
4,0;4,63;-0,63
5,0;4,2;0,8
4,0;4,96;-0,96
5,0;4,84;0,16
5,0;4,77;0,23
5,0;4,61;0,39
2,0;2,08;-0,08
3,0;4,63;-1,63
3,0;1,76;1,24
1,0;1,49;-0,49
4,0;2,53;1,47
3,0;3,99;-0,99
5,0;1,91;3,09
5,0;4,29;0,71
3,0;2,98;0,02
4,0;0,81;3,19
2,0;4,08;-2,08
4,0;4,03;-0,03
4,0;4,74;-0,74
5,0;4,7;0,3
5,0;4,41;0,59
3,0;3,61;-0,61
5,0;4,37;0,63
5,0;4,42;0,58
4,0;4,25;-0,25
4,0;4,91;-0,91
5,0;3,92;1,08
4,0;4,44;-0,44
4,0;1,44;2,56
1,0;0,73;0,27
5,0;3,44;1,56
1,0;1,98;-0,98
5,0;4,61;0,39
1,0;2,13;-1,13
5,0;4,9;0,1
5,0;3,94;1,06
4,0;4,21;-0,21
1,0;4,14;-3,14
5,0;4,86;0,14
1,0;3,97;-2,97
5,0;3,96;1,04
3,0;4,47;-1,47
5,0;4,09;0,91
5,0;4,33;0,67
3,0;4,52;-1,52
3,0;3,53;-0,53
5,0;4,72;0,28
4,0;4,36;-0,36
5,0;4,25;0,75
4,0;4,03;-0,03
5,0;4,69;0,31
5,0;4,61;0,39
5,0;4,1;0,9
1,0;4,2;-3,2
3,0;3,66;-0,66
5,0;1,19;3,81
5,0;4,86;0,14
1,0;4,0;-3,0
5,0;4,08;0,92
4,0;4,2;-0,2
2,0;1,43;0,57
4,0;3,63;0,37
5,0;4,63;0,37
5,0;4,49;0,51
1,0;2,09;-1,09
5,0;4,78;0,22
5,0;4,12;0,88
1,0;1,75;-0,75
1,0;3,07;-2,07
5,0;3,82;1,18
5,0;4,56;0,44
0,0;2,93;-2,93
5,0;4,22;0,78
5,0;3,4;1,6
5,0;3,88;1,12
5,0;4,87;0,13
5,0;4,46;0,54
5,0;1,26;3,74
5,0;4,73;0,27
5,0;4,39;0,61
4,0;4,67;-0,67
5,0;3,44;1,56
5,0;3,94;1,06
4,0;4,69;-0,69
3,0;4,56;-1,56
5,0;1,99;3,01
1,0;1,38;-0,38
2,0;3,89;-1,89
3,0;4,49;-1,49
5,0;4,23;0,77
5,0;4,64;0,36
5,0;4,18;0,82
4,0;4,1;-0,1
4,0;4,04;-0,04
5,0;3,59;1,41
3,0;4,02;-1,02
2,0;3,4;-1,4
4,0;4,82;-0,82
5,0;3,8;1,2
5,0;4,62;0,38
5,0;4,35;0,65
5,0;2,54;2,46
2,0;4,76;-2,76
4,0;3,18;0,82
1,0;4,34;-3,34
5,0;4,14;0,86
5,0;3,96;1,04
5,0;4,58;0,42
5,0;4,75;0,25
5,0;4,52;0,48
5,0;4,31;0,69
5,0;4,37;0,63
1,0;4,78;-3,78
1,0;3,31;-2,31
5,0;4,54;0,46
5,0;4,44;0,56
1,0;4,11;-3,11
5,0;4,3;0,7
3,0;3,75;-0,75
1,0;3,63;-2,63
5,0;4,11;0,89
4,0;3,5;0,5
5,0;4,49;0,51
5,0;1,69;3,31
4,0;4,26;-0,26
3,0;4,52;-1,52
5,0;2,99;2,01
5,0;2,98;2,02
5,0;4,81;0,19
5,0;3,64;1,36
4,0;4,87;-0,87
3,0;4,53;-1,53
1,0;1,77;-0,77
5,0;3,52;1,48
3,0;4,35;-1,35
5,0;3,42;1,58
4,0;1,99;2,01
4,0;4,0;0,0
5,0;4,44;0,56
4,0;4,95;-0,95
5,0;4,07;0,93
4,0;3,35;0,65
5,0;4,85;0,15
3,0;4,69;-1,69
4,0;4,14;-0,14
4,0;4,31;-0,31
5,0;4,07;0,93
5,0;4,74;0,26
5,0;4,16;0,84
5,0;4,49;0,51
3,0;4,4;-1,4
5,0;4,35;0,65
5,0;4,72;0,28
5,0;4,29;0,71
5,0;4,89;0,11
4,0;3,9;0,1
4,0;4,84;-0,84
4,0;4,5;-0,5
5,0;3,07;1,93
5,0;3,82;1,18
5,0;4,54;0,46
5,0;3,38;1,62
5,0;2,37;2,63
5,0;4,37;0,63
4,0;4,49;-0,49
3,0;4,29;-1,29
4,0;1,74;2,26
4,0;4,14;-0,14
5,0;4,19;0,81
5,0;4,22;0,78
4,0;4,11;-0,11
5,0;4,74;0,26
5,0;3,88;1,12
5,0;4,87;0,13
2,0;4,78;-2,78
4,0;3,49;0,51
3,0;3,97;-0,97
0,0;4,84;-4,84
5,0;3,96;1,04
3,0;4,01;-1,01
1,0;4,14;-3,14
4,0;4,4;-0,4
5,0;2,39;2,61
5,0;4,32;0,68
1,0;1,5;-0,5
4,0;3,87;0,13
5,0;3,87;1,13
3,0;5,0;-2,0
4,0;4,51;-0,51
5,0;3,95;1,05
2,0;1,77;0,23
4,0;4,29;-0,29
5,0;4,42;0,58
2,0;4,9;-2,9
1,0;3,93;-2,93
5,0;4,48;0,52
4,0;4,29;-0,29
5,0;4,63;0,37
5,0;4,62;0,38
3,0;4,7;-1,7
5,0;4,11;0,89
5,0;4,47;0,53
4,0;2,76;1,24
5,0;4,49;0,51
4,0;3,97;0,03
3,0;4,55;-1,55
4,0;3,68;0,32
4,0;4,29;-0,29
5,0;4,12;0,88
4,0;4,2;-0,2
5,0;4,66;0,34
4,0;3,72;0,28
1,0;2,32;-1,32
1,0;1,21;-0,21
5,0;4,62;0,38
5,0;4,39;0,61
5,0;4,67;0,33
3,0;4,39;-1,39
1,0;1,23;-0,23
5,0;4,92;0,08
1,0;4,94;-3,94
1,0;2,89;-1,89
4,0;4,18;-0,18
4,0;4,43;-0,43
5,0;3,96;1,04
5,0;1,88;3,12
1,0;1,73;-0,73
4,0;4,8;-0,8
5,0;4,45;0,55
3,0;3,77;-0,77
4,0;3,55;0,45
3,0;4,51;-1,51
5,0;4,91;0,09
5,0;3,84;1,16
5,0;4,23;0,77
5,0;4,0;1,0
3,0;4,66;-1,66
3,0;2,65;0,35
5,0;4,34;0,66
2,0;4,78;-2,78
4,0;4,22;-0,22
4,0;4,63;-0,63
1,0;4,0;-3,0
4,0;4,99;-0,99
1,0;4,37;-3,37
5,0;4,71;0,29
4,0;4,31;-0,31
5,0;3,81;1,19
1,0;2,03;-1,03
5,0;4,96;0,04
1,0;2,48;-1,48
5,0;4,31;0,69
4,0;4,95;-0,95
4,0;4,37;-0,37
5,0;4,43;0,57
5,0;4,65;0,35
5,0;4,52;0,48
5,0;2,85;2,15
4,5;4,51;-0,01
5,0;2,91;2,09
1,0;3,53;-2,53
4,0;3,14;0,86
5,0;3,98;1,02
5,0;2,3;2,7
5,0;3,76;1,24
3,0;4,14;-1,14
5,0;3,91;1,09
5,0;4,34;0,66
5,0;4,78;0,22
5,0;4,23;0,77
5,0;4,47;0,53
5,0;3,27;1,73
5,0;4,9;0,1
5,0;4,04;0,96
5,0;4,32;0,68
1,0;3,79;-2,79
4,0;4,59;-0,59
4,0;3,94;0,06
5,0;4,76;0,24
5,0;4,78;0,22
5,0;4,22;0,78
1,0;1,16;-0,16
1,0;4,56;-3,56
5,0;3,73;1,27
3,0;3,63;-0,63
4,0;4,26;-0,26
4,0;3,96;0,04
5,0;3,73;1,27
5,0;4,7;0,3
5,0;4,66;0,34
5,0;4,52;0,48
4,0;4,63;-0,63
4,0;3,81;0,19
4,0;2,81;1,19
0,0;4,68;-4,68
5,0;3,62;1,38
5,0;4,48;0,52
5,0;4,99;0,01
5,0;4,78;0,22
5,0;4,28;0,72
1,0;4,89;-3,89
2,0;4,91;-2,91
5,0;3,28;1,72
5,0;3,27;1,73
4,0;4,3;-0,3
4,0;4,89;-0,89
5,0;4,66;0,34
4,0;4,45;-0,45
5,0;4,17;0,83
5,0;4,55;0,45
5,0;4,13;0,87
5,0;4,4;0,6
5,0;4,0;1,0
5,0;4,37;0,63
5,0;4,92;0,08
5,0;4,39;0,61
4,0;4,77;-0,77
5,0;4,39;0,61
4,0;4,06;-0,06
5,0;4,63;0,37
4,0;4,28;-0,28
5,0;4,4;0,6
5,0;4,08;0,92
5,0;4,02;0,98
5,0;4,7;0,3
1,0;3,85;-2,85
5,0;4,42;0,58
4,0;4,16;-0,16
5,0;4,24;0,76
5,0;4,2;0,8
5,0;4,22;0,78
3,5;4,17;-0,67
4,0;3,4;0,6
5,0;4,55;0,45
1,0;2,94;-1,94
5,0;3,61;1,39
5,0;4,81;0,19
5,0;2,76;2,24
5,0;3,13;1,87
4,0;3,86;0,14
5,0;4,91;0,09
3,0;4,68;-1,68
1,0;3,74;-2,74
5,0;3,89;1,11
4,0;4,81;-0,81
4,0;4,72;-0,72
5,0;4,11;0,89
5,0;4,68;0,32
4,0;3,44;0,56
4,0;4,42;-0,42
5,0;4,66;0,34
1,0;3,57;-2,57
5,0;4,23;0,77
5,0;4,62;0,38
5,0;4,01;0,99
5,0;3,55;1,45
5,0;4,41;0,59
5,0;4,89;0,11
5,0;3,88;1,12
1,0;4,7;-3,7
4,0;3,71;0,29
5,0;4,05;0,95
2,0;3,5;-1,5
5,0;4,6;0,4
5,0;3,84;1,16
1,0;4,87;-3,87
2,0;3,84;-1,84
5,0;4,76;0,24
1,0;1,57;-0,57
4,0;3,89;0,11
4,0;4,25;-0,25
5,0;4,79;0,21
5,0;4,36;0,64
5,0;4,48;0,52
1,0;4,47;-3,47
5,0;4,07;0,93
5,0;4,58;0,42
2,3333;4,01;-1,68
2,0;1,37;0,63
5,0;4,7;0,3
5,0;4,0;1,0
5,0;2,33;2,67
1,0;4,3;-3,3
5,0;4,17;0,83
4,0;3,09;0,91
4,0;3,94;0,06
1,0;2,85;-1,85
3,0;1,82;1,18
4,0;2,86;1,14
5,0;4,53;0,47
5,0;3,73;1,27
5,0;4,86;0,14
5,0;4,34;0,66
5,0;4,57;0,43
5,0;4,01;0,99
1,0;1,18;-0,18
1,0;4,01;-3,01
5,0;4,12;0,88
1,0;3,36;-2,36
1,0;3,84;-2,84
5,0;3,82;1,18
5,0;4,7;0,3
5,0;4,71;0,29
4,0;4,28;-0,28
5,0;4,26;0,74
4,0;4,08;-0,08
5,0;4,82;0,18
5,0;3,75;1,25
1,0;2,84;-1,84
5,0;2,26;2,74
5,0;4,63;0,37
3,0;1,31;1,69
3,0;3,89;-0,89
5,0;4,68;0,32
4,0;4,46;-0,46
5,0;4,57;0,43
1,0;3,14;-2,14
4,0;1,83;2,17
5,0;3,74;1,26
4,0;4,57;-0,57
1,0;1,19;-0,19
5,0;4,9;0,1
5,0;4,16;0,84
5,0;4,7;0,3
4,0;4,28;-0,28
5,0;4,55;0,45
5,0;4,14;0,86
5,0;3,82;1,18
5,0;4,3;0,7
5,0;4,42;0,58
5,0;4,32;0,68
5,0;4,89;0,11
5,0;3,68;1,32
4,0;4,21;-0,21
5,0;4,56;0,44
3,0;4,67;-1,67
3,0;4,97;-1,97
3,0;4,74;-1,74
4,0;4,66;-0,66
5,0;4,58;0,42
3,0;3,9;-0,9
4,0;4,37;-0,37
1,0;1,36;-0,36
5,0;4,46;0,54
5,0;2,64;2,36
4,0;3,83;0,17
5,0;4,59;0,41
4,0;3,76;0,24
5,0;3,33;1,67
5,0;4,73;0,27
5,0;4,94;0,06
5,0;3,46;1,54
5,0;4,61;0,39
1,0;3,66;-2,66
5,0;4,15;0,85
5,0;4,98;0,02
5,0;4,96;0,04
5,0;4,34;0,66
3,0;1,39;1,61
5,0;4,13;0,87
5,0;4,94;0,06
5,0;4,74;0,26
3,0;4,09;-1,09
5,0;4,57;0,43
5,0;3,92;1,08
3,0;3,35;-0,35
5,0;4,54;0,46
5,0;4,74;0,26
2,0;2,26;-0,26
3,0;4,05;-1,05
5,0;2,62;2,38
5,0;4,78;0,22
5,0;4,84;0,16
1,0;4,38;-3,38
3,0;3,02;-0,02
3,0;4,87;-1,87
5,0;4,3;0,7
1,0;4,52;-3,52
4,0;4,27;-0,27
5,0;4,13;0,87
5,0;3,97;1,03
1,0;2,74;-1,74
5,0;2,53;2,47
4,0;4,91;-0,91
5,0;4,67;0,33
5,0;3,0;2,0
5,0;4,36;0,64
5,0;4,53;0,47
1,0;1,32;-0,32
5,0;4,62;0,38
2,0;4,06;-2,06
2,0;1,3;0,7
5,0;4,11;0,89
3,0;3,84;-0,84
5,0;3,9;1,1
4,0;4,5;-0,5
5,0;4,39;0,61
5,0;4,36;0,64
1,0;0,81;0,19
4,0;3,89;0,11
5,0;3,65;1,35
5,0;4,17;0,83
5,0;4,18;0,82
3,0;1,97;1,03
5,0;4,63;0,37
5,0;3,75;1,25
5,0;4,28;0,72
4,5;3,55;0,95
1,0;3,05;-2,05
5,0;4,12;0,88
1,0;4,62;-3,62
5,0;4,21;0,79
3,0;3,94;-0,94
4,0;4,72;-0,72
5,0;3,46;1,54
3,0;4,58;-1,58
5,0;4,15;0,85
1,0;4,26;-3,26
5,0;4,46;0,54
5,0;4,26;0,74
5,0;4,46;0,54
5,0;4,46;0,54
4,0;3,46;0,54
5,0;4,44;0,56
5,0;4,96;0,04
4,0;4,74;-0,74
3,0;4,83;-1,83
5,0;2,5;2,5
5,0;4,43;0,57
2,0;2,02;-0,02
5,0;4,81;0,19
5,0;4,82;0,18
5,0;4,54;0,46
5,0;4,26;0,74
5,0;4,44;0,56
5,0;4,9;0,1
4,0;4,27;-0,27
3,5;2,85;0,65
5,0;4,41;0,59
5,0;4,64;0,36
4,0;4,96;-0,96
5,0;4,56;0,44
4,0;4,78;-0,78
5,0;3,55;1,45
5,0;3,76;1,24
4,0;4,57;-0,57
1,0;3,71;-2,71
5,0;1,2;3,8
3,0;3,39;-0,39
5,0;4,22;0,78
2,0;3,98;-1,98
5,0;4,2;0,8
5,0;4,88;0,12
4,0;4,65;-0,65
2,0;4,33;-2,33
5,0;4,53;0,47
3,0;4,46;-1,46
2,0;1,78;0,22
5,0;4,82;0,18
5,0;4,75;0,25
3,8;3,7;0,1
5,0;4,61;0,39
5,0;4,3;0,7
5,0;4,29;0,71
1,0;1,32;-0,32
5,0;4,54;0,46
1,0;3,65;-2,65
5,0;4,6;0,4
5,0;3,93;1,07
5,0;3,88;1,12
5,0;4,08;0,92
5,0;4,42;0,58
5,0;4,34;0,66
5,0;4,02;0,98
3,0;4,44;-1,44
5,0;4,0;1,0
3,0;4,13;-1,13
5,0;4,8;0,2
5,0;4,47;0,53
5,0;4,83;0,17
5,0;3,94;1,06
5,0;4,36;0,64
5,0;2,17;2,83
5,0;4,57;0,43
5,0;4,67;0,33
5,0;3,98;1,02
5,0;4,46;0,54
4,0;3,46;0,54
5,0;4,7;0,3
5,0;4,97;0,03
1,0;1,7;-0,7
5,0;4,51;0,49
5,0;4,24;0,76
5,0;4,09;0,91
1,0;1,39;-0,39
5,0;4,12;0,88
5,0;3,26;1,74
1,0;4,2;-3,2
5,0;4,48;0,52
5,0;4,8;0,2
5,0;4,07;0,93
5,0;4,09;0,91
5,0;4,46;0,54
5,0;3,7;1,3
5,0;4,1;0,9
5,0;4,46;0,54
2,0;4,66;-2,66
4,0;3,89;0,11
5,0;4,87;0,13
4,0;4,88;-0,88
4,0;4,99;-0,99
4,0;4,04;-0,04
5,0;4,31;0,69
3,0;4,92;-1,92
4,0;4,03;-0,03
5,0;3,4;1,6
5,0;3,5;1,5
3,0;4,13;-1,13
5,0;3,02;1,98
1,0;2,31;-1,31
5,0;4,99;0,01
4,0;4,28;-0,28
5,0;4,51;0,49
2,0;3,52;-1,52
4,0;4,86;-0,86
5,0;4,5;0,5
5,0;3,43;1,57
5,0;4,14;0,86
5,0;4,62;0,38
5,0;4,38;0,62
5,0;4,83;0,17
4,0;4,7;-0,7
5,0;4,76;0,24
5,0;4,27;0,73
5,0;4,5;0,5
2,0;4,12;-2,12
5,0;4,78;0,22
5,0;4,5;0,5
4,0;4,36;-0,36
5,0;4,96;0,04
3,0;4,29;-1,29
5,0;2,59;2,41
5,0;3,77;1,23
5,0;2,54;2,46
5,0;3,61;1,39
4,0;4,32;-0,32
5,0;3,85;1,15
4,0;4,62;-0,62
5,0;4,49;0,51
5,0;4,69;0,31
5,0;4,52;0,48
5,0;3,53;1,47
5,0;3,37;1,63
3,0;3,96;-0,96
5,0;2,52;2,48
5,0;4,22;0,78
5,0;3,32;1,68
5,0;4,72;0,28
4,0;3,78;0,22
5,0;4,63;0,37
5,0;4,18;0,82
5,0;4,22;0,78
3,0;3,92;-0,92
5,0;4,89;0,11
5,0;4,02;0,98
4,0;4,4;-0,4
1,0;4,25;-3,25
5,0;3,55;1,45
5,0;4,3;0,7
5,0;4,67;0,33
5,0;4,76;0,24
3,0;3,27;-0,27
5,0;4,65;0,35
5,0;4,92;0,08
5,0;4,54;0,46
4,0;4,34;-0,34
5,0;4,91;0,09
4,0;4,66;-0,66
3,0;4,82;-1,82
3,0;4,18;-1,18
5,0;4,83;0,17
4,0;4,01;-0,01
5,0;4,44;0,56
1,0;1,59;-0,59
4,0;2,8;1,2
1,0;3,99;-2,99
5,0;4,4;0,6
1,0;4,48;-3,48
1,0;3,3;-2,3
5,0;4,56;0,44
5,0;4,41;0,59
5,0;4,38;0,62
5,0;4,94;0,06
5,0;3,74;1,26
4,0;4,37;-0,37
4,0;4,8;-0,8
5,0;4,93;0,07
4,0;2,83;1,17
4,0;3,59;0,41
5,0;4,44;0,56
3,0;4,63;-1,63
4,0;4,61;-0,61
1,0;3,47;-2,47
4,0;4,56;-0,56
1,0;3,55;-2,55
5,0;3,01;1,99
4,0;4,38;-0,38
5,0;4,92;0,08
5,0;4,65;0,35
5,0;3,62;1,38
5,0;3,84;1,16
5,0;4,35;0,65
5,0;3,42;1,58
5,0;4,66;0,34
5,0;4,84;0,16
5,0;3,98;1,02
5,0;4,67;0,33
5,0;4,7;0,3
5,0;3,26;1,74
1,0;1,77;-0,77
4,0;3,64;0,36
5,0;4,32;0,68
5,0;3,01;1,99
3,0;4,52;-1,52
4,0;4,16;-0,16
4,0;4,15;-0,15
5,0;4,59;0,41
4,0;4,57;-0,57
3,0;3,76;-0,76
5,0;4,69;0,31
4,0;4,81;-0,81
5,0;3,53;1,47
5,0;3,8;1,2
3,0;4,37;-1,37
5,0;3,63;1,37
5,0;4,71;0,29
5,0;4,42;0,58
5,0;3,99;1,01
3,0;4,44;-1,44
5,0;4,61;0,39
4,0;4,91;-0,91
3,0;4,4;-1,4
4,0;4,76;-0,76
4,0;1,68;2,32
5,0;3,81;1,19
3,0;1,37;1,63
1,0;1,96;-0,96
5,0;4,27;0,73
3,5;3,89;-0,39
1,0;4,23;-3,23
4,0;3,92;0,08
1,0;1,8;-0,8
5,0;4,11;0,89
5,0;2,88;2,12
5,0;3,48;1,52
3,0;4,08;-1,08
5,0;3,39;1,61
3,0;3,93;-0,93
5,0;4,73;0,27
5,0;4,55;0,45
5,0;4,23;0,77
3,0;1,84;1,16
5,0;4,37;0,63
5,0;4,78;0,22
4,0;4,04;-0,04
5,0;4,6;0,4
5,0;4,92;0,08
5,0;3,22;1,78
2,0;1,47;0,53
5,0;3,3;1,7
5,0;3,65;1,35
5,0;3,47;1,53
1,0;2,56;-1,56
5,0;4,45;0,55
5,0;3,53;1,47
5,0;4,34;0,66
5,0;4,5;0,5
4,0;4,55;-0,55
2,0;3,48;-1,48
1,0;4,46;-3,46
5,0;4,25;0,75
4,0;4,52;-0,52
4,0;4,35;-0,35
4,0;4,63;-0,63
5,0;4,62;0,38
4,0;4,49;-0,49
5,0;3,93;1,07
5,0;3,98;1,02
5,0;4,52;0,48
5,0;3,9;1,1
5,0;3,96;1,04
1,0;4,21;-3,21
5,0;3,56;1,44
3,5;4,22;-0,72
5,0;4,51;0,49
3,0;3,45;-0,45
5,0;3,47;1,53
5,0;3,39;1,61
5,0;3,55;1,45
5,0;4,24;0,76
5,0;4,82;0,18
5,0;4,18;0,82
3,0;4,32;-1,32
5,0;4,14;0,86
5,0;4,5;0,5
3,0;1,36;1,64
5,0;4,15;0,85
4,0;4,7;-0,7
1,0;4,5;-3,5
1,0;4,64;-3,64
4,0;4,8;-0,8
4,0;3,91;0,09
4,0;4,37;-0,37
5,0;3,96;1,04
3,0;3,89;-0,89
5,0;4,58;0,42
4,0;3,91;0,09
5,0;3,85;1,15
4,0;4,24;-0,24
5,0;4,5;0,5
3,0;3,03;-0,03
1,0;1,27;-0,27
4,0;1,84;2,16
5,0;2,9;2,1
5,0;4,57;0,43
4,0;4,0;0,0
5,0;4,66;0,34
5,0;1,64;3,36
5,0;3,49;1,51
4,0;4,35;-0,35
5,0;3,78;1,22
5,0;3,93;1,07
5,0;4,49;0,51
5,0;4,76;0,24
5,0;4,44;0,56
5,0;3,49;1,51
1,0;4,96;-3,96
5,0;3,78;1,22
5,0;3,19;1,81
5,0;4,65;0,35
1,0;1,34;-0,34
3,0;4,58;-1,58
5,0;4,62;0,38
5,0;3,78;1,22
3,0;3,62;-0,62
4,0;3,03;0,97
4,0;4,19;-0,19
4,0;3,2;0,8
5,0;4,16;0,84
4,8;4,43;0,37
5,0;2,82;2,18
5,0;4,23;0,77
5,0;4,58;0,42
5,0;4,26;0,74
5,0;2,88;2,12
5,0;4,14;0,86
4,0;3,55;0,45
5,0;4,56;0,44
5,0;4,84;0,16
1,0;0,99;0,01
4,0;3,59;0,41
1,0;3,86;-2,86
5,0;4,45;0,55
5,0;4,22;0,78
5,0;4,53;0,47
4,0;4,79;-0,79
1,0;1,94;-0,94
5,0;4,38;0,62
5,0;1,23;3,77
5,0;4,2;0,8
5,0;3,5;1,5
3,0;4,31;-1,31
5,0;4,24;0,76
4,5;4,23;0,27
5,0;4,4;0,6
5,0;4,61;0,39
5,0;4,38;0,62
5,0;4,59;0,41
3,0;4,15;-1,15
5,0;4,6;0,4
5,0;4,48;0,52
4,0;4,45;-0,45
5,0;4,7;0,3
5,0;4,17;0,83
0,0;1,6;-1,6
2,0;2,12;-0,12
5,0;4,37;0,63
5,0;4,26;0,74
4,0;3,87;0,13
5,0;4,91;0,09
5,0;4,46;0,54
5,0;4,99;0,01
5,0;4,25;0,75
4,0;4,83;-0,83
2,0;4,58;-2,58
5,0;3,76;1,24
5,0;4,03;0,97
5,0;4,37;0,63
5,0;4,11;0,89
5,0;4,21;0,79
4,5;3,62;0,88
1,0;1,81;-0,81
5,0;4,2;0,8
5,0;3,19;1,81
5,0;4,26;0,74
4,0;4,77;-0,77
5,0;4,0;1,0
4,0;4,22;-0,22
5,0;4,62;0,38
4,0;4,11;-0,11
3,6667;4,24;-0,57
5,0;4,33;0,67
4,0;4,9;-0,9
5,0;3,89;1,11
4,0;4,76;-0,76
5,0;3,92;1,08
4,0;3,48;0,52
1,0;1,15;-0,15
5,0;4,41;0,59
3,5;3,39;0,11
5,0;3,59;1,41
3,0;4,96;-1,96
5,0;3,57;1,43
5,0;4,35;0,65
5,0;4,11;0,89
1,0;1,2;-0,2
5,0;4,85;0,15
5,0;4,33;0,67
5,0;3,76;1,24
4,0;4,59;-0,59
5,0;4,02;0,98
4,0;4,81;-0,81
4,0;3,07;0,93
5,0;3,44;1,56
5,0;4,68;0,32
3,0;4,56;-1,56
0,0;1,55;-1,55
4,0;4,35;-0,35
5,0;4,75;0,25
5,0;4,27;0,73
5,0;4,74;0,26
4,0;4,15;-0,15
5,0;4,63;0,37
5,0;4,02;0,98
5,0;4,39;0,61
5,0;4,59;0,41
5,0;4,13;0,87
4,0;3,83;0,17
5,0;4,15;0,85
2,0;3,86;-1,86
3,0;4,47;-1,47
4,0;2,12;1,88
5,0;1,91;3,09
5,0;3,04;1,96
5,0;4,44;0,56
1,0;2,25;-1,25
5,0;4,15;0,85
3,0;4,19;-1,19
5,0;4,32;0,68
5,0;3,85;1,15
5,0;3,22;1,78
5,0;4,6;0,4
5,0;4,63;0,37
4,0;3,84;0,16
4,0;4,8;-0,8
4,0;3,74;0,26
5,0;4,75;0,25
5,0;3,59;1,41
1,0;3,12;-2,12
2,0;3,38;-1,38
3,0;2,26;0,74
5,0;4,15;0,85
5,0;4,38;0,62
5,0;3,55;1,45
5,0;4,23;0,77
1,0;3,94;-2,94
5,0;4,76;0,24
4,0;4,76;-0,76
5,0;4,72;0,28
5,0;2,86;2,14
5,0;4,81;0,19
5,0;4,69;0,31
5,0;4,3;0,7
5,0;4,81;0,19
5,0;4,61;0,39
5,0;4,3;0,7
3,0;3,05;-0,05
5,0;4,63;0,37
5,0;4,77;0,23
5,0;3,34;1,66
5,0;3,31;1,69
5,0;3,66;1,34
5,0;4,66;0,34
5,0;4,61;0,39
4,0;4,08;-0,08
5,0;4,42;0,58
5,0;4,34;0,66
4,0;3,8;0,2
3,0;4,59;-1,59
5,0;4,02;0,98
5,0;4,28;0,72
5,0;4,66;0,34
1,0;4,52;-3,52
5,0;3,98;1,02
4,0;4,46;-0,46
5,0;3,81;1,19
5,0;4,18;0,82
1,0;4,74;-3,74
5,0;4,39;0,61
1,0;4,16;-3,16
4,0;4,08;-0,08
3,0;4,39;-1,39
5,0;4,61;0,39
5,0;4,76;0,24
5,0;2,87;2,13
5,0;3,0;2,0
4,0;4,2;-0,2
5,0;3,33;1,67
5,0;3,92;1,08
4,0;4,1;-0,1
1,0;4,29;-3,29
5,0;4,09;0,91
5,0;4,99;0,01
3,0;4,36;-1,36
5,0;4,76;0,24
5,0;4,02;0,98
5,0;3,55;1,45
5,0;4,07;0,93
5,0;4,24;0,76
1,0;2,06;-1,06
4,0;4,51;-0,51
5,0;4,47;0,53
1,0;1,07;-0,07
5,0;3,21;1,79
5,0;4,41;0,59
5,0;4,74;0,26
1,0;4,25;-3,25
5,0;4,84;0,16
5,0;4,97;0,03
3,0;4,67;-1,67
5,0;4,95;0,05
3,0;4,65;-1,65
5,0;2,76;2,24
5,0;4,36;0,64
1,0;3,89;-2,89
5,0;4,23;0,77
1,0;2,59;-1,59
5,0;3,4;1,6
5,0;4,41;0,59
1,0;1,52;-0,52
4,0;4,01;-0,01
4,0;4,39;-0,39
5,0;3,93;1,07
5,0;4,34;0,66
5,0;4,21;0,79
4,0;4,08;-0,08
2,0;4,8;-2,8
5,0;4,35;0,65
5,0;4,58;0,42
4,0;4,84;-0,84
5,0;4,3;0,7
3,0;4,7;-1,7
3,5;3,76;-0,26
5,0;2,46;2,54
5,0;3,91;1,09
1,0;3,74;-2,74
2,0;4,32;-2,32
4,0;4,22;-0,22
5,0;3,96;1,04
5,0;3,9;1,1
5,0;3,99;1,01
5,0;3,64;1,36
5,0;4,55;0,45
5,0;4,85;0,15
1,0;3,69;-2,69
1,0;4,72;-3,72
5,0;3,88;1,12
1,0;3,64;-2,64
2,0;4,45;-2,45
5,0;4,64;0,36
5,0;2,08;2,92
4,0;4,26;-0,26
5,0;4,54;0,46
4,0;4,96;-0,96
4,0;4,36;-0,36
4,0;4,45;-0,45
3,0;3,22;-0,22
5,0;4,9;0,1
3,0;2,53;0,47
5,0;4,54;0,46
4,0;4,45;-0,45
4,0;1,62;2,38
5,0;4,88;0,12
5,0;3,31;1,69
5,0;4,71;0,29
3,0;4,62;-1,62
5,0;4,67;0,33
5,0;3,94;1,06
4,0;3,03;0,97
5,0;4,66;0,34
5,0;3,66;1,34
5,0;4,37;0,63
5,0;2,82;2,18
2,0;4,42;-2,42
5,0;3,5;1,5
5,0;4,04;0,96
5,0;4,07;0,93
5,0;3,96;1,04
5,0;4,61;0,39
1,0;4,05;-3,05
5,0;4,49;0,51
3,0;3,21;-0,21
5,0;3,6;1,4
5,0;3,14;1,86
5,0;4,83;0,17
1,0;2,94;-1,94
1,0;0,97;0,03
3,0;4,05;-1,05
5,0;1,87;3,13
1,0;4,72;-3,72
5,0;4,69;0,31
1,0;4,57;-3,57
2,0;4,07;-2,07
1,0;4,61;-3,61
3,0;3,27;-0,27
5,0;4,6;0,4
5,0;4,14;0,86
3,0;3,92;-0,92
5,0;4,26;0,74
1,0;2,01;-1,01
3,0;3,9;-0,9
5,0;4,44;0,56
4,0;3,77;0,23
5,0;4,19;0,81
5,0;4,58;0,42
5,0;4,64;0,36
5,0;4,57;0,43
1,0;2,45;-1,45
3,0;4,24;-1,24
5,0;4,56;0,44
5,0;3,65;1,35
4,0;4,68;-0,68
4,0;4,35;-0,35
5,0;3,85;1,15
5,0;4,53;0,47
3,0;4,07;-1,07
1,0;1,17;-0,17
5,0;4,57;0,43
4,0;3,56;0,44
5,0;4,24;0,76
3,0;4,45;-1,45
1,0;1,13;-0,13
5,0;3,48;1,52
5,0;3,62;1,38
3,6667;4,17;-0,5
5,0;3,65;1,35
5,0;3,97;1,03
5,0;3,7;1,3
1,0;1,87;-0,87
5,0;3,79;1,21
5,0;3,93;1,07
5,0;4,42;0,58
4,0;4,96;-0,96
5,0;4,27;0,73
5,0;4,56;0,44
5,0;4,0;1,0
5,0;3,7;1,3
4,0;2,92;1,08
4,0;4,76;-0,76
3,0;4,14;-1,14
5,0;4,83;0,17
4,0;3,79;0,21
1,0;1,04;-0,04
1,0;1,27;-0,27
5,0;4,4;0,6
5,0;4,89;0,11
5,0;4,03;0,97
4,0;4,68;-0,68
5,0;4,8;0,2
5,0;4,54;0,46
5,0;3,24;1,76
1,0;3,96;-2,96
5,0;3,64;1,36
0,0;1,5;-1,5
5,0;4,17;0,83
5,0;4,78;0,22
5,0;3,91;1,09
4,0;4,84;-0,84
5,0;4,98;0,02
3,0;4,46;-1,46
4,0;3,86;0,14
1,0;2,82;-1,82
1,0;0,99;0,01
2,0;4,1;-2,1
5,0;4,51;0,49
5,0;4,67;0,33
3,0;2,47;0,53
5,0;2,99;2,01
5,0;3,64;1,36
5,0;4,79;0,21
5,0;3,85;1,15
5,0;4,21;0,79
1,0;2,31;-1,31
2,0;4,66;-2,66
1,0;4,96;-3,96
5,0;4,25;0,75
5,0;2,91;2,09
1,0;3,35;-2,35
5,0;3,64;1,36
5,0;4,65;0,35
5,0;4,64;0,36
1,0;3,46;-2,46
5,0;4,16;0,84
5,0;4,57;0,43
2,0;4,12;-2,12
5,0;3,48;1,52
3,0;4,66;-1,66
1,0;2,68;-1,68
5,0;4,69;0,31
5,0;3,72;1,28
5,0;4,01;0,99
3,0;3,65;-0,65
4,0;4,31;-0,31
5,0;3,87;1,13
5,0;4,77;0,23
5,0;4,8;0,2
5,0;3,73;1,27
5,0;4,59;0,41
1,0;1,88;-0,88
5,0;4,3;0,7
4,0;4,22;-0,22
5,0;4,66;0,34
5,0;4,77;0,23
5,0;4,64;0,36
5,0;4,67;0,33
5,0;2,42;2,58
4,0;4,66;-0,66
5,0;4,66;0,34
5,0;4,56;0,44
5,0;4,35;0,65
1,0;3,12;-2,12
1,0;3,75;-2,75
4,0;3,66;0,34
5,0;3,95;1,05
4,0;1,48;2,52
4,0;4,83;-0,83
1,0;2,42;-1,42
5,0;4,4;0,6
5,0;4,2;0,8
5,0;3,63;1,37
5,0;4,89;0,11
5,0;4,36;0,64
5,0;4,29;0,71
5,0;4,03;0,97
5,0;4,36;0,64
4,0;4,44;-0,44
4,0;3,54;0,46
4,0;4,4;-0,4
5,0;4,36;0,64
5,0;4,88;0,12
5,0;3,47;1,53
1,0;4,23;-3,23
5,0;3,99;1,01
3,0;4,01;-1,01
3,0;3,72;-0,72
4,0;4,21;-0,21
1,0;4,67;-3,67
3,0;1,04;1,96
5,0;4,34;0,66
4,0;4,09;-0,09
5,0;4,39;0,61
5,0;3,71;1,29
3,0;4,43;-1,43
5,0;4,48;0,52
5,0;4,2;0,8
4,0;3,79;0,21
4,0;3,92;0,08
5,0;4,4;0,6
5,0;4,58;0,42
5,0;4,63;0,37
5,0;4,34;0,66
5,0;4,59;0,41
4,0;4,37;-0,37
5,0;4,14;0,86
5,0;4,78;0,22
5,0;3,78;1,22
5,0;4,22;0,78
5,0;4,58;0,42
3,0;3,58;-0,58
5,0;4,29;0,71
5,0;4,74;0,26
5,0;3,0;2,0
2,0;3,14;-1,14
5,0;4,43;0,57
5,0;4,54;0,46
3,0;4,68;-1,68
5,0;3,78;1,22
5,0;4,41;0,59
5,0;3,93;1,07
5,0;3,62;1,38
5,0;4,86;0,14
4,0;3,89;0,11
5,0;4,25;0,75
5,0;4,2;0,8
5,0;4,23;0,77
5,0;4,17;0,83
3,0;4,44;-1,44
5,0;4,16;0,84
5,0;4,75;0,25
5,0;4,16;0,84
5,0;4,98;0,02
5,0;4,73;0,27
5,0;4,7;0,3
1,0;4,5;-3,5
5,0;3,27;1,73
5,0;4,29;0,71
4,0;4,11;-0,11
1,0;3,9;-2,9
5,0;3,79;1,21
1,0;4,58;-3,58
4,0;4,03;-0,03
4,0;3,1;0,9
5,0;4,27;0,73
5,0;3,96;1,04
5,0;4,25;0,75
3,0;3,89;-0,89
5,0;4,87;0,13
1,0;1,65;-0,65
5,0;3,45;1,55
4,0;4,92;-0,92
5,0;4,03;0,97
5,0;4,69;0,31
4,0;4,09;-0,09
5,0;4,71;0,29
5,0;4,08;0,92
1,0;1,67;-0,67
5,0;4,77;0,23
5,0;4,29;0,71
1,0;3,63;-2,63
5,0;4,96;0,04
5,0;4,73;0,27
5,0;3,64;1,36
4,0;3,69;0,31
1,0;1,7;-0,7
4,0;4,9;-0,9
5,0;4,02;0,98
1,0;2,69;-1,69
5,0;4,34;0,66
4,0;3,13;0,87
5,0;4,86;0,14
5,0;3,83;1,17
5,0;4,12;0,88
5,0;4,51;0,49
4,0;4,14;-0,14
5,0;3,64;1,36
5,0;3,79;1,21
5,0;3,57;1,43
1,0;4,49;-3,49
4,0;3,74;0,26
4,0;4,42;-0,42
5,0;3,84;1,16
4,0;4,73;-0,73
5,0;4,44;0,56
1,0;1,91;-0,91
3,0;4,45;-1,45
4,0;4,04;-0,04
5,0;4,55;0,45
5,0;4,3;0,7
5,0;2,01;2,99
5,0;4,06;0,94
5,0;3,57;1,43
5,0;4,28;0,72
2,5;4,52;-2,02
1,0;1,36;-0,36
4,0;2,29;1,71
5,0;3,98;1,02
4,0;4,38;-0,38
5,0;4,91;0,09
1,0;4,82;-3,82
5,0;4,86;0,14
3,0;4,79;-1,79
4,0;4,59;-0,59
5,0;3,78;1,22
5,0;3,88;1,12
5,0;4,18;0,82
5,0;4,64;0,36
2,0;1,86;0,14
5,0;4,83;0,17
5,0;4,64;0,36
4,0;2,92;1,08
5,0;4,32;0,68
5,0;3,87;1,13
3,0;4,71;-1,71
4,0;3,27;0,73
4,0;4,48;-0,48
5,0;4,89;0,11
5,0;4,51;0,49
4,0;4,54;-0,54
3,0;4,79;-1,79
5,0;3,46;1,54
4,5;4,1;0,4
3,0;4,21;-1,21
2,0;4,42;-2,42
1,0;1,06;-0,06
1,0;4,66;-3,66
3,0;3,46;-0,46
5,0;4,34;0,66
5,0;4,06;0,94
5,0;4,48;0,52
5,0;4,55;0,45
5,0;4,47;0,53
5,0;4,73;0,27
5,0;3,82;1,18
5,0;3,79;1,21
1,0;1,48;-0,48
4,0;3,56;0,44
5,0;3,95;1,05
5,0;3,92;1,08
4,0;2,91;1,09
5,0;4,89;0,11
4,0;4,35;-0,35
4,0;4,87;-0,87
5,0;4,13;0,87
4,0;2,25;1,75
5,0;3,45;1,55
5,0;4,58;0,42
4,0;3,06;0,94
2,0;1,33;0,67
5,0;3,92;1,08
3,0;4,05;-1,05
5,0;4,11;0,89
5,0;3,94;1,06
1,0;1,66;-0,66
5,0;4,6;0,4
5,0;4,77;0,23
3,0;4,92;-1,92
5,0;4,09;0,91
4,0;4,12;-0,12
2,0;4,74;-2,74
1,0;2,07;-1,07
5,0;3,47;1,53
3,0;4,38;-1,38
5,0;4,38;0,62
5,0;4,03;0,97
4,0;4,05;-0,05
5,0;4,45;0,55
1,0;1,75;-0,75
1,0;4,65;-3,65
3,0;4,22;-1,22
3,0;4,15;-1,15
5,0;4,57;0,43
3,0;4,24;-1,24
5,0;4,14;0,86
4,0;4,77;-0,77
5,0;4,47;0,53
5,0;3,4;1,6
4,0;4,71;-0,71
5,0;3,85;1,15
3,0;3,84;-0,84
4,0;2,96;1,04
5,0;4,1;0,9
5,0;3,47;1,53
4,0;4,63;-0,63
4,0;4,37;-0,37
1,0;4,61;-3,61
5,0;4,39;0,61
5,0;3,28;1,72
5,0;4,42;0,58
1,0;3,13;-2,13
5,0;4,55;0,45
5,0;4,59;0,41
5,0;4,48;0,52
5,0;4,31;0,69
5,0;4,57;0,43
5,0;4,16;0,84
5,0;5,0;0,0
5,0;4,07;0,93
5,0;5,0;0,0
5,0;4,0;1,0
1,0;1,82;-0,82
5,0;4,16;0,84
5,0;4,57;0,43
4,0;4,6;-0,6
4,0;4,42;-0,42
5,0;4,96;0,04
1,0;3,87;-2,87
5,0;4,41;0,59
1,0;3,29;-2,29
3,0;4,7;-1,7
5,0;4,66;0,34
5,0;4,36;0,64
5,0;3,53;1,47
5,0;3,83;1,17
4,0;4,66;-0,66
5,0;4,51;0,49
1,0;2,44;-1,44
5,0;3,25;1,75
3,0;4,82;-1,82
1,0;4,32;-3,32
4,5;4,21;0,29
4,0;4,61;-0,61
4,3333;4,04;0,29
3,0;3,97;-0,97
5,0;3,39;1,61
1,0;3,3;-2,3
2,0;4,04;-2,04
1,0;1,46;-0,46
5,0;1,66;3,34
2,0;4,0;-2,0
5,0;4,99;0,01
5,0;4,59;0,41
3,0;4,0;-1,0
5,0;4,8;0,2
5,0;3,89;1,11
5,0;4,93;0,07
5,0;4,48;0,52
3,0;4,7;-1,7
4,0;4,34;-0,34
5,0;4,36;0,64
2,0;4,33;-2,33
4,0;3,9;0,1
5,0;4,29;0,71
0,0;4,49;-4,49
5,0;4,38;0,62
5,0;4,66;0,34
5,0;4,64;0,36
3,0;4,46;-1,46
5,0;4,74;0,26
4,0;2,87;1,13
5,0;3,88;1,12
5,0;2,86;2,14
4,0;4,98;-0,98
2,0;2,32;-0,32
5,0;4,93;0,07
1,0;1,22;-0,22
5,0;3,41;1,59
3,0;4,48;-1,48
5,0;4,35;0,65
5,0;4,15;0,85
4,0;3,93;0,07
1,0;1,52;-0,52
4,0;4,76;-0,76
5,0;4,12;0,88
5,0;2,34;2,66
5,0;4,35;0,65
5,0;4,34;0,66
4,0;3,26;0,74
5,0;4,16;0,84
4,0;4,26;-0,26
5,0;4,13;0,87
4,0;4,73;-0,73
5,0;4,79;0,21
5,0;4,18;0,82
4,0;4,5;-0,5
5,0;4,91;0,09
4,0;4,49;-0,49
5,0;3,87;1,13
5,0;4,59;0,41
4,0;4,62;-0,62
5,0;4,92;0,08
5,0;4,37;0,63
1,0;4,32;-3,32
5,0;4,4;0,6
1,0;3,36;-2,36
5,0;4,49;0,51
4,0;4,17;-0,17
5,0;4,12;0,88
4,0;4,5;-0,5
5,0;4,76;0,24
5,0;4,8;0,2
5,0;4,43;0,57
5,0;3,91;1,09
5,0;3,97;1,03
5,0;4,91;0,09
5,0;3,43;1,57
5,0;4,09;0,91
5,0;1,35;3,65
4,0;4,57;-0,57
5,0;2,45;2,55
4,0;4,33;-0,33
4,0;3,27;0,73
5,0;4,7;0,3
4,0;3,93;0,07
5,0;4,72;0,28
3,0;4,13;-1,13
5,0;4,56;0,44
4,0;3,26;0,74
4,0;3,44;0,56
5,0;3,74;1,26
5,0;4,48;0,52
5,0;3,02;1,98
5,0;4,23;0,77
5,0;4,5;0,5
1,0;4,68;-3,68
5,0;4,52;0,48
5,0;4,33;0,67
5,0;3,71;1,29
5,0;4,36;0,64
5,0;4,87;0,13
2,0;4,66;-2,66
5,0;4,51;0,49
5,0;4,3;0,7
5,0;4,11;0,89
5,0;3,3;1,7
5,0;4,11;0,89
5,0;3,73;1,27
5,0;4,25;0,75
3,0;3,74;-0,74
5,0;4,49;0,51
3,0;4,32;-1,32
5,0;4,2;0,8
5,0;4,45;0,55
1,0;2,09;-1,09
3,0;1,84;1,16
0,0;3,23;-3,23
1,0;4,21;-3,21
5,0;3,71;1,29
5,0;4,84;0,16
1,0;4,61;-3,61
5,0;4,35;0,65
5,0;4,48;0,52
5,0;4,69;0,31
4,0;4,56;-0,56
3,0;4,08;-1,08
5,0;4,04;0,96
3,0;3,58;-0,58
5,0;2,99;2,01
2,0;4,28;-2,28
5,0;4,47;0,53
4,0;3,91;0,09
5,0;4,3;0,7
5,0;4,34;0,66
5,0;4,67;0,33
5,0;3,23;1,77
4,0;3,43;0,57
4,0;4,23;-0,23
4,0;4,74;-0,74
3,25;3,98;-0,73
1,0;4,18;-3,18
5,0;4,45;0,55
4,0;3,78;0,22
1,0;2,25;-1,25
5,0;4,52;0,48
5,0;4,51;0,49
5,0;4,68;0,32
5,0;4,14;0,86
2,0;4,36;-2,36
1,0;3,43;-2,43
5,0;4,54;0,46
2,0;4,63;-2,63
5,0;4,17;0,83
2,0;2,96;-0,96
5,0;4,23;0,77
5,0;4,46;0,54
3,0;2,63;0,37
5,0;3,98;1,02
0,0;4,58;-4,58
4,0;4,05;-0,05
4,0;4,53;-0,53
5,0;4,47;0,53
4,0;4,09;-0,09
4,0;4,14;-0,14
4,0;4,84;-0,84
5,0;4,58;0,42
5,0;3,8;1,2
4,0;4,05;-0,05
3,0;2,68;0,32
5,0;4,39;0,61
5,0;1,39;3,61
3,0;4,12;-1,12
5,0;3,89;1,11
5,0;4,36;0,64
5,0;4,23;0,77
5,0;4,81;0,19
4,5;3,85;0,65
5,0;4,87;0,13
4,0;2,93;1,07
1,0;2,76;-1,76
4,0;4,18;-0,18
5,0;3,83;1,17
5,0;4,24;0,76
1,0;3,26;-2,26
1,0;1,53;-0,53
5,0;3,98;1,02
5,0;4,76;0,24
1,0;1,32;-0,32
5,0;3,89;1,11
5,0;3,98;1,02
5,0;4,04;0,96
3,0;3,87;-0,87
5,0;1,21;3,79
5,0;4,98;0,02
5,0;4,55;0,45
1,0;4,31;-3,31
5,0;4,84;0,16
5,0;3,55;1,45
5,0;4,78;0,22
5,0;4,6;0,4
5,0;4,5;0,5
5,0;4,4;0,6
5,0;4,92;0,08
5,0;4,23;0,77
1,0;4,1;-3,1
5,0;4,92;0,08
5,0;4,0;1,0
5,0;3,94;1,06
5,0;4,49;0,51
1,0;1,87;-0,87
1,0;4,33;-3,33
5,0;4,46;0,54
1,0;1,56;-0,56
3,5;4,15;-0,65
3,0;4,21;-1,21
5,0;4,45;0,55
1,0;1,28;-0,28
4,0;4,43;-0,43
1,0;1,4;-0,4
5,0;3,93;1,07
5,0;3,41;1,59
3,0;4,36;-1,36
4,0;3,51;0,49
5,0;4,64;0,36
5,0;4,83;0,17
5,0;4,79;0,21
5,0;3,78;1,22
4,0;4,18;-0,18
1,0;4,09;-3,09
5,0;4,97;0,03
5,0;4,28;0,72
5,0;4,48;0,52
5,0;3,65;1,35
5,0;4,42;0,58
5,0;4,22;0,78
2,0;4,42;-2,42
4,0;1,92;2,08
5,0;4,53;0,47
5,0;4,92;0,08
3,0;4,31;-1,31
2,0;3,5;-1,5
5,0;4,62;0,38
5,0;3,53;1,47
4,0;3,74;0,26
5,0;4,58;0,42
5,0;4,47;0,53
5,0;4,28;0,72
1,0;3,97;-2,97
5,0;4,4;0,6
3,0;4,79;-1,79
5,0;4,07;0,93
5,0;2,22;2,78
5,0;4,53;0,47
4,0;4,51;-0,51
4,0;4,49;-0,49
5,0;4,31;0,69
5,0;4,38;0,62
3,5;4,46;-0,96
5,0;3,47;1,53
4,0;4,54;-0,54
1,0;1,92;-0,92
5,0;4,29;0,71
4,0;4,22;-0,22
5,0;4,47;0,53
4,0;4,77;-0,77
5,0;2,97;2,03
5,0;4,8;0,2
5,0;3,57;1,43
5,0;4,84;0,16
2,0;1,69;0,31
5,0;3,6;1,4
4,0;4,22;-0,22
5,0;4,54;0,46
5,0;3,81;1,19
5,0;4,24;0,76
5,0;4,72;0,28
5,0;3,62;1,38
5,0;4,25;0,75
5,0;4,74;0,26
5,0;4,14;0,86
4,0;4,29;-0,29
5,0;4,91;0,09
5,0;2,89;2,11
5,0;4,19;0,81
3,0;3,44;-0,44
5,0;4,69;0,31
4,0;4,75;-0,75
5,0;3,82;1,18
4,0;4,86;-0,86
5,0;3,84;1,16
1,0;3,82;-2,82
4,0;4,11;-0,11
4,0;4,61;-0,61
3,0;3,36;-0,36
5,0;3,63;1,37
4,0;4,23;-0,23
5,0;4,44;0,56
5,0;4,46;0,54
1,0;1,27;-0,27
4,0;3,53;0,47
5,0;4,69;0,31
4,5;3,84;0,66
1,0;3,98;-2,98
5,0;2,14;2,86
5,0;4,07;0,93
5,0;4,21;0,79
5,0;4,18;0,82
5,0;4,79;0,21
5,0;2,46;2,54
4,0;4,47;-0,47
5,0;3,91;1,09
5,0;4,7;0,3
5,0;4,32;0,68
3,0;4,08;-1,08
5,0;3,9;1,1
3,0;4,5;-1,5
3,0;4,34;-1,34
4,0;4,01;-0,01
5,0;4,71;0,29
5,0;3,4;1,6
5,0;4,8;0,2
3,0;4,47;-1,47
4,0;3,57;0,43
4,0;4,04;-0,04
1,0;2,86;-1,86
4,0;3,25;0,75
5,0;4,91;0,09
1,0;4,28;-3,28
3,0;4,81;-1,81
1,0;3,47;-2,47
4,0;4,79;-0,79
1,0;1,9;-0,9
5,0;3,88;1,12
4,0;4,54;-0,54
5,0;3,79;1,21
5,0;4,7;0,3
5,0;4,68;0,32
5,0;2,8;2,2
5,0;4,55;0,45
5,0;4,47;0,53
4,0;2,31;1,69
5,0;4,45;0,55
5,0;3,99;1,01
5,0;4,45;0,55
5,0;4,71;0,29
5,0;4,01;0,99
5,0;4,57;0,43
5,0;3,9;1,1
1,0;3,26;-2,26
5,0;3,55;1,45
4,0;1,21;2,79
5,0;4,14;0,86
4,0;4,75;-0,75
5,0;4,26;0,74
5,0;4,32;0,68
5,0;4,15;0,85
4,0;3,9;0,1
3,0;4,37;-1,37
4,0;4,83;-0,83
5,0;4,78;0,22
5,0;4,66;0,34
5,0;4,49;0,51
5,0;4,82;0,18
4,0;4,67;-0,67
4,0;4,74;-0,74
5,0;4,21;0,79
5,0;4,58;0,42
5,0;4,71;0,29
5,0;4,35;0,65
3,0;4,24;-1,24
5,0;4,42;0,58
3,0;4,54;-1,54
4,0;4,39;-0,39
5,0;4,83;0,17
5,0;4,78;0,22
1,0;4,37;-3,37
3,0;4,78;-1,78
5,0;4,83;0,17
4,0;4,95;-0,95
4,0;4,54;-0,54
4,0;4,43;-0,43
4,0;4,6;-0,6
5,0;4,42;0,58
4,0;3,37;0,63
3,0;1,85;1,15
5,0;4,18;0,82
5,0;4,2;0,8
5,0;4,84;0,16
3,0;4,67;-1,67
5,0;4,13;0,87
1,0;3,75;-2,75
5,0;4,94;0,06
5,0;4,76;0,24
5,0;4,79;0,21
5,0;3,88;1,12
5,0;4,96;0,04
1,0;3,73;-2,73
3,0;4,68;-1,68
5,0;4,32;0,68
1,0;4,98;-3,98
4,0;4,54;-0,54
5,0;3,44;1,56
5,0;3,99;1,01
5,0;4,23;0,77
3,0;3,8;-0,8
5,0;4,65;0,35
5,0;4,48;0,52
5,0;3,92;1,08
2,0;3,71;-1,71
4,0;4,53;-0,53
5,0;3,73;1,27
4,0;4,18;-0,18
4,0;4,32;-0,32
5,0;4,33;0,67
5,0;4,11;0,89
1,0;1,22;-0,22
4,0;3,5;0,5
0,0;3,16;-3,16
4,0;4,9;-0,9
5,0;3,69;1,31
5,0;4,33;0,67
1,6667;4,39;-2,72
5,0;4,53;0,47
1,0;4,36;-3,36
5,0;4,53;0,47
5,0;3,92;1,08
5,0;3,96;1,04
5,0;4,28;0,72
5,0;3,72;1,28
1,0;3,59;-2,59
5,0;4,78;0,22
4,0;4,36;-0,36
5,0;4,52;0,48
5,0;4,51;0,49
5,0;4,55;0,45
5,0;4,66;0,34
5,0;3,66;1,34
4,0;4,3;-0,3
2,0;4,07;-2,07
5,0;3,62;1,38
4,0;4,24;-0,24
4,0;4,77;-0,77
5,0;3,84;1,16
5,0;4,71;0,29
4,0;4,01;-0,01
5,0;1,88;3,12
5,0;4,0;1,0
4,0;4,25;-0,25
5,0;4,76;0,24
5,0;3,79;1,21
5,0;4,31;0,69
5,0;4,23;0,77
5,0;4,78;0,22
1,0;4,1;-3,1
5,0;3,14;1,86
1,0;3,96;-2,96
1,0;2,74;-1,74
5,0;4,41;0,59
5,0;4,68;0,32
5,0;2,85;2,15
5,0;4,44;0,56
5,0;4,96;0,04
1,0;1,0;0,0
5,0;4,55;0,45
1,0;2,47;-1,47
5,0;4,3;0,7
1,0;2,39;-1,39
4,0;4,13;-0,13
5,0;3,27;1,73
5,0;3,76;1,24
5,0;4,8;0,2
5,0;4,74;0,26
5,0;4,22;0,78
5,0;4,41;0,59
5,0;4,26;0,74
5,0;3,34;1,66
5,0;4,85;0,15
5,0;4,63;0,37
5,0;4,62;0,38
4,0;4,35;-0,35
5,0;4,55;0,45
4,0;3,8;0,2
5,0;4,32;0,68
5,0;3,16;1,84
5,0;4,55;0,45
5,0;4,28;0,72
4,0;4,91;-0,91
1,0;3,56;-2,56
5,0;4,49;0,51
4,0;4,93;-0,93
5,0;5,0;0,0
4,0;4,65;-0,65
5,0;4,21;0,79
5,0;4,49;0,51
5,0;4,47;0,53
5,0;4,48;0,52
5,0;4,54;0,46
5,0;4,64;0,36
5,0;4,78;0,22
4,0;4,61;-0,61
5,0;4,48;0,52
5,0;3,44;1,56
5,0;4,12;0,88
5,0;3,3;1,7
5,0;2,75;2,25
5,0;4,06;0,94
5,0;3,94;1,06
5,0;3,41;1,59
2,0;4,58;-2,58
5,0;4,41;0,59
3,0;3,98;-0,98
5,0;4,35;0,65
5,0;4,98;0,02
4,0;4,44;-0,44
5,0;4,9;0,1
1,0;3,58;-2,58
5,0;4,44;0,56
3,0;4,04;-1,04
5,0;4,27;0,73
2,0;3,89;-1,89
5,0;4,02;0,98
3,0;2,97;0,03
4,0;4,52;-0,52
1,0;1,44;-0,44
4,0;4,37;-0,37
5,0;4,37;0,63
4,0;4,42;-0,42
5,0;4,09;0,91
4,0;4,17;-0,17
1,0;4,53;-3,53
1,0;4,09;-3,09
5,0;4,83;0,17
5,0;4,18;0,82
1,0;2,83;-1,83
2,0;4,58;-2,58
4,0;4,41;-0,41
5,0;4,55;0,45
5,0;4,6;0,4
5,0;4,2;0,8
5,0;4,0;1,0
1,0;1,15;-0,15
1,0;1,31;-0,31
5,0;3,51;1,49
5,0;4,33;0,67
5,0;4,45;0,55
4,0;4,54;-0,54
1,0;3,33;-2,33
5,0;3,47;1,53
5,0;4,26;0,74
2,0;4,33;-2,33
5,0;4,06;0,94
4,0;3,94;0,06
5,0;4,5;0,5
5,0;4,36;0,64
5,0;3,97;1,03
5,0;4,24;0,76
1,0;1,74;-0,74
1,0;3,9;-2,9
1,0;3,66;-2,66
1,0;2,81;-1,81
5,0;4,9;0,1
2,0;4,66;-2,66
5,0;3,96;1,04
4,0;4,26;-0,26
5,0;3,83;1,17
5,0;4,64;0,36
5,0;4,19;0,81
4,0;4,23;-0,23
5,0;4,5;0,5
4,0;3,38;0,62
4,0;4,22;-0,22
5,0;4,62;0,38
1,0;2,01;-1,01
4,0;4,8;-0,8
5,0;3,86;1,14
5,0;4,39;0,61
4,0;2,49;1,51
1,0;1,42;-0,42
5,0;3,73;1,27
1,0;3,03;-2,03
3,0;4,69;-1,69
1,0;2,93;-1,93
5,0;4,99;0,01
5,0;4,54;0,46
1,0;1,89;-0,89
3,0;4,38;-1,38
5,0;2,79;2,21
2,0;4,1;-2,1
2,0;4,32;-2,32
5,0;3,59;1,41
5,0;4,59;0,41
3,0;4,74;-1,74
5,0;3,85;1,15
5,0;3,68;1,32
3,0;4,38;-1,38
5,0;4,03;0,97
5,0;4,12;0,88
5,0;4,25;0,75
4,0;4,55;-0,55
5,0;4,08;0,92
4,0;4,56;-0,56
5,0;4,36;0,64
5,0;4,43;0,57
5,0;4,28;0,72
5,0;4,02;0,98
1,0;1,56;-0,56
5,0;1,56;3,44
5,0;4,84;0,16
1,0;4,36;-3,36
5,0;4,93;0,07
5,0;4,74;0,26
5,0;4,64;0,36
1,0;4,62;-3,62
5,0;4,83;0,17
5,0;4,63;0,37
5,0;4,96;0,04
5,0;3,53;1,47
3,0;4,34;-1,34
5,0;4,49;0,51
3,0;4,13;-1,13
1,0;1,79;-0,79
5,0;4,01;0,99
5,0;3,23;1,77
5,0;4,41;0,59
5,0;4,0;1,0
5,0;4,41;0,59
5,0;4,28;0,72
5,0;4,14;0,86
3,0;4,31;-1,31
5,0;4,23;0,77
5,0;4,89;0,11
5,0;4,15;0,85
5,0;4,58;0,42
5,0;4,43;0,57
5,0;4,7;0,3
5,0;4,69;0,31
5,0;4,58;0,42
5,0;4,37;0,63
4,0;4,79;-0,79
0,0;1,84;-1,84
5,0;4,83;0,17
4,0;2,21;1,79
3,0;4,06;-1,06
5,0;4,65;0,35
5,0;4,14;0,86
5,0;4,76;0,24
4,0;3,82;0,18
5,0;4,12;0,88
5,0;2,86;2,14
5,0;3,58;1,42
5,0;3,76;1,24
4,0;5,0;-1,0
5,0;3,71;1,29
4,0;4,79;-0,79
5,0;4,36;0,64
5,0;2,57;2,43
5,0;4,67;0,33
4,0;4,32;-0,32
5,0;4,87;0,13
5,0;4,27;0,73
1,0;1,21;-0,21
5,0;4,47;0,53
1,0;4,7;-3,7
5,0;4,62;0,38
4,0;4,61;-0,61
5,0;3,67;1,33
5,0;4,07;0,93
5,0;4,1;0,9
5,0;4,65;0,35
5,0;4,05;0,95
5,0;4,58;0,42
4,0;3,87;0,13
4,0;4,44;-0,44
5,0;4,7;0,3
3,0;4,37;-1,37
4,0;4,27;-0,27
4,0;4,31;-0,31
3,0;3,92;-0,92
4,0;3,97;0,03
5,0;3,88;1,12
5,0;4,07;0,93
5,0;4,78;0,22
5,0;4,6;0,4
5,0;1,75;3,25
5,0;4,46;0,54
3,0;4,59;-1,59
3,0;4,85;-1,85
5,0;4,19;0,81
5,0;4,28;0,72
5,0;1,49;3,51
5,0;4,12;0,88
3,0;4,52;-1,52
5,0;3,7;1,3
4,0;4,42;-0,42
5,0;4,38;0,62
5,0;3,91;1,09
5,0;4,49;0,51
4,0;4,44;-0,44
5,0;4,19;0,81
4,0;4,02;-0,02
5,0;4,46;0,54
4,0;4,45;-0,45
5,0;4,63;0,37
5,0;4,71;0,29
5,0;4,09;0,91
5,0;4,21;0,79
5,0;3,55;1,45
5,0;4,22;0,78
5,0;4,92;0,08
5,0;3,86;1,14
5,0;3,69;1,31
5,0;4,99;0,01
4,0;4,07;-0,07
5,0;3,98;1,02
5,0;1,31;3,69
4,0;4,58;-0,58
5,0;3,97;1,03
5,0;4,95;0,05
4,0;4,39;-0,39
5,0;4,53;0,47
4,0;4,93;-0,93
4,0;4,61;-0,61
4,0;4,96;-0,96
4,0;4,43;-0,43
5,0;4,28;0,72
1,0;4,47;-3,47
5,0;4,26;0,74
5,0;4,08;0,92
1,0;4,15;-3,15
5,0;5,0;0,0
4,0;4,59;-0,59
4,0;4,0;0,0
5,0;4,72;0,28
4,0;4,19;-0,19
5,0;3,86;1,14
1,0;2,12;-1,12
4,0;2,72;1,28
5,0;4,56;0,44
5,0;3,31;1,69
5,0;4,75;0,25
5,0;2,1;2,9
3,0;4,95;-1,95
5,0;3,93;1,07
1,0;3,95;-2,95
5,0;3,59;1,41
5,0;4,59;0,41
5,0;4,53;0,47
5,0;3,3;1,7
3,0;1,72;1,28
1,0;4,37;-3,37
5,0;4,2;0,8
5,0;4,64;0,36
5,0;2,47;2,53
5,0;3,59;1,41
5,0;3,83;1,17
5,0;4,79;0,21
5,0;4,06;0,94
5,0;4,64;0,36
0,0;4,61;-4,61
5,0;4,5;0,5
4,0;4,15;-0,15
4,0;3,72;0,28
1,0;4,36;-3,36
5,0;2,24;2,76
5,0;4,08;0,92
5,0;4,49;0,51
5,0;4,5;0,5
5,0;4,19;0,81
4,0;4,54;-0,54
1,0;4,22;-3,22
5,0;3,71;1,29
5,0;3,93;1,07
5,0;4,11;0,89
2,0;4,88;-2,88
5,0;4,99;0,01
5,0;4,09;0,91
5,0;4,32;0,68
5,0;4,43;0,57
5,0;3,51;1,49
5,0;4,32;0,68
5,0;4,88;0,12
5,0;4,54;0,46
5,0;2,36;2,64
1,0;3,03;-2,03
5,0;4,19;0,81
5,0;4,4;0,6
3,0;4,09;-1,09
5,0;4,28;0,72
1,0;4,83;-3,83
5,0;4,87;0,13
5,0;4,47;0,53
5,0;4,08;0,92
5,0;4,9;0,1
5,0;4,25;0,75
5,0;4,05;0,95
5,0;4,2;0,8
5,0;4,26;0,74
4,0;4,23;-0,23
4,0;3,68;0,32
4,0;3,36;0,64
3,0;3,73;-0,73
5,0;4,56;0,44
5,0;4,61;0,39
4,0;4,43;-0,43
3,0;4,35;-1,35
5,0;3,91;1,09
5,0;2,82;2,18
5,0;4,82;0,18
5,0;4,1;0,9
4,0;3,78;0,22
5,0;4,31;0,69
4,0;4,83;-0,83
5,0;4,34;0,66
5,0;4,96;0,04
5,0;3,96;1,04
5,0;4,63;0,37
1,0;3,48;-2,48
5,0;4,96;0,04
5,0;4,67;0,33
5,0;3,74;1,26
5,0;4,83;0,17
5,0;4,16;0,84
5,0;3,69;1,31
5,0;4,38;0,62
5,0;4,36;0,64
5,0;4,47;0,53
4,0;4,07;-0,07
5,0;4,88;0,12
3,0;4,73;-1,73
4,0;4,35;-0,35
5,0;3,77;1,23
5,0;4,15;0,85
5,0;4,42;0,58
4,0;3,48;0,52
5,0;4,74;0,26
5,0;3,42;1,58
5,0;4,24;0,76
1,0;3,93;-2,93
5,0;4,77;0,23
5,0;4,18;0,82
5,0;4,12;0,88
1,0;1,02;-0,02
3,0;4,3;-1,3
5,0;4,68;0,32
4,0;3,61;0,39
5,0;3,66;1,34
5,0;3,76;1,24
5,0;4,62;0,38
5,0;4,28;0,72
1,0;4,72;-3,72
4,0;4,14;-0,14
5,0;4,38;0,62
2,0;3,96;-1,96
5,0;4,15;0,85
5,0;4,56;0,44
3,0;4,52;-1,52
5,0;3,8;1,2
5,0;4,28;0,72
5,0;4,13;0,87
5,0;3,48;1,52
5,0;4,48;0,52
1,0;4,21;-3,21
1,0;1,69;-0,69
5,0;4,15;0,85
4,0;4,47;-0,47
4,0;3,78;0,22
5,0;4,32;0,68
5,0;3,75;1,25
4,0;4,21;-0,21
4,0;4,51;-0,51
5,0;4,52;0,48
4,0;4,49;-0,49
5,0;4,26;0,74
5,0;4,13;0,87
4,0;4,39;-0,39
5,0;3,74;1,26
5,0;4,87;0,13
5,0;4,04;0,96
5,0;4,8;0,2
5,0;4,35;0,65
4,0;4,81;-0,81
5,0;3,92;1,08
5,0;3,58;1,42
5,0;3,99;1,01
5,0;4,96;0,04
1,0;2,74;-1,74
5,0;4,83;0,17
5,0;4,51;0,49
4,0;4,76;-0,76
5,0;2,73;2,27
5,0;4,7;0,3
5,0;3,82;1,18
5,0;4,25;0,75
5,0;4,08;0,92
3,0;4,78;-1,78
4,0;4,64;-0,64
5,0;1,48;3,52
1,0;4,08;-3,08
5,0;4,0;1,0
5,0;4,67;0,33
5,0;4,44;0,56
4,0;4,39;-0,39
4,0;4,03;-0,03
1,0;4,31;-3,31
3,0;4,61;-1,61
4,0;4,32;-0,32
5,0;3,97;1,03
5,0;4,23;0,77
5,0;3,59;1,41
5,0;4,71;0,29
4,0;4,47;-0,47
5,0;4,78;0,22
5,0;4,68;0,32
5,0;4,81;0,19
5,0;4,53;0,47
5,0;4,62;0,38
1,0;4,21;-3,21
5,0;4,17;0,83
1,0;3,82;-2,82
5,0;4,75;0,25
5,0;4,57;0,43
5,0;4,5;0,5
5,0;4,86;0,14
1,0;3,55;-2,55
1,0;2,21;-1,21
4,0;3,59;0,41
5,0;3,88;1,12
4,0;3,54;0,46
5,0;4,63;0,37
3,0;2,23;0,77
5,0;4,64;0,36
1,0;4,84;-3,84
5,0;3,59;1,41
2,0;4,8;-2,8
4,0;3,88;0,12
5,0;4,19;0,81
5,0;4,25;0,75
5,0;3,96;1,04
2,0;4,2;-2,2
1,0;1,27;-0,27
5,0;3,14;1,86
5,0;3,91;1,09
4,0;4,7;-0,7
5,0;4,53;0,47
5,0;4,45;0,55
5,0;3,48;1,52
5,0;3,31;1,69
5,0;3,62;1,38
5,0;4,26;0,74
4,0;3,61;0,39
4,0;5,0;-1,0
5,0;4,48;0,52
1,0;4,25;-3,25
5,0;4,6;0,4
5,0;3,0;2,0
5,0;2,63;2,37
5,0;4,54;0,46
5,0;4,9;0,1
1,0;1,89;-0,89
1,0;3,74;-2,74
5,0;4,11;0,89
5,0;4,62;0,38
5,0;4,24;0,76
4,0;4,2;-0,2
5,0;4,26;0,74
5,0;4,0;1,0
5,0;4,79;0,21
5,0;4,3;0,7
5,0;3,63;1,37
5,0;4,42;0,58
5,0;4,23;0,77
5,0;4,6;0,4
3,0;4,02;-1,02
1,0;1,16;-0,16
5,0;3,02;1,98
4,0;3,43;0,57
2,0;3,36;-1,36
5,0;3,7;1,3
5,0;4,22;0,78
5,0;4,67;0,33
4,0;4,65;-0,65
1,0;4,23;-3,23
4,0;3,91;0,09
1,0;2,0;-1,0
1,0;3,49;-2,49
5,0;4,74;0,26
4,0;3,78;0,22
5,0;4,3;0,7
5,0;3,53;1,47
1,0;3,68;-2,68
4,0;4,63;-0,63
1,0;3,73;-2,73
5,0;4,05;0,95
5,0;4,71;0,29
4,0;4,26;-0,26
4,0;3,03;0,97
5,0;3,14;1,86
4,0;2,75;1,25
5,0;4,25;0,75
4,0;4,65;-0,65
5,0;4,63;0,37
5,0;3,94;1,06
4,0;4,55;-0,55
4,0;3,73;0,27
4,0;4,31;-0,31
5,0;2,23;2,77
3,0;3,7;-0,7
5,0;3,93;1,07
2,0;4,32;-2,32
5,0;4,33;0,67
5,0;4,18;0,82
5,0;3,94;1,06
5,0;4,78;0,22
5,0;4,43;0,57
3,0;1,48;1,52
5,0;4,51;0,49
4,0;3,48;0,52
5,0;3,12;1,88
5,0;4,49;0,51
1,0;3,27;-2,27
5,0;4,77;0,23
2,0;3,33;-1,33
5,0;4,82;0,18
4,0;4,8;-0,8
4,0;4,4;-0,4
3,0;4,62;-1,62
5,0;4,47;0,53
5,0;3,78;1,22
5,0;4,03;0,97
5,0;4,43;0,57
4,0;4,65;-0,65
5,0;4,0;1,0
5,0;4,56;0,44
5,0;3,47;1,53
1,0;1,48;-0,48
0,0;4,09;-4,09
3,0;4,47;-1,47
4,0;4,54;-0,54
5,0;4,55;0,45
4,0;3,88;0,12
5,0;4,33;0,67
5,0;3,27;1,73
5,0;4,31;0,69
4,0;4,35;-0,35
5,0;4,83;0,17
1,0;4,7;-3,7
5,0;4,12;0,88
5,0;4,87;0,13
5,0;4,02;0,98
3,0;3,21;-0,21
5,0;4,3;0,7
1,0;1,39;-0,39
3,0;4,16;-1,16
4,0;4,56;-0,56
1,0;2,99;-1,99
5,0;4,94;0,06
5,0;4,85;0,15
3,0;4,16;-1,16
5,0;3,55;1,45
5,0;3,81;1,19
4,0;3,71;0,29
4,0;4,33;-0,33
5,0;3,69;1,31
5,0;4,51;0,49
1,0;4,81;-3,81
4,0;4,31;-0,31
5,0;4,87;0,13
5,0;3,78;1,22
1,0;2,24;-1,24
5,0;4,09;0,91
5,0;3,37;1,63
3,0;4,12;-1,12
4,0;4,17;-0,17
5,0;4,41;0,59
1,0;1,53;-0,53
5,0;3,81;1,19
5,0;2,33;2,67
5,0;4,18;0,82
5,0;1,4;3,6
3,0;3,39;-0,39
5,0;4,93;0,07
5,0;4,49;0,51
5,0;4,76;0,24
4,0;4,54;-0,54
5,0;4,41;0,59
5,0;4,46;0,54
3,0;2,73;0,27
1,0;4,24;-3,24
5,0;4,59;0,41
5,0;4,11;0,89
5,0;4,01;0,99
1,0;1,39;-0,39
5,0;4,43;0,57
5,0;4,83;0,17
5,0;4,26;0,74
5,0;3,84;1,16
5,0;4,6;0,4
5,0;4,35;0,65
5,0;4,47;0,53
3,0;4,95;-1,95
1,0;3,18;-2,18
1,0;2,79;-1,79
5,0;4,24;0,76
1,0;2,55;-1,55
5,0;3,3;1,7
3,0;4,43;-1,43
5,0;4,31;0,69
5,0;3,87;1,13
4,0;3,65;0,35
5,0;3,43;1,57
2,0;1,25;0,75
4,0;4,45;-0,45
3,0;4,5;-1,5
4,5;3,92;0,58
1,0;3,03;-2,03
1,0;4,64;-3,64
5,0;4,11;0,89
5,0;4,69;0,31
5,0;3,89;1,11
1,0;4,78;-3,78
3,0;3,91;-0,91
5,0;4,46;0,54
4,0;3,85;0,15
5,0;4,88;0,12
5,0;3,8;1,2
5,0;4,19;0,81
5,0;1,94;3,06
5,0;3,52;1,48
5,0;4,3;0,7
5,0;4,74;0,26
5,0;3,59;1,41
5,0;4,96;0,04
4,0;4,48;-0,48
5,0;4,76;0,24
5,0;3,96;1,04
5,0;4,58;0,42
5,0;4,59;0,41
5,0;4,96;0,04
5,0;4,21;0,79
5,0;2,67;2,33
5,0;3,72;1,28
5,0;4,76;0,24
4,0;4,09;-0,09
5,0;4,76;0,24
5,0;4,21;0,79
1,0;3,31;-2,31
5,0;3,88;1,12
5,0;4,93;0,07
3,0;3,77;-0,77
4,0;4,35;-0,35
4,0;3,94;0,06
4,0;4,52;-0,52
5,0;4,16;0,84
5,0;4,04;0,96
4,0;3,94;0,06
1,0;3,67;-2,67
5,0;4,66;0,34
3,0;4,09;-1,09
5,0;4,74;0,26
5,0;4,78;0,22
5,0;4,09;0,91
5,0;4,25;0,75
5,0;4,83;0,17
1,0;2,98;-1,98
5,0;4,92;0,08
4,0;4,82;-0,82
5,0;4,06;0,94
1,0;4,52;-3,52
5,0;3,23;1,77
5,0;4,12;0,88
5,0;4,4;0,6
4,0;4,56;-0,56
5,0;4,1;0,9
5,0;4,1;0,9
5,0;4,41;0,59
5,0;4,34;0,66
5,0;3,39;1,61
5,0;4,15;0,85
5,0;4,7;0,3
3,0;4,83;-1,83
4,0;4,04;-0,04
3,0;4,82;-1,82
3,0;4,09;-1,09
3,0;3,14;-0,14
5,0;4,37;0,63
2,0;1,48;0,52
2,0;3,41;-1,41
1,0;4,58;-3,58
1,0;2,69;-1,69
5,0;3,72;1,28
3,0;4,15;-1,15
5,0;3,54;1,46
5,0;4,37;0,63
5,0;4,64;0,36
4,0;4,41;-0,41
1,0;2,35;-1,35
3,0;4,46;-1,46
4,0;3,68;0,32
4,0;4,5;-0,5
3,0;4,23;-1,23
5,0;4,28;0,72
5,0;4,02;0,98
5,0;4,76;0,24
1,0;4,01;-3,01
5,0;3,9;1,1
5,0;3,83;1,17
5,0;4,33;0,67
5,0;4,06;0,94
5,0;4,3;0,7
3,0;4,13;-1,13
5,0;4,48;0,52
5,0;3,42;1,58
5,0;4,34;0,66
5,0;4,38;0,62
3,0;3,66;-0,66
5,0;3,32;1,68
5,0;4,45;0,55
5,0;4,42;0,58
4,0;3,79;0,21
1,0;1,73;-0,73
5,0;4,48;0,52
5,0;4,74;0,26
1,0;2,52;-1,52
3,0;4,95;-1,95
5,0;4,52;0,48
4,0;4,22;-0,22
5,0;4,03;0,97
3,0;4,7;-1,7
4,0;4,57;-0,57
5,0;4,41;0,59
5,0;4,48;0,52
4,75;4,4;0,35
4,0;4,03;-0,03
5,0;4,04;0,96
5,0;4,17;0,83
5,0;4,1;0,9
5,0;3,26;1,74
5,0;4,68;0,32
5,0;4,77;0,23
5,0;4,46;0,54
5,0;4,0;1,0
4,0;4,36;-0,36
5,0;3,38;1,62
3,0;1,35;1,65
5,0;4,45;0,55
4,0;4,19;-0,19
5,0;3,94;1,06
4,0;4,72;-0,72
5,0;4,59;0,41
4,0;4,49;-0,49
4,0;4,74;-0,74
5,0;4,24;0,76
2,0;2,58;-0,58
5,0;4,02;0,98
5,0;3,06;1,94
4,0;3,7;0,3
4,0;4,7;-0,7
4,0;2,37;1,63
1,0;1,58;-0,58
5,0;4,5;0,5
3,0;4,47;-1,47
5,0;4,37;0,63
2,0;1,91;0,09
5,0;4,51;0,49
5,0;4,12;0,88
5,0;4,02;0,98
5,0;4,77;0,23
4,0;4,23;-0,23
4,0;4,56;-0,56
1,0;2,08;-1,08
5,0;4,91;0,09
5,0;4,86;0,14
5,0;4,5;0,5
5,0;4,59;0,41
1,0;1,21;-0,21
5,0;4,41;0,59
5,0;1,91;3,09
0,0;4,21;-4,21
5,0;0,86;4,14
5,0;4,11;0,89
5,0;4,08;0,92
5,0;4,8;0,2
1,0;1,23;-0,23
5,0;4,29;0,71
3,0;4,41;-1,41
4,0;3,77;0,23
1,0;3,3;-2,3
5,0;4,14;0,86
4,0;3,8;0,2
5,0;4,85;0,15
4,0;4,03;-0,03
5,0;4,3;0,7
5,0;4,58;0,42
5,0;4,56;0,44
3,0;4,8;-1,8
2,0;4,39;-2,39
5,0;4,46;0,54
1,0;3,52;-2,52
5,0;4,61;0,39
5,0;4,22;0,78
5,0;4,6;0,4
3,0;3,81;-0,81
5,0;3,86;1,14
5,0;3,11;1,89
1,0;4,29;-3,29
3,0;4,19;-1,19
5,0;4,42;0,58
1,0;4,23;-3,23
5,0;4,8;0,2
5,0;4,3;0,7
5,0;3,07;1,93
5,0;4,37;0,63
1,0;4,53;-3,53
5,0;4,07;0,93
5,0;4,54;0,46
5,0;4,15;0,85
5,0;4,51;0,49
1,0;3,86;-2,86
5,0;3,91;1,09
5,0;4,05;0,95
1,0;2,04;-1,04
3,0;4,82;-1,82
4,0;3,89;0,11
5,0;4,86;0,14
5,0;4,2;0,8
5,0;4,7;0,3
5,0;4,4;0,6
5,0;4,34;0,66
3,0;3,52;-0,52
4,0;4,21;-0,21
4,0;4,77;-0,77
4,0;4,78;-0,78
5,0;4,1;0,9
4,0;3,72;0,28
3,0;4,64;-1,64
5,0;4,57;0,43
5,0;4,81;0,19
5,0;4,84;0,16
4,0;4,45;-0,45
1,0;1,6;-0,6
5,0;4,13;0,87
5,0;3,65;1,35
5,0;4,43;0,57
4,0;4,59;-0,59
5,0;4,64;0,36
5,0;3,47;1,53
5,0;4,99;0,01
1,0;2,7;-1,7
5,0;4,53;0,47
5,0;4,17;0,83
5,0;3,88;1,12
4,0;4,17;-0,17
4,0;1,23;2,77
4,0;4,24;-0,24
2,0;4,38;-2,38
2,0;3,77;-1,77
5,0;4,06;0,94
5,0;4,15;0,85
3,0;4,2;-1,2
3,0;4,74;-1,74
1,0;4,26;-3,26
5,0;4,6;0,4
4,0;3,62;0,38
5,0;4,46;0,54
1,0;2,19;-1,19
1,0;4,35;-3,35
5,0;4,01;0,99
3,0;3,87;-0,87
4,0;4,78;-0,78
3,0;3,68;-0,68
5,0;4,57;0,43
3,0;4,06;-1,06
5,0;4,7;0,3
4,0;4,46;-0,46
4,0;3,66;0,34
5,0;4,82;0,18
5,0;3,15;1,85
3,0;4,63;-1,63
5,0;3,4;1,6
1,0;4,81;-3,81
1,0;3,98;-2,98
2,0;1,74;0,26
5,0;5,0;0,0
5,0;4,71;0,29
5,0;4,18;0,82
4,0;3,95;0,05
5,0;4,35;0,65
1,0;4,12;-3,12
3,0;4,64;-1,64
1,0;4,14;-3,14
4,0;3,17;0,83
4,0;4,65;-0,65
5,0;4,77;0,23
3,0;3,43;-0,43
5,0;4,64;0,36
5,0;3,95;1,05
1,0;1,95;-0,95
3,0;4,51;-1,51
4,0;4,46;-0,46
2,0;4,06;-2,06
5,0;4,49;0,51
5,0;3,78;1,22
5,0;4,7;0,3
1,0;4,5;-3,5
4,0;4,22;-0,22
4,0;3,87;0,13
4,0;4,04;-0,04
5,0;4,82;0,18
5,0;4,23;0,77
5,0;3,67;1,33
5,0;4,84;0,16
4,0;3,5;0,5
5,0;3,67;1,33
2,0;3,01;-1,01
5,0;3,84;1,16
4,0;4,32;-0,32
5,0;3,64;1,36
3,0;4,98;-1,98
5,0;4,47;0,53
4,0;4,99;-0,99
5,0;5,0;0,0
5,0;3,62;1,38
1,0;1,27;-0,27
5,0;4,94;0,06
5,0;4,97;0,03
5,0;4,9;0,1
5,0;4,05;0,95
5,0;4,27;0,73
5,0;4,64;0,36
5,0;4,55;0,45
5,0;4,51;0,49
4,0;4,78;-0,78
5,0;4,31;0,69
5,0;4,14;0,86
4,0;3,35;0,65
5,0;4,51;0,49
4,0;3,66;0,34
5,0;4,45;0,55
5,0;4,26;0,74
5,0;3,62;1,38
5,0;3,45;1,55
4,0;4,67;-0,67
1,0;4,29;-3,29
5,0;4,34;0,66
5,0;4,27;0,73
5,0;3,94;1,06
1,0;4,23;-3,23
5,0;4,42;0,58
4,0;4,36;-0,36
5,0;4,72;0,28
3,0;4,56;-1,56
5,0;3,62;1,38
1,0;3,37;-2,37
5,0;4,82;0,18
5,0;4,45;0,55
5,0;4,53;0,47
4,0;3,72;0,28
5,0;4,42;0,58
5,0;4,98;0,02
4,0;4,74;-0,74
4,0;4,08;-0,08
5,0;4,5;0,5
5,0;3,81;1,19
5,0;4,94;0,06
5,0;4,66;0,34
5,0;3,83;1,17
5,0;2,79;2,21
4,0;4,72;-0,72
5,0;4,26;0,74
4,0;4,64;-0,64
5,0;4,9;0,1
5,0;4,13;0,87
4,0;4,17;-0,17
4,0;4,85;-0,85
5,0;4,2;0,8
3,0;3,6;-0,6
5,0;4,09;0,91
1,0;2,21;-1,21
1,0;4,05;-3,05
5,0;2,32;2,68
5,0;4,03;0,97
4,0;4,79;-0,79
5,0;4,35;0,65
4,0;4,57;-0,57
4,0;4,62;-0,62
5,0;4,26;0,74
5,0;4,8;0,2
5,0;3,76;1,24
5,0;4,27;0,73
5,0;4,87;0,13
5,0;4,68;0,32
5,0;4,85;0,15
2,0;2,0;0,0
4,0;4,6;-0,6
3,0;3,14;-0,14
4,0;4,21;-0,21
1,0;1,29;-0,29
4,0;3,94;0,06
4,0;4,14;-0,14
5,0;4,26;0,74
5,0;3,21;1,79
5,0;4,2;0,8
4,0;4,7;-0,7
5,0;4,38;0,62
3,0;4,24;-1,24
5,0;4,48;0,52
5,0;3,03;1,97
3,0;4,4;-1,4
5,0;3,3;1,7
5,0;4,0;1,0
5,0;4,74;0,26
3,0;3,77;-0,77
4,0;4,5;-0,5
4,6667;4,48;0,19
5,0;4,44;0,56
5,0;4,34;0,66
5,0;2,97;2,03
5,0;4,41;0,59
3,0;4,58;-1,58
5,0;4,19;0,81
5,0;4,1;0,9
1,0;4,0;-3,0
5,0;4,32;0,68
4,0;4,38;-0,38
4,0;4,7;-0,7
5,0;4,18;0,82
5,0;4,47;0,53
5,0;4,53;0,47
4,0;3,73;0,27
5,0;4,4;0,6
5,0;4,03;0,97
5,0;4,36;0,64
4,0;3,86;0,14
0,0;4,16;-4,16
2,0;2,83;-0,83
5,0;4,76;0,24
5,0;4,88;0,12
2,0;4,11;-2,11
1,0;3,64;-2,64
5,0;4,84;0,16
4,0;3,8;0,2
2,0;4,88;-2,88
5,0;4,3;0,7
5,0;4,29;0,71
5,0;4,32;0,68
5,0;4,99;0,01
1,0;2,3;-1,3
4,0;2,42;1,58
1,0;2,95;-1,95
1,0;1,73;-0,73
5,0;4,88;0,12
5,0;1,43;3,57
5,0;3,98;1,02
4,0;4,87;-0,87
5,0;4,3;0,7
5,0;4,99;0,01
3,0;4,22;-1,22
4,0;4,5;-0,5
5,0;4,36;0,64
5,0;4,51;0,49
0,0;3,14;-3,14
5,0;4,05;0,95
5,0;4,93;0,07
1,0;4,52;-3,52
5,0;3,98;1,02
4,8;3,11;1,69
5,0;4,89;0,11
3,0;3,73;-0,73
5,0;4,55;0,45
4,0;4,32;-0,32
5,0;4,6;0,4
5,0;3,85;1,15
5,0;4,21;0,79
3,0;4,89;-1,89
5,0;3,66;1,34
4,0;3,76;0,24
2,0;4,84;-2,84
4,0;4,09;-0,09
3,0;4,76;-1,76
1,0;4,03;-3,03
5,0;4,82;0,18
5,0;3,1;1,9
5,0;4,31;0,69
2,0;3,51;-1,51
5,0;4,53;0,47
2,0;2,71;-0,71
5,0;3,45;1,55
5,0;3,42;1,58
5,0;3,51;1,49
5,0;4,66;0,34
5,0;3,79;1,21
5,0;4,97;0,03
1,0;1,6;-0,6
4,0;4,0;0,0
5,0;4,86;0,14
4,0;4,11;-0,11
4,0;3,61;0,39
4,0;4,13;-0,13
5,0;4,39;0,61
5,0;2,43;2,57
4,0;4,73;-0,73
4,0;3,93;0,07
4,0;1,75;2,25
5,0;4,09;0,91
5,0;3,2;1,8
5,0;3,95;1,05
4,0;4,9;-0,9
5,0;4,2;0,8
2,0;3,82;-1,82
5,0;4,14;0,86
5,0;4,15;0,85
5,0;4,5;0,5
5,0;4,51;0,49
1,0;3,01;-2,01
5,0;4,59;0,41
5,0;4,62;0,38
5,0;3,63;1,37
5,0;4,34;0,66
5,0;4,92;0,08
1,0;1,33;-0,33
5,0;4,48;0,52
1,0;4,71;-3,71
5,0;4,46;0,54
5,0;3,53;1,47
1,0;1,96;-0,96
3,0;4,6;-1,6
5,0;4,75;0,25
5,0;3,41;1,59
5,0;3,66;1,34
5,0;3,52;1,48
3,0;4,38;-1,38
5,0;4,83;0,17
5,0;4,19;0,81
5,0;4,37;0,63
5,0;3,69;1,31
4,0;4,74;-0,74
3,0;3,8;-0,8
4,0;4,92;-0,92
5,0;4,68;0,32
4,0;4,39;-0,39
5,0;4,26;0,74
3,0;4,56;-1,56
5,0;4,78;0,22
5,0;4,11;0,89
5,0;4,54;0,46
4,0;4,4;-0,4
1,0;1,9;-0,9
3,0;4,15;-1,15
5,0;4,58;0,42
5,0;4,51;0,49
5,0;4,93;0,07
5,0;4,2;0,8
5,0;4,42;0,58
4,0;3,98;0,02
2,0;4,55;-2,55
0,0;3,95;-3,95
5,0;4,39;0,61
3,0;2,85;0,15
2,0;4,58;-2,58
5,0;4,22;0,78
5,0;1,39;3,61
5,0;4,12;0,88
2,0;4,04;-2,04
5,0;4,68;0,32
4,0;4,5;-0,5
3,0;4,71;-1,71
4,0;4,81;-0,81
1,0;3,14;-2,14
3,0;4,13;-1,13
5,0;3,56;1,44
3,0;4,08;-1,08
2,0;1,49;0,51
5,0;3,71;1,29
1,0;3,12;-2,12
5,0;3,19;1,81
5,0;4,02;0,98
5,0;4,08;0,92
5,0;4,16;0,84
3,0;4,77;-1,77
5,0;4,11;0,89
4,0;3,72;0,28
5,0;4,14;0,86
5,0;4,15;0,85
5,0;4,67;0,33
5,0;4,72;0,28
5,0;4,43;0,57
5,0;4,29;0,71
3,0;3,26;-0,26
5,0;3,29;1,71
4,0;3,81;0,19
4,0;4,48;-0,48
3,0;4,22;-1,22
1,0;3,86;-2,86
5,0;4,83;0,17
5,0;3,79;1,21
5,0;4,13;0,87
5,0;4,71;0,29
5,0;3,06;1,94
3,5;3,81;-0,31
3,0;3,91;-0,91
5,0;3,76;1,24
4,0;4,67;-0,67
5,0;1,4;3,6
4,0;4,98;-0,98
1,0;1,41;-0,41
3,0;2,88;0,12
5,0;3,77;1,23
5,0;4,53;0,47
4,0;3,69;0,31
5,0;4,0;1,0
5,0;4,1;0,9
5,0;4,52;0,48
5,0;4,09;0,91
4,0;4,82;-0,82
5,0;3,27;1,73
5,0;4,1;0,9
4,0;4,45;-0,45
5,0;4,16;0,84
1,0;4,72;-3,72
5,0;4,0;1,0
4,0;4,36;-0,36
3,0;2,7;0,3
3,0;1,42;1,58
5,0;4,8;0,2
5,0;4,03;0,97
4,0;3,77;0,23
5,0;4,94;0,06
4,0;3,72;0,28
4,0;3,87;0,13
5,0;4,74;0,26
4,0;4,47;-0,47
5,0;4,91;0,09
5,0;4,42;0,58
4,0;4,45;-0,45
5,0;4,05;0,95
3,0;3,3;-0,3
4,0;3,99;0,01
5,0;4,07;0,93
5,0;3,99;1,01
3,0;4,1;-1,1
3,0;2,66;0,34
5,0;4,04;0,96
5,0;4,25;0,75
4,0;4,61;-0,61
3,0;4,24;-1,24
3,0;4,69;-1,69
5,0;4,56;0,44
4,0;4,17;-0,17
5,0;4,03;0,97
5,0;4,45;0,55
3,6667;4,32;-0,65
1,0;4,52;-3,52
5,0;4,2;0,8
4,0;4,28;-0,28
4,0;4,24;-0,24
5,0;3,81;1,19
1,0;3,41;-2,41
3,0;1,97;1,03
5,0;4,29;0,71
5,0;3,84;1,16
1,0;4,25;-3,25
5,0;2,93;2,07
5,0;4,77;0,23
3,0;3,65;-0,65
2,0;3,62;-1,62
5,0;4,47;0,53
5,0;3,6;1,4
5,0;4,61;0,39
5,0;3,46;1,54
5,0;3,7;1,3
5,0;3,21;1,79
5,0;4,34;0,66
1,0;1,08;-0,08
5,0;4,67;0,33
5,0;2,08;2,92
5,0;4,53;0,47
5,0;2,16;2,84
5,0;4,1;0,9
3,0;4,71;-1,71
5,0;4,48;0,52
5,0;4,71;0,29
5,0;2,82;2,18
5,0;4,26;0,74
5,0;4,75;0,25
1,0;4,32;-3,32
0,0;2,98;-2,98
4,0;4,37;-0,37
4,0;4,8;-0,8
5,0;3,52;1,48
5,0;4,35;0,65
5,0;4,64;0,36
5,0;2,92;2,08
1,0;4,16;-3,16
3,0;4,86;-1,86
5,0;4,34;0,66
4,0;4,54;-0,54
4,0;4,57;-0,57
4,0;4,45;-0,45
3,0;4,44;-1,44
2,0;4,51;-2,51
1,0;4,53;-3,53
5,0;2,72;2,28
3,0;4,63;-1,63
4,0;4,44;-0,44
5,0;4,0;1,0
5,0;4,32;0,68
1,0;4,71;-3,71
5,0;4,86;0,14
5,0;4,79;0,21
4,0;2,71;1,29
5,0;4,54;0,46
5,0;4,63;0,37
1,0;4,75;-3,75
5,0;3,77;1,23
5,0;4,82;0,18
5,0;4,65;0,35
5,0;4,02;0,98
1,0;1,75;-0,75
2,0;2,85;-0,85
5,0;3,76;1,24
3,0;3,74;-0,74
5,0;4,79;0,21
5,0;4,04;0,96
5,0;4,56;0,44
1,0;3,33;-2,33
1,0;4,42;-3,42
5,0;4,76;0,24
5,0;4,14;0,86
5,0;4,43;0,57
4,0;4,18;-0,18
5,0;4,38;0,62
5,0;3,54;1,46
5,0;4,08;0,92
5,0;4,32;0,68
5,0;4,48;0,52
5,0;4,14;0,86
5,0;4,56;0,44
4,0;4,26;-0,26
2,0;3,7;-1,7
3,0;4,37;-1,37
5,0;3,92;1,08
5,0;4,21;0,79
5,0;4,34;0,66
4,0;4,62;-0,62
4,0;4,52;-0,52
3,0;3,81;-0,81
5,0;3,46;1,54
1,0;1,12;-0,12
5,0;4,11;0,89
5,0;1,05;3,95
5,0;4,84;0,16
4,0;3,79;0,21
1,0;2,28;-1,28
5,0;4,22;0,78
4,0;4,94;-0,94
4,0;3,77;0,23
5,0;4,26;0,74
4,0;3,95;0,05
1,0;4,9;-3,9
5,0;4,94;0,06
5,0;3,27;1,73
5,0;3,82;1,18
3,0;2,95;0,05
5,0;3,99;1,01
4,0;3,56;0,44
5,0;3,03;1,97
5,0;4,58;0,42
5,0;3,45;1,55
1,0;2,08;-1,08
4,0;4,65;-0,65
4,0;4,33;-0,33
4,0;4,82;-0,82
1,0;4,28;-3,28
3,0;3,6;-0,6
5,0;2,52;2,48
5,0;4,48;0,52
5,0;4,6;0,4
5,0;3,74;1,26
4,0;4,42;-0,42
5,0;3,86;1,14
5,0;4,74;0,26
4,0;4,85;-0,85
3,0;4,12;-1,12
5,0;4,92;0,08
5,0;4,73;0,27
4,0;3,12;0,88
4,0;4,62;-0,62
5,0;3,66;1,34
5,0;4,24;0,76
5,0;4,54;0,46
1,0;4,61;-3,61
5,0;3,87;1,13
5,0;4,35;0,65
5,0;4,4;0,6
5,0;4,26;0,74
5,0;2,86;2,14
5,0;4,12;0,88
4,0;4,25;-0,25
5,0;3,46;1,54
5,0;3,82;1,18
5,0;4,17;0,83
5,0;4,07;0,93
1,0;4,37;-3,37
5,0;4,08;0,92
5,0;4,63;0,37
5,0;4,38;0,62
5,0;4,92;0,08
4,0;4,32;-0,32
5,0;3,78;1,22
5,0;4,96;0,04
4,0;4,91;-0,91
5,0;4,53;0,47
5,0;4,35;0,65
4,0;4,4;-0,4
5,0;4,5;0,5
5,0;4,27;0,73
5,0;4,15;0,85
4,0;4,31;-0,31
4,0;4,58;-0,58
4,0;4,85;-0,85
4,0;4,96;-0,96
5,0;3,96;1,04
5,0;4,52;0,48
1,0;3,28;-2,28
5,0;4,87;0,13
5,0;4,2;0,8
5,0;3,4;1,6
2,0;4,74;-2,74
4,0;2,71;1,29
4,0;4,75;-0,75
5,0;4,01;0,99
5,0;3,97;1,03
4,0;4,15;-0,15
1,0;4,78;-3,78
5,0;4,33;0,67
4,0;4,6;-0,6
5,0;4,93;0,07
3,0;3,97;-0,97
5,0;4,31;0,69
4,0;4,66;-0,66
5,0;4,93;0,07
3,0;4,22;-1,22
5,0;4,78;0,22
5,0;1,79;3,21
5,0;4,74;0,26
5,0;4,94;0,06
5,0;4,17;0,83
5,0;4,56;0,44
5,0;4,1;0,9
4,0;4,49;-0,49
5,0;4,01;0,99
5,0;3,85;1,15
5,0;4,62;0,38
5,0;4,83;0,17
3,0;4,16;-1,16
5,0;3,65;1,35
3,0;2,73;0,27
1,0;3,6;-2,6
3,0;4,41;-1,41
5,0;3,62;1,38
5,0;4,41;0,59
5,0;4,69;0,31
3,0;2,86;0,14
5,0;4,13;0,87
4,0;3,49;0,51
5,0;4,43;0,57
5,0;4,86;0,14
5,0;3,91;1,09
5,0;4,7;0,3
4,0;4,5;-0,5
5,0;3,88;1,12
1,0;1,62;-0,62
1,0;2,55;-1,55
4,0;1,24;2,76
3,0;4,43;-1,43
5,0;4,34;0,66
4,0;4,75;-0,75
4,0;4,73;-0,73
4,0;4,7;-0,7
1,0;4,68;-3,68
5,0;3,92;1,08
5,0;4,07;0,93
4,0;3,94;0,06
5,0;3,99;1,01
5,0;4,08;0,92
5,0;4,93;0,07
4,0;3,95;0,05
5,0;4,27;0,73
3,0;4,77;-1,77
5,0;4,04;0,96
5,0;4,92;0,08
5,0;4,08;0,92
5,0;4,42;0,58
5,0;4,85;0,15
5,0;4,21;0,79
5,0;4,81;0,19
2,0;4,47;-2,47
4,0;4,19;-0,19
5,0;4,89;0,11
5,0;4,45;0,55
1,0;4,56;-3,56
1,0;4,45;-3,45
5,0;4,35;0,65
5,0;4,2;0,8
5,0;4,99;0,01
5,0;3,0;2,0
5,0;4,39;0,61
5,0;4,06;0,94
5,0;4,16;0,84
5,0;4,59;0,41
5,0;4,69;0,31
5,0;2,86;2,14
4,0;4,82;-0,82
5,0;4,15;0,85
5,0;3,66;1,34
5,0;2,14;2,86
5,0;3,5;1,5
5,0;4,82;0,18
4,0;4,19;-0,19
5,0;4,35;0,65
5,0;4,57;0,43
1,0;1,16;-0,16
5,0;1,87;3,13
5,0;4,48;0,52
5,0;3,97;1,03
4,0;3,92;0,08
4,0;3,51;0,49
1,0;2,66;-1,66
4,0;3,54;0,46
4,0;3,4;0,6
5,0;4,69;0,31
5,0;3,13;1,87
5,0;4,36;0,64
4,0;4,82;-0,82
5,0;4,72;0,28
1,0;3,65;-2,65
5,0;4,3;0,7
4,0;4,96;-0,96
1,0;4,28;-3,28
2,0;4,3;-2,3
5,0;3,9;1,1
3,0;3,97;-0,97
5,0;3,69;1,31
5,0;3,68;1,32
5,0;4,55;0,45
3,0;3,54;-0,54
5,0;4,0;1,0
5,0;4,54;0,46
1,0;2,72;-1,72
5,0;4,33;0,67
4,0;3,44;0,56
5,0;4,29;0,71
5,0;4,24;0,76
5,0;4,51;0,49
3,0;4,25;-1,25
5,0;4,31;0,69
3,0;3,75;-0,75
1,0;4,03;-3,03
5,0;4,03;0,97
5,0;4,32;0,68
5,0;4,54;0,46
5,0;4,17;0,83
5,0;4,37;0,63
4,0;3,75;0,25
5,0;4,44;0,56
5,0;4,43;0,57
5,0;4,94;0,06
5,0;4,4;0,6
4,0;4,72;-0,72
5,0;3,97;1,03
5,0;4,18;0,82
1,0;3,47;-2,47
3,0;4,87;-1,87
5,0;4,71;0,29
4,0;4,87;-0,87
5,0;4,06;0,94
5,0;4,32;0,68
5,0;3,2;1,8
1,0;3,33;-2,33
5,0;3,82;1,18
5,0;3,74;1,26
5,0;4,09;0,91
5,0;4,38;0,62
5,0;4,43;0,57
5,0;2,1;2,9
5,0;4,48;0,52
5,0;3,39;1,61
4,0;4,13;-0,13
4,0;4,0;0,0
1,0;3,81;-2,81
5,0;4,23;0,77
5,0;4,21;0,79
3,0;4,84;-1,84
5,0;3,41;1,59
5,0;4,59;0,41
5,0;3,51;1,49
2,0;4,44;-2,44
5,0;3,97;1,03
1,0;4,19;-3,19
4,0;4,94;-0,94
4,0;3,36;0,64
5,0;4,77;0,23
5,0;3,8;1,2
4,0;3,13;0,87
5,0;4,02;0,98
5,0;4,32;0,68
5,0;4,63;0,37
4,0;4,26;-0,26
5,0;2,82;2,18
5,0;3,37;1,63
5,0;4,2;0,8
5,0;4,75;0,25
5,0;4,54;0,46
5,0;4,15;0,85
4,0;3,84;0,16
5,0;4,25;0,75
1,0;1,06;-0,06
4,0;4,76;-0,76
2,0;4,84;-2,84
5,0;4,7;0,3
5,0;4,19;0,81
4,0;2,82;1,18
1,0;2,18;-1,18
1,0;4,56;-3,56
5,0;4,86;0,14
4,0;4,59;-0,59
2,0;2,03;-0,03
4,0;4,37;-0,37
4,0;4,08;-0,08
1,0;1,58;-0,58
5,0;3,67;1,33
5,0;4,43;0,57
5,0;2,13;2,87
5,0;4,78;0,22
4,0;4,28;-0,28
5,0;3,67;1,33
5,0;4,17;0,83
1,0;3,0;-2,0
4,0;4,15;-0,15
4,0;4,89;-0,89
3,0;4,04;-1,04
3,0;4,22;-1,22
4,0;2,92;1,08
5,0;1,32;3,68
4,0;4,5;-0,5
1,0;4,52;-3,52
3,0;4,41;-1,41
5,0;4,39;0,61
5,0;4,2;0,8
3,0;1,66;1,34
5,0;4,73;0,27
5,0;4,39;0,61
5,0;4,75;0,25
5,0;4,67;0,33
4,0;4,51;-0,51
5,0;4,42;0,58
5,0;3,67;1,33
0,0;4,51;-4,51
5,0;4,71;0,29
4,0;4,22;-0,22
5,0;4,22;0,78
5,0;4,25;0,75
5,0;4,89;0,11
5,0;4,49;0,51
5,0;3,67;1,33
0,0;4,5;-4,5
4,0;3,86;0,14
3,0;3,78;-0,78
5,0;3,64;1,36
5,0;4,64;0,36
3,0;4,51;-1,51
1,0;3,96;-2,96
5,0;4,7;0,3
4,0;2,84;1,16
3,0;4,5;-1,5
4,0;3,25;0,75
5,0;4,92;0,08
4,0;4,52;-0,52
5,0;4,85;0,15
3,0;1,61;1,39
1,0;1,64;-0,64
5,0;3,98;1,02
4,0;4,54;-0,54
5,0;4,69;0,31
5,0;4,74;0,26
5,0;3,84;1,16
5,0;3,46;1,54
5,0;3,02;1,98
1,0;1,6;-0,6
4,0;4,32;-0,32
4,0;3,3;0,7
4,0;4,16;-0,16
1,0;2,09;-1,09
5,0;4,47;0,53
5,0;4,66;0,34
5,0;3,38;1,62
5,0;4,49;0,51
5,0;4,91;0,09
4,0;4,87;-0,87
4,0;3,24;0,76
5,0;4,86;0,14
5,0;3,9;1,1
1,0;1,06;-0,06
5,0;4,6;0,4
5,0;3,66;1,34
5,0;4,69;0,31
4,0;4,36;-0,36
1,0;3,23;-2,23
4,0;4,3;-0,3
4,0;4,47;-0,47
5,0;4,56;0,44
5,0;4,59;0,41
5,0;4,3;0,7
5,0;4,8;0,2
5,0;2,91;2,09
5,0;1,1;3,9
5,0;4,61;0,39
4,0;4,36;-0,36
3,0;4,33;-1,33
5,0;4,13;0,87
5,0;3,98;1,02
5,0;4,71;0,29
5,0;4,84;0,16
4,0;4,39;-0,39
5,0;4,28;0,72
5,0;4,5;0,5
1,0;1,44;-0,44
5,0;4,44;0,56
1,0;1,34;-0,34
4,0;4,55;-0,55
3,0;4,87;-1,87
5,0;2,98;2,02
5,0;3,52;1,48
3,0;4,36;-1,36
4,0;2,49;1,51
4,0;4,22;-0,22
4,0;3,96;0,04
5,0;4,7;0,3
5,0;4,61;0,39
5,0;4,55;0,45
4,0;4,15;-0,15
5,0;4,09;0,91
4,0;3,92;0,08
5,0;3,55;1,45
5,0;4,42;0,58
1,0;4,7;-3,7
2,0;3,68;-1,68
1,0;1,95;-0,95
4,0;4,03;-0,03
5,0;4,51;0,49
1,0;1,32;-0,32
5,0;4,65;0,35
5,0;4,47;0,53
5,0;4,74;0,26
4,0;1,8;2,2
5,0;2,82;2,18
4,0;3,8;0,2
5,0;4,34;0,66
5,0;4,0;1,0
3,0;3,39;-0,39
5,0;4,22;0,78
5,0;4,71;0,29
5,0;3,92;1,08
1,0;1,25;-0,25
5,0;4,98;0,02
5,0;4,07;0,93
5,0;4,78;0,22
5,0;4,31;0,69
2,0;3,98;-1,98
5,0;3,67;1,33
4,0;4,06;-0,06
4,0;4,54;-0,54
5,0;1,68;3,32
5,0;2,63;2,37
4,0;4,56;-0,56
5,0;4,93;0,07
1,0;1,2;-0,2
5,0;4,03;0,97
5,0;4,14;0,86
5,0;4,62;0,38
1,0;3,63;-2,63
5,0;4,83;0,17
5,0;3,68;1,32
4,0;4,82;-0,82
5,0;4,53;0,47
2,0;4,45;-2,45
5,0;4,98;0,02
5,0;2,34;2,66
5,0;4,55;0,45
5,0;4,91;0,09
2,0;3,91;-1,91
5,0;4,75;0,25
4,0;3,7;0,3
5,0;4,68;0,32
4,0;4,97;-0,97
5,0;4,76;0,24
5,0;4,78;0,22
5,0;3,11;1,89
5,0;4,38;0,62
5,0;4,56;0,44
5,0;3,96;1,04
5,0;2,8;2,2
5,0;3,18;1,82
1,0;4,47;-3,47
5,0;4,95;0,05
5,0;4,64;0,36
4,0;3,7;0,3
5,0;4,5;0,5
4,0;4,56;-0,56
0,0;4,5;-4,5
5,0;4,11;0,89
5,0;4,39;0,61
5,0;4,56;0,44
5,0;4,45;0,55
5,0;4,34;0,66
5,0;3,23;1,77
1,0;3,25;-2,25
4,0;4,81;-0,81
3,0;4,42;-1,42
3,0;4,61;-1,61
5,0;4,68;0,32
5,0;4,17;0,83
1,0;4,76;-3,76
5,0;4,66;0,34
5,0;3,64;1,36
4,0;2,87;1,13
2,0;4,58;-2,58
3,0;4,78;-1,78
5,0;4,73;0,27
1,0;4,12;-3,12
4,0;3,58;0,42
5,0;4,13;0,87
1,0;4,29;-3,29
4,0;4,46;-0,46
5,0;4,23;0,77
5,0;4,75;0,25
5,0;2,44;2,56
4,0;4,86;-0,86
1,0;3,6;-2,6
4,0;4,78;-0,78
3,0;3,89;-0,89
5,0;4,07;0,93
4,0;4,56;-0,56
5,0;3,68;1,32
5,0;3,7;1,3
5,0;4,59;0,41
4,0;4,66;-0,66
4,0;3,15;0,85
5,0;3,53;1,47
5,0;2,29;2,71
5,0;4,32;0,68
5,0;3,28;1,72
5,0;4,53;0,47
4,0;4,49;-0,49
5,0;4,02;0,98
4,0;4,3;-0,3
3,0;1,5;1,5
3,0;4,25;-1,25
5,0;4,66;0,34
4,0;1,76;2,24
5,0;4,5;0,5
5,0;4,16;0,84
5,0;4,21;0,79
5,0;4,14;0,86
5,0;4,58;0,42
5,0;4,9;0,1
5,0;4,31;0,69
5,0;4,18;0,82
3,0;4,77;-1,77
5,0;4,23;0,77
5,0;4,59;0,41
5,0;4,43;0,57
5,0;2,58;2,42
4,0;4,87;-0,87
5,0;4,25;0,75
1,0;3,85;-2,85
5,0;3,41;1,59
5,0;4,29;0,71
5,0;4,34;0,66
4,0;3,61;0,39
2,0;3,74;-1,74
1,0;3,42;-2,42
1,0;4,64;-3,64
5,0;4,41;0,59
5,0;4,57;0,43
3,0;3,15;-0,15
5,0;3,98;1,02
5,0;4,51;0,49
4,0;3,83;0,17
5,0;4,55;0,45
5,0;3,85;1,15
5,0;5,0;0,0
5,0;4,89;0,11
3,0;1,14;1,86
5,0;4,6;0,4
5,0;4,38;0,62
4,0;4,17;-0,17
5,0;4,09;0,91
5,0;4,55;0,45
5,0;3,56;1,44
1,0;4,96;-3,96
5,0;4,66;0,34
4,0;3,6;0,4
4,0;4,52;-0,52
3,0;4,22;-1,22
5,0;4,17;0,83
5,0;4,53;0,47
1,0;3,62;-2,62
5,0;3,2;1,8
5,0;3,35;1,65
5,0;4,28;0,72
5,0;4,62;0,38
5,0;4,58;0,42
5,0;4,81;0,19
5,0;4,58;0,42
2,0;3,98;-1,98
5,0;4,76;0,24
5,0;4,01;0,99
4,0;4,3;-0,3
3,0;4,14;-1,14
5,0;4,64;0,36
5,0;4,51;0,49
5,0;4,44;0,56
5,0;4,43;0,57
5,0;4,38;0,62
5,0;4,32;0,68
4,0;4,06;-0,06
5,0;4,59;0,41
5,0;2,74;2,26
5,0;4,29;0,71
5,0;4,34;0,66
5,0;3,84;1,16
4,0;3,76;0,24
5,0;4,26;0,74
4,0;4,51;-0,51
5,0;1,5;3,5
5,0;4,11;0,89
5,0;4,5;0,5
3,0;1,92;1,08
5,0;4,53;0,47
4,0;4,58;-0,58
5,0;3,27;1,73
3,0;3,14;-0,14
5,0;4,53;0,47
5,0;4,95;0,05
5,0;4,72;0,28
4,0;4,44;-0,44
4,0;4,66;-0,66
4,0;3,45;0,55
5,0;4,18;0,82
5,0;3,11;1,89
4,0;4,16;-0,16
5,0;4,66;0,34
5,0;3,62;1,38
5,0;3,67;1,33
4,0;4,86;-0,86
3,0;4,23;-1,23
5,0;4,53;0,47
5,0;4,81;0,19
4,0;4,47;-0,47
5,0;4,44;0,56
4,0;4,0;0,0
5,0;4,23;0,77
5,0;4,59;0,41
5,0;4,59;0,41
4,0;4,21;-0,21
3,0;3,82;-0,82
5,0;4,4;0,6
5,0;4,83;0,17
2,0;4,62;-2,62
5,0;4,24;0,76
4,0;5,0;-1,0
5,0;4,05;0,95
4,0;4,65;-0,65
4,5;3,77;0,73
1,0;4,18;-3,18
4,0;4,43;-0,43
5,0;4,19;0,81
5,0;4,0;1,0
1,0;1,6;-0,6
5,0;4,16;0,84
4,0;4,44;-0,44
5,0;4,64;0,36
1,0;1,26;-0,26
5,0;4,81;0,19
5,0;4,65;0,35
4,0;4,41;-0,41
5,0;2,94;2,06
3,0;4,74;-1,74
5,0;4,44;0,56
5,0;4,24;0,76
5,0;4,57;0,43
4,0;4,78;-0,78
5,0;4,4;0,6
5,0;3,46;1,54
5,0;3,62;1,38
5,0;3,96;1,04
5,0;4,28;0,72
5,0;4,78;0,22
5,0;4,63;0,37
3,0;4,86;-1,86
3,0;4,9;-1,9
5,0;1,24;3,76
5,0;4,76;0,24
5,0;3,73;1,27
4,0;3,59;0,41
5,0;3,8;1,2
4,0;4,72;-0,72
4,0;1,29;2,71
5,0;4,77;0,23
1,0;1,77;-0,77
5,0;4,41;0,59
4,0;4,58;-0,58
3,0;4,46;-1,46
5,0;4,35;0,65
1,0;1,21;-0,21
5,0;3,74;1,26
1,0;1,74;-0,74
5,0;4,16;0,84
4,0;4,34;-0,34
3,0;4,75;-1,75
5,0;3,9;1,1
4,0;4,65;-0,65
4,0;4,01;-0,01
4,0;4,42;-0,42
3,0;4,71;-1,71
4,0;4,83;-0,83
1,0;3,99;-2,99
4,0;4,17;-0,17
4,0;2,58;1,42
2,0;1,5;0,5
5,0;3,97;1,03
5,0;4,4;0,6
1,0;4,59;-3,59
1,0;3,67;-2,67
5,0;4,72;0,28
5,0;3,5;1,5
5,0;2,96;2,04
5,0;4,27;0,73
4,0;4,41;-0,41
5,0;4,75;0,25
0,0;3,64;-3,64
4,0;3,09;0,91
1,0;1,63;-0,63
5,0;4,31;0,69
5,0;3,94;1,06
2,0;4,34;-2,34
5,0;4,64;0,36
5,0;4,8;0,2
5,0;4,18;0,82
4,0;3,83;0,17
5,0;4,27;0,73
4,0;4,7;-0,7
2,0;4,24;-2,24
1,0;4,12;-3,12
5,0;4,22;0,78
5,0;4,02;0,98
5,0;3,72;1,28
3,0;4,04;-1,04
5,0;4,25;0,75
4,0;4,84;-0,84
5,0;4,44;0,56
3,0;4,42;-1,42
4,0;3,22;0,78
1,0;4,64;-3,64
4,0;4,28;-0,28
4,0;4,32;-0,32
4,0;4,77;-0,77
5,0;4,41;0,59
4,0;4,04;-0,04
5,0;4,62;0,38
1,0;2,22;-1,22
5,0;1,46;3,54
5,0;4,54;0,46
5,0;4,97;0,03
4,0;4,44;-0,44
5,0;4,67;0,33
3,0;3,96;-0,96
4,0;4,28;-0,28
5,0;4,66;0,34
5,0;3,26;1,74
5,0;3,36;1,64
5,0;4,51;0,49
1,0;4,47;-3,47
3,0;4,92;-1,92
5,0;3,2;1,8
5,0;3,1;1,9
5,0;2,7;2,3
5,0;4,66;0,34
5,0;4,62;0,38
1,0;1,67;-0,67
4,0;4,38;-0,38
5,0;4,24;0,76
4,0;4,1;-0,1
5,0;3,96;1,04
4,0;3,3;0,7
4,0;4,36;-0,36
2,0;1,09;0,91
4,0;4,04;-0,04
5,0;3,76;1,24
5,0;4,49;0,51
3,0;4,28;-1,28
5,0;4,28;0,72
4,0;4,44;-0,44
5,0;4,23;0,77
4,0;4,27;-0,27
5,0;3,73;1,27
3,0;4,63;-1,63
5,0;4,44;0,56
5,0;4,27;0,73
5,0;4,41;0,59
2,0;1,1;0,9
4,0;4,44;-0,44
5,0;3,6;1,4
5,0;4,04;0,96
5,0;4,75;0,25
5,0;4,94;0,06
4,0;4,35;-0,35
5,0;4,74;0,26
3,0;4,94;-1,94
4,0;4,73;-0,73
5,0;4,69;0,31
3,0;3,95;-0,95
5,0;4,58;0,42
5,0;4,65;0,35
5,0;4,02;0,98
5,0;4,78;0,22
5,0;4,02;0,98
3,0;4,65;-1,65
5,0;4,39;0,61
2,0;4,55;-2,55
5,0;4,81;0,19
3,0;4,47;-1,47
4,0;4,25;-0,25
5,0;2,29;2,71
5,0;4,63;0,37
5,0;4,45;0,55
4,0;3,74;0,26
5,0;4,88;0,12
1,0;1,31;-0,31
3,0;4,22;-1,22
4,0;4,2;-0,2
1,0;2,61;-1,61
4,0;4,71;-0,71
5,0;4,0;1,0
1,0;4,48;-3,48
5,0;4,64;0,36
5,0;4,13;0,87
4,0;4,97;-0,97
5,0;3,66;1,34
5,0;4,7;0,3
5,0;3,54;1,46
5,0;3,55;1,45
5,0;3,94;1,06
4,0;4,27;-0,27
5,0;4,41;0,59
5,0;2,16;2,84
1,0;3,79;-2,79
5,0;4,27;0,73
5,0;4,0;1,0
5,0;3,96;1,04
5,0;4,89;0,11
5,0;4,7;0,3
5,0;4,22;0,78
5,0;4,38;0,62
5,0;3,59;1,41
5,0;4,09;0,91
5,0;4,18;0,82
5,0;3,8;1,2
3,0;3,36;-0,36
4,0;2,44;1,56
5,0;2,95;2,05
4,5;4,42;0,08
5,0;4,54;0,46
5,0;4,49;0,51
1,0;4,19;-3,19
5,0;4,89;0,11
3,0;3,81;-0,81
3,0;3,9;-0,9
2,0;4,98;-2,98
1,0;3,99;-2,99
4,0;3,5;0,5
4,0;4,99;-0,99
5,0;3,89;1,11
4,0;4,25;-0,25
4,0;3,98;0,02
3,0;4,78;-1,78
5,0;4,84;0,16
4,0;4,51;-0,51
5,0;4,57;0,43
5,0;4,77;0,23
5,0;4,82;0,18
4,0;4,19;-0,19
5,0;4,05;0,95
5,0;4,16;0,84
5,0;3,88;1,12
3,0;4,81;-1,81
5,0;4,88;0,12
5,0;4,05;0,95
4,0;4,77;-0,77
5,0;3,75;1,25
2,0;3,76;-1,76
5,0;3,26;1,74
5,0;1,69;3,31
5,0;3,93;1,07
4,0;4,31;-0,31
4,0;3,88;0,12
3,0;4,76;-1,76
5,0;4,96;0,04
4,0;3,48;0,52
4,0;3,3;0,7
5,0;4,06;0,94
5,0;4,49;0,51
5,0;4,13;0,87
4,0;3,52;0,48
5,0;4,14;0,86
5,0;3,85;1,15
5,0;4,12;0,88
4,0;3,47;0,53
4,0;4,2;-0,2
3,0;4,74;-1,74
5,0;4,69;0,31
4,0;3,88;0,12
5,0;4,56;0,44
5,0;3,68;1,32
5,0;4,72;0,28
4,0;3,69;0,31
3,0;4,04;-1,04
5,0;4,1;0,9
5,0;3,9;1,1
5,0;4,42;0,58
1,0;1,8;-0,8
1,0;2,71;-1,71
5,0;2,83;2,17
3,0;4,82;-1,82
5,0;2,46;2,54
5,0;4,06;0,94
1,0;2,6;-1,6
4,0;3,39;0,61
2,0;2,33;-0,33
5,0;4,64;0,36
5,0;4,44;0,56
5,0;4,75;0,25
5,0;4,6;0,4
5,0;3,94;1,06
1,0;4,35;-3,35
4,0;4,27;-0,27
5,0;2,63;2,37
4,0;4,22;-0,22
5,0;4,72;0,28
5,0;3,95;1,05
4,0;4,4;-0,4
5,0;3,81;1,19
5,0;3,82;1,18
2,0;4,17;-2,17
5,0;3,3;1,7
0,0;4,04;-4,04
4,0;4,21;-0,21
5,0;3,26;1,74
5,0;4,69;0,31
5,0;4,51;0,49
4,0;3,88;0,12
2,0;2,68;-0,68
4,0;4,28;-0,28
5,0;4,76;0,24
4,0;4,18;-0,18
4,0;4,59;-0,59
5,0;2,71;2,29
4,0;4,51;-0,51
5,0;4,82;0,18
5,0;3,6;1,4
1,0;2,99;-1,99
5,0;4,5;0,5
5,0;3,64;1,36
4,0;4,48;-0,48
3,0;2,06;0,94
4,0;4,41;-0,41
5,0;4,71;0,29
5,0;4,17;0,83
5,0;4,58;0,42
1,0;1,66;-0,66
5,0;4,56;0,44
5,0;3,94;1,06
5,0;4,2;0,8
4,0;4,94;-0,94
5,0;4,47;0,53
3,0;2,7;0,3
5,0;4,8;0,2
1,0;4,61;-3,61
5,0;4,68;0,32
4,0;1,53;2,47
4,0;4,35;-0,35
5,0;4,36;0,64
3,0;4,2;-1,2
3,0;4,37;-1,37
4,0;1,79;2,21
1,0;1,59;-0,59
5,0;4,58;0,42
5,0;4,51;0,49
5,0;4,0;1,0
5,0;5,0;0,0
5,0;4,4;0,6
5,0;4,28;0,72
5,0;4,76;0,24
4,0;4,37;-0,37
5,0;4,53;0,47
5,0;4,53;0,47
5,0;3,78;1,22
4,0;4,59;-0,59
5,0;4,16;0,84
5,0;3,97;1,03
2,5;4,38;-1,88
5,0;3,52;1,48
5,0;4,38;0,62
5,0;4,16;0,84
1,0;4,21;-3,21
5,0;4,39;0,61
5,0;4,59;0,41
5,0;4,96;0,04
1,0;2,2;-1,2
1,0;4,49;-3,49
5,0;4,76;0,24
5,0;3,62;1,38
5,0;2,44;2,56
5,0;4,15;0,85
5,0;4,27;0,73
1,0;4,85;-3,85
5,0;4,34;0,66
5,0;3,86;1,14
4,0;4,43;-0,43
5,0;4,24;0,76
3,0;3,21;-0,21
5,0;3,42;1,58
5,0;4,54;0,46
1,0;2,34;-1,34
1,0;1,58;-0,58
1,0;1,29;-0,29
5,0;3,95;1,05
5,0;4,15;0,85
5,0;4,44;0,56
5,0;4,28;0,72
4,0;4,07;-0,07
4,5;4,62;-0,12
3,0;4,09;-1,09
2,0;4,03;-2,03
5,0;4,44;0,56
5,0;3,1;1,9
5,0;3,5;1,5
4,0;3,73;0,27
3,0;3,87;-0,87
1,0;1,49;-0,49
4,0;3,3;0,7
5,0;4,06;0,94
4,0;3,54;0,46
5,0;4,54;0,46
5,0;3,14;1,86
5,0;4,28;0,72
5,0;4,64;0,36
5,0;4,27;0,73
1,0;4,54;-3,54
4,0;4,83;-0,83
5,0;4,29;0,71
4,0;4,09;-0,09
4,0;4,41;-0,41
5,0;4,08;0,92
1,0;4,02;-3,02
5,0;4,63;0,37
5,0;4,49;0,51
4,0;4,37;-0,37
5,0;3,7;1,3
5,0;4,57;0,43
5,0;4,48;0,52
5,0;4,71;0,29
5,0;3,63;1,37
1,0;4,52;-3,52
4,0;3,26;0,74
4,0;4,47;-0,47
5,0;4,54;0,46
5,0;4,62;0,38
4,0;4,69;-0,69
5,0;4,31;0,69
1,0;3,85;-2,85
4,0;4,83;-0,83
4,0;3,94;0,06
4,0;1,55;2,45
4,0;4,88;-0,88
5,0;4,74;0,26
5,0;4,62;0,38
2,0;4,67;-2,67
5,0;3,53;1,47
5,0;4,39;0,61
5,0;4,63;0,37
5,0;4,08;0,92
3,0;4,35;-1,35
5,0;2,65;2,35
5,0;4,66;0,34
4,0;4,08;-0,08
5,0;4,04;0,96
5,0;4,53;0,47
5,0;4,51;0,49
5,0;4,2;0,8
5,0;4,92;0,08
5,0;3,58;1,42
1,0;4,97;-3,97
2,0;4,06;-2,06
4,0;4,41;-0,41
5,0;4,4;0,6
5,0;4,73;0,27
5,0;4,88;0,12
5,0;4,84;0,16
5,0;4,68;0,32
5,0;4,47;0,53
0,0;4,66;-4,66
5,0;4,03;0,97
0,0;1,43;-1,43
5,0;3,15;1,85
5,0;4,52;0,48
5,0;3,92;1,08
4,0;4,48;-0,48
5,0;4,37;0,63
5,0;4,59;0,41
5,0;4,14;0,86
5,0;4,35;0,65
1,0;1,53;-0,53
5,0;3,69;1,31
5,0;4,1;0,9
5,0;4,04;0,96
5,0;4,46;0,54
4,0;4,51;-0,51
4,0;4,27;-0,27
5,0;3,78;1,22
5,0;4,77;0,23
1,0;1,74;-0,74
5,0;4,66;0,34
5,0;4,8;0,2
5,0;3,56;1,44
4,0;4,27;-0,27
5,0;3,18;1,82
3,0;3,95;-0,95
5,0;3,94;1,06
4,0;3,61;0,39
3,0;2,99;0,01
5,0;4,38;0,62
5,0;4,17;0,83
5,0;4,99;0,01
5,0;4,73;0,27
1,0;1,51;-0,51
1,0;3,78;-2,78
1,0;4,19;-3,19
4,0;4,47;-0,47
5,0;3,88;1,12
5,0;4,64;0,36
5,0;4,46;0,54
3,0;3,96;-0,96
0,0;3,53;-3,53
5,0;4,08;0,92
1,0;2,54;-1,54
1,0;3,65;-2,65
5,0;3,98;1,02
4,0;4,57;-0,57
5,0;4,37;0,63
4,0;3,5;0,5
2,0;2,14;-0,14
5,0;4,24;0,76
4,0;3,77;0,23
4,0;4,61;-0,61
5,0;4,22;0,78
5,0;4,73;0,27
3,0;4,73;-1,73
1,0;4,69;-3,69
3,0;1,83;1,17
4,0;4,83;-0,83
2,0;4,34;-2,34
4,0;3,94;0,06
5,0;5,0;0,0
2,0;4,81;-2,81
5,0;2,21;2,79
5,0;4,36;0,64
5,0;4,08;0,92
5,0;3,76;1,24
5,0;4,65;0,35
3,0;4,94;-1,94
5,0;4,19;0,81
5,0;4,35;0,65
3,0;3,19;-0,19
4,0;4,62;-0,62
4,0;4,9;-0,9
4,0;3,89;0,11
5,0;4,31;0,69
5,0;4,78;0,22
3,0;4,39;-1,39
4,0;2,42;1,58
4,0;4,46;-0,46
5,0;4,15;0,85
5,0;4,74;0,26
4,0;4,74;-0,74
5,0;3,35;1,65
5,0;4,18;0,82
1,0;4,51;-3,51
3,0;1,54;1,46
5,0;3,52;1,48
1,0;2,15;-1,15
5,0;3,94;1,06
5,0;4,68;0,32
5,0;4,3;0,7
0,0;4,38;-4,38
3,0;4,29;-1,29
1,0;4,42;-3,42
5,0;4,63;0,37
5,0;3,41;1,59
4,0;4,99;-0,99
5,0;4,28;0,72
5,0;4,52;0,48
5,0;4,01;0,99
4,0;4,81;-0,81
5,0;4,03;0,97
5,0;4,23;0,77
4,0;3,39;0,61
4,0;2,82;1,18
4,0;4,29;-0,29
5,0;4,68;0,32
5,0;4,0;1,0
5,0;4,74;0,26
5,0;4,33;0,67
5,0;4,09;0,91
5,0;2,44;2,56
5,0;4,82;0,18
4,0;4,69;-0,69
3,0;4,6;-1,6
5,0;4,68;0,32
5,0;4,47;0,53
5,0;4,19;0,81
5,0;4,41;0,59
5,0;4,17;0,83
1,0;1,66;-0,66
5,0;4,05;0,95
5,0;4,23;0,77
5,0;4,88;0,12
5,0;4,76;0,24
4,0;4,19;-0,19
5,0;4,63;0,37
5,0;4,22;0,78
5,0;3,45;1,55
1,0;4,65;-3,65
5,0;3,79;1,21
3,0;4,68;-1,68
1,0;1,85;-0,85
5,0;4,79;0,21
5,0;4,47;0,53
3,0;3,79;-0,79
5,0;4,67;0,33
5,0;4,74;0,26
5,0;3,84;1,16
4,0;4,24;-0,24
5,0;3,29;1,71
1,0;2,92;-1,92
4,0;2,41;1,59
2,0;3,41;-1,41
4,0;4,8;-0,8
3,5;3,44;0,06
0,0;2,47;-2,47
4,0;4,38;-0,38
2,0;4,74;-2,74
5,0;4,55;0,45
4,0;4,42;-0,42
5,0;2,44;2,56
5,0;4,1;0,9
5,0;4,46;0,54
5,0;4,37;0,63
4,0;4,64;-0,64
5,0;4,45;0,55
3,0;4,57;-1,57
4,0;4,31;-0,31
5,0;4,3;0,7
5,0;4,64;0,36
5,0;4,3;0,7
5,0;3,84;1,16
5,0;4,95;0,05
5,0;4,95;0,05
5,0;4,92;0,08
5,0;4,09;0,91
1,0;2,99;-1,99
5,0;3,98;1,02
5,0;4,51;0,49
1,0;3,12;-2,12
5,0;4,53;0,47
4,0;3,11;0,89
5,0;4,62;0,38
1,0;1,62;-0,62
5,0;3,9;1,1
5,0;4,58;0,42
1,0;1,31;-0,31
5,0;3,53;1,47
3,0;4,51;-1,51
5,0;2,79;2,21
4,5;4,26;0,24
4,0;3,9;0,1
3,0;4,42;-1,42
5,0;4,23;0,77
4,0;3,98;0,02
5,0;3,41;1,59
5,0;4,15;0,85
5,0;4,12;0,88
4,0;4,66;-0,66
1,0;2,82;-1,82
5,0;4,1;0,9
5,0;4,19;0,81
5,0;4,47;0,53
4,0;3,86;0,14
5,0;4,06;0,94
5,0;3,01;1,99
3,0;3,49;-0,49
5,0;4,72;0,28
4,0;2,96;1,04
5,0;4,12;0,88
5,0;4,64;0,36
1,0;4,62;-3,62
5,0;3,25;1,75
5,0;4,73;0,27
3,0;3,09;-0,09
5,0;4,67;0,33
5,0;3,01;1,99
5,0;4,07;0,93
5,0;3,93;1,07
1,0;4,3;-3,3
1,0;4,17;-3,17
4,0;3,65;0,35
5,0;3,66;1,34
5,0;4,18;0,82
5,0;4,44;0,56
5,0;4,37;0,63
5,0;4,16;0,84
5,0;4,49;0,51
5,0;3,98;1,02
4,0;4,42;-0,42
5,0;4,22;0,78
5,0;4,16;0,84
4,0;3,72;0,28
5,0;4,45;0,55
4,0;4,22;-0,22
5,0;4,77;0,23
5,0;4,6;0,4
5,0;3,32;1,68
5,0;3,96;1,04
1,0;4,27;-3,27
2,3333;4,45;-2,12
4,0;4,5;-0,5
3,0;1,82;1,18
0,0;3,39;-3,39
3,0;4,51;-1,51
0,0;4,66;-4,66
5,0;4,19;0,81
2,0;2,93;-0,93
5,0;4,99;0,01
3,0;2,53;0,47
5,0;4,22;0,78
4,0;3,81;0,19
5,0;4,0;1,0
4,0;4,88;-0,88
5,0;4,25;0,75
5,0;4,14;0,86
5,0;3,12;1,88
5,0;4,49;0,51
4,0;4,71;-0,71
4,0;4,31;-0,31
4,5;4,64;-0,14
1,0;2,93;-1,93
4,0;2,21;1,79
5,0;3,36;1,64
5,0;4,91;0,09
5,0;4,36;0,64
3,0;4,37;-1,37
4,5;3,7;0,8
5,0;3,94;1,06
4,0;4,22;-0,22
5,0;4,26;0,74
1,0;1,37;-0,37
5,0;4,42;0,58
5,0;4,04;0,96
5,0;4,25;0,75
5,0;3,68;1,32
5,0;4,55;0,45
1,0;1,17;-0,17
2,0;3,83;-1,83
5,0;3,82;1,18
3,0;4,61;-1,61
5,0;4,94;0,06
5,0;4,78;0,22
4,0;4,76;-0,76
5,0;2,85;2,15
4,0;4,3;-0,3
5,0;3,34;1,66
5,0;4,54;0,46
5,0;3,78;1,22
5,0;4,32;0,68
1,0;3,08;-2,08
3,0;4,57;-1,57
5,0;4,36;0,64
4,0;3,74;0,26
5,0;4,36;0,64
1,0;3,72;-2,72
5,0;4,2;0,8
5,0;4,98;0,02
4,0;4,91;-0,91
4,0;4,54;-0,54
5,0;4,86;0,14
5,0;4,65;0,35
4,0;4,61;-0,61
5,0;3,4;1,6
5,0;4,82;0,18
5,0;4,22;0,78
5,0;3,18;1,82
5,0;4,22;0,78
5,0;4,29;0,71
3,0;4,76;-1,76
5,0;4,9;0,1
5,0;4,64;0,36
5,0;4,64;0,36
5,0;3,89;1,11
3,0;4,75;-1,75
5,0;4,86;0,14
5,0;2,7;2,3
5,0;4,88;0,12
5,0;4,78;0,22
5,0;4,2;0,8
5,0;4,38;0,62
5,0;4,09;0,91
5,0;3,92;1,08
5,0;2,47;2,53
5,0;3,68;1,32
5,0;4,47;0,53
5,0;4,7;0,3
3,0;3,88;-0,88
5,0;1,64;3,36
4,0;4,58;-0,58
5,0;4,35;0,65
5,0;2,53;2,47
4,0;3,37;0,63
1,0;3,64;-2,64
2,0;4,65;-2,65
5,0;4,48;0,52
5,0;4,13;0,87
4,0;3,74;0,26
5,0;4,28;0,72
5,0;4,7;0,3
4,0;4,43;-0,43
5,0;3,33;1,67
5,0;1,84;3,16
1,0;1,67;-0,67
1,0;1,76;-0,76
3,0;3,0;0,0
5,0;4,38;0,62
5,0;4,94;0,06
5,0;4,9;0,1
5,0;4,41;0,59
5,0;4,12;0,88
5,0;3,63;1,37
5,0;4,6;0,4
5,0;4,36;0,64
4,0;1,31;2,69
4,0;3,99;0,01
3,0;4,1;-1,1
2,0;4,06;-2,06
4,0;2,6;1,4
5,0;4,27;0,73
5,0;3,71;1,29
4,0;4,56;-0,56
5,0;1,43;3,57
1,0;4,6;-3,6
5,0;4,59;0,41
5,0;4,23;0,77
5,0;4,42;0,58
4,0;3,95;0,05
5,0;3,99;1,01
5,0;3,99;1,01
4,0;3,2;0,8
1,0;2,15;-1,15
5,0;4,91;0,09
5,0;3,74;1,26
4,0;4,98;-0,98
5,0;4,44;0,56
5,0;4,3;0,7
1,0;1,36;-0,36
5,0;3,18;1,82
3,0;3,85;-0,85
5,0;4,65;0,35
4,0;4,25;-0,25
3,0;3,32;-0,32
1,0;4,28;-3,28
3,0;3,13;-0,13
5,0;3,92;1,08
4,0;4,84;-0,84
5,0;4,11;0,89
3,0;4,54;-1,54
5,0;3,9;1,1
5,0;4,86;0,14
3,0;1,54;1,46
5,0;4,77;0,23
5,0;3,68;1,32
5,0;4,48;0,52
5,0;4,52;0,48
4,0;4,79;-0,79
1,0;4,21;-3,21
5,0;4,71;0,29
5,0;4,25;0,75
1,0;4,38;-3,38
1,0;3,12;-2,12
5,0;4,27;0,73
4,0;4,94;-0,94
5,0;4,53;0,47
4,0;3,48;0,52
5,0;4,69;0,31
4,5;4,02;0,48
5,0;4,4;0,6
1,0;1,1;-0,1
1,0;1,4;-0,4
5,0;4,56;0,44
3,0;4,06;-1,06
5,0;4,8;0,2
4,0;4,26;-0,26
5,0;4,29;0,71
5,0;4,67;0,33
4,0;4,72;-0,72
1,0;1,95;-0,95
5,0;4,71;0,29
5,0;4,13;0,87
5,0;4,02;0,98
5,0;4,17;0,83
5,0;3,97;1,03
5,0;3,95;1,05
3,0;2,94;0,06
4,0;3,86;0,14
3,0;4,15;-1,15
3,0;4,55;-1,55
5,0;3,97;1,03
4,0;4,13;-0,13
5,0;4,86;0,14
5,0;4,34;0,66
5,0;4,31;0,69
2,0;4,25;-2,25
5,0;4,09;0,91
5,0;3,46;1,54
5,0;4,44;0,56
4,0;2,33;1,67
5,0;3,72;1,28
3,0;3,3;-0,3
4,0;3,77;0,23
5,0;4,81;0,19
5,0;2,41;2,59
5,0;1,08;3,92
5,0;3,43;1,57
5,0;3,88;1,12
5,0;4,24;0,76
5,0;3,59;1,41
5,0;3,66;1,34
4,0;4,61;-0,61
5,0;3,72;1,28
4,0;4,26;-0,26
5,0;3,72;1,28
1,0;3,59;-2,59
1,0;1,61;-0,61
5,0;4,08;0,92
5,0;4,77;0,23
5,0;4,41;0,59
4,0;3,89;0,11
4,0;2,13;1,87
5,0;4,4;0,6
5,0;4,29;0,71
1,0;3,26;-2,26
3,0;4,82;-1,82
5,0;2,14;2,86
5,0;4,3;0,7
4,0;4,7;-0,7
5,0;4,44;0,56
1,0;4,33;-3,33
3,0;4,89;-1,89
1,0;3,3;-2,3
5,0;4,05;0,95
4,0;4,34;-0,34
4,0;4,13;-0,13
4,0;4,8;-0,8
3,0;4,28;-1,28
2,0;1,89;0,11
4,0;4,6;-0,6
4,0;4,12;-0,12
5,0;3,95;1,05
3,0;3,8;-0,8
5,0;4,9;0,1
5,0;4,8;0,2
5,0;4,42;0,58
5,0;4,63;0,37
5,0;4,24;0,76
4,0;4,61;-0,61
5,0;2,02;2,98
5,0;4,86;0,14
5,0;4,94;0,06
4,0;4,55;-0,55
1,0;3,62;-2,62
5,0;3,47;1,53
3,0;3,87;-0,87
2,0;4,1;-2,1
2,0;4,36;-2,36
5,0;3,93;1,07
5,0;3,77;1,23
5,0;4,52;0,48
1,0;4,69;-3,69
5,0;3,02;1,98
5,0;4,6;0,4
3,0;4,75;-1,75
4,0;4,4;-0,4
5,0;4,73;0,27
5,0;3,98;1,02
5,0;3,84;1,16
4,0;3,45;0,55
5,0;4,32;0,68
3,0;4,82;-1,82
5,0;4,7;0,3
1,0;4,11;-3,11
5,0;4,22;0,78
5,0;4,59;0,41
1,0;1,21;-0,21
5,0;2,85;2,15
4,0;4,65;-0,65
5,0;4,27;0,73
5,0;4,86;0,14
4,0;4,21;-0,21
4,0;4,64;-0,64
4,0;4,55;-0,55
1,0;1,73;-0,73
5,0;3,99;1,01
0,0;1,64;-1,64
2,0;4,99;-2,99
5,0;4,9;0,1
5,0;4,78;0,22
4,2;4,29;-0,09
5,0;3,67;1,33
5,0;4,6;0,4
4,0;4,08;-0,08
5,0;5,0;0,0
2,0;4,03;-2,03
5,0;4,56;0,44
3,0;4,73;-1,73
5,0;4,04;0,96
3,0;0,95;2,05
1,0;4,78;-3,78
5,0;4,5;0,5
4,0;2,38;1,62
2,0;4,39;-2,39
5,0;4,53;0,47
5,0;4,67;0,33
5,0;4,3;0,7
5,0;4,87;0,13
4,0;3,98;0,02
4,0;4,7;-0,7
4,0;4,38;-0,38
4,0;4,67;-0,67
4,0;4,48;-0,48
5,0;3,72;1,28
5,0;4,81;0,19
4,0;3,66;0,34
4,0;4,68;-0,68
5,0;4,12;0,88
1,0;3,87;-2,87
1,0;4,05;-3,05
3,0;4,03;-1,03
5,0;4,58;0,42
5,0;3,4;1,6
4,0;4,54;-0,54
4,0;4,51;-0,51
5,0;3,5;1,5
5,0;4,42;0,58
5,0;3,76;1,24
4,0;4,52;-0,52
5,0;4,42;0,58
5,0;4,57;0,43
3,0;1,3;1,7
3,0;4,33;-1,33
5,0;4,5;0,5
5,0;4,76;0,24
5,0;3,59;1,41
5,0;3,66;1,34
4,0;1,75;2,25
5,0;4,96;0,04
5,0;4,22;0,78
5,0;4,08;0,92
4,0;4,75;-0,75
5,0;4,49;0,51
5,0;3,99;1,01
3,0;2,37;0,63
1,0;1,23;-0,23
4,0;4,49;-0,49
5,0;4,64;0,36
1,0;2,63;-1,63
5,0;4,59;0,41
5,0;4,69;0,31
5,0;3,7;1,3
5,0;4,02;0,98
5,0;3,02;1,98
5,0;4,54;0,46
5,0;3,43;1,57
5,0;4,65;0,35
5,0;4,46;0,54
5,0;4,21;0,79
3,0;3,69;-0,69
5,0;3,77;1,23
5,0;3,8;1,2
4,0;4,46;-0,46
1,0;4,22;-3,22
5,0;3,89;1,11
5,0;4,22;0,78
4,0;3,02;0,98
2,0;4,76;-2,76
5,0;4,58;0,42
4,0;4,43;-0,43
5,0;4,1;0,9
4,0;4,47;-0,47
5,0;4,82;0,18
1,0;4,23;-3,23
0,0;3,55;-3,55
5,0;4,67;0,33
4,0;4,3;-0,3
3,0;4,52;-1,52
5,0;3,68;1,32
5,0;4,82;0,18
1,0;4,3;-3,3
4,0;4,84;-0,84
3,0;4,19;-1,19
5,0;4,38;0,62
5,0;4,55;0,45
5,0;3,8;1,2
5,0;4,27;0,73
3,0;4,23;-1,23
4,0;4,28;-0,28
5,0;4,39;0,61
1,0;4,28;-3,28
1,0;2,63;-1,63
5,0;3,79;1,21
5,0;4,33;0,67
2,0;4,46;-2,46
3,0;4,51;-1,51
4,0;4,36;-0,36
5,0;2,94;2,06
5,0;4,52;0,48
1,0;2,32;-1,32
4,0;3,29;0,71
5,0;4,96;0,04
4,0;4,49;-0,49
5,0;4,95;0,05
1,0;1,65;-0,65
4,0;3,94;0,06
4,0;4,3;-0,3
5,0;4,23;0,77
5,0;3,69;1,31
5,0;4,44;0,56
4,0;4,55;-0,55
4,0;4,34;-0,34
5,0;4,19;0,81
5,0;4,58;0,42
5,0;3,78;1,22
5,0;4,64;0,36
2,0;1,84;0,16
2,0;4,16;-2,16
5,0;3,83;1,17
5,0;4,87;0,13
5,0;4,4;0,6
4,0;4,23;-0,23
4,0;3,57;0,43
5,0;4,75;0,25
5,0;4,29;0,71
5,0;4,4;0,6
1,0;4,64;-3,64
5,0;4,41;0,59
3,0;4,58;-1,58
5,0;3,98;1,02
3,0;4,54;-1,54
4,0;4,7;-0,7
5,0;4,88;0,12
4,0;4,2;-0,2
5,0;4,32;0,68
5,0;4,6;0,4
5,0;4,31;0,69
1,0;4,04;-3,04
5,0;2,98;2,02
5,0;4,47;0,53
5,0;4,73;0,27
5,0;3,28;1,72
4,0;4,49;-0,49
1,0;1,92;-0,92
5,0;3,88;1,12
4,0;4,73;-0,73
5,0;4,63;0,37
1,0;4,28;-3,28
5,0;3,52;1,48
5,0;3,89;1,11
5,0;4,99;0,01
5,0;4,42;0,58
5,0;4,42;0,58
5,0;4,33;0,67
4,0;4,39;-0,39
3,0;4,59;-1,59
5,0;2,91;2,09
3,0;2,93;0,07
5,0;4,53;0,47
5,0;4,54;0,46
5,0;4,57;0,43
4,0;4,27;-0,27
4,0;4,36;-0,36
1,0;3,97;-2,97
4,0;4,25;-0,25
5,0;4,6;0,4
1,0;1,42;-0,42
5,0;4,09;0,91
4,0;4,8;-0,8
5,0;4,98;0,02
5,0;3,24;1,76
5,0;4,67;0,33
5,0;4,13;0,87
5,0;4,21;0,79
5,0;4,34;0,66
1,0;4,46;-3,46
5,0;4,06;0,94
2,0;4,02;-2,02
5,0;4,27;0,73
5,0;4,14;0,86
5,0;4,56;0,44
2,0;1,44;0,56
5,0;2,3;2,7
2,0;4,58;-2,58
5,0;4,64;0,36
5,0;4,63;0,37
5,0;4,86;0,14
5,0;4,54;0,46
4,0;4,61;-0,61
4,0;4,35;-0,35
5,0;4,62;0,38
4,0;2,75;1,25
5,0;4,31;0,69
4,0;4,23;-0,23
4,0;4,66;-0,66
3,0;4,45;-1,45
4,0;4,33;-0,33
5,0;3,35;1,65
1,0;1,67;-0,67
4,0;4,52;-0,52
5,0;4,42;0,58
5,0;4,1;0,9
4,0;3,53;0,47
5,0;3,85;1,15
5,0;4,6;0,4
5,0;4,82;0,18
5,0;4,92;0,08
5,0;3,98;1,02
1,3333;4,59;-3,26
5,0;4,6;0,4
5,0;4,47;0,53
4,0;4,0;0,0
4,0;3,95;0,05
5,0;4,51;0,49
5,0;4,88;0,12
5,0;4,24;0,76
5,0;3,65;1,35
5,0;3,46;1,54
5,0;4,29;0,71
5,0;3,66;1,34
1,0;1,74;-0,74
5,0;4,47;0,53
4,0;4,76;-0,76
5,0;4,49;0,51
4,0;3,61;0,39
5,0;4,99;0,01
5,0;4,64;0,36
5,0;4,2;0,8
5,0;4,55;0,45
3,0;3,01;-0,01
4,0;4,73;-0,73
5,0;4,16;0,84
5,0;3,88;1,12
3,0;2,69;0,31
5,0;4,9;0,1
5,0;4,65;0,35
5,0;3,18;1,82
4,0;4,1;-0,1
5,0;4,41;0,59
4,0;4,38;-0,38
4,0;4,38;-0,38
1,0;3,38;-2,38
4,0;3,86;0,14
5,0;4,42;0,58
5,0;3,49;1,51
4,0;4,64;-0,64
4,0;4,42;-0,42
1,0;4,72;-3,72
5,0;4,7;0,3
4,0;4,81;-0,81
1,0;4,99;-3,99
4,0;4,05;-0,05
5,0;2,14;2,86
0,0;2,34;-2,34
1,0;1,7;-0,7
5,0;4,48;0,52
5,0;3,58;1,42
5,0;4,41;0,59
2,0;2,64;-0,64
5,0;4,04;0,96
5,0;4,64;0,36
5,0;3,75;1,25
5,0;4,26;0,74
3,0;3,5;-0,5
5,0;4,26;0,74
5,0;4,26;0,74
3,0;1,75;1,25
5,0;4,18;0,82
5,0;4,61;0,39
5,0;4,1;0,9
5,0;4,01;0,99
5,0;4,59;0,41
3,0;4,87;-1,87
4,0;4,57;-0,57
5,0;2,8;2,2
2,0;4,46;-2,46
4,0;4,3;-0,3
5,0;4,46;0,54
5,0;4,01;0,99
5,0;4,34;0,66
5,0;4,37;0,63
5,0;4,65;0,35
4,0;4,93;-0,93
5,0;4,06;0,94
5,0;2,88;2,12
5,0;4,04;0,96
4,0;3,44;0,56
5,0;4,8;0,2
4,0;4,3;-0,3
5,0;2,67;2,33
5,0;4,11;0,89
5,0;4,72;0,28
2,0;4,22;-2,22
4,0;4,76;-0,76
4,0;4,32;-0,32
5,0;4,96;0,04
5,0;3,32;1,68
5,0;4,77;0,23
3,0;4,54;-1,54
5,0;4,96;0,04
1,0;4,77;-3,77
1,0;1,23;-0,23
4,0;3,99;0,01
4,0;4,21;-0,21
5,0;3,79;1,21
5,0;4,18;0,82
5,0;4,59;0,41
5,0;2,88;2,12
2,0;4,4;-2,4
5,0;4,01;0,99
5,0;4,51;0,49
5,0;4,4;0,6
5,0;3,19;1,81
5,0;4,71;0,29
5,0;4,12;0,88
5,0;4,35;0,65
3,0;3,66;-0,66
5,0;4,78;0,22
5,0;4,75;0,25
5,0;4,15;0,85
5,0;4,29;0,71
4,0;4,81;-0,81
5,0;4,94;0,06
4,0;4,39;-0,39
2,3333;3,98;-1,65
1,0;2,1;-1,1
5,0;4,72;0,28
5,0;3,5;1,5
4,0;4,12;-0,12
5,0;1,8;3,2
4,0;4,83;-0,83
5,0;4,58;0,42
5,0;4,42;0,58
1,0;4,93;-3,93
5,0;4,86;0,14
1,0;2,37;-1,37
4,0;4,15;-0,15
3,0;4,86;-1,86
1,0;1,97;-0,97
1,0;4,16;-3,16
5,0;4,45;0,55
3,5;3,81;-0,31
5,0;4,52;0,48
5,0;3,89;1,11
5,0;4,11;0,89
5,0;4,74;0,26
1,0;4,01;-3,01
5,0;4,12;0,88
5,0;2,84;2,16
1,0;1,29;-0,29
4,0;4,64;-0,64
1,0;4,84;-3,84
5,0;4,09;0,91
4,0;4,91;-0,91
1,0;1,23;-0,23
5,0;4,65;0,35
5,0;4,89;0,11
5,0;4,5;0,5
5,0;4,81;0,19
5,0;4,24;0,76
4,0;4,74;-0,74
4,0;2,84;1,16
3,0;4,9;-1,9
5,0;4,39;0,61
5,0;4,74;0,26
5,0;3,78;1,22
5,0;4,89;0,11
5,0;4,53;0,47
4,0;3,05;0,95
5,0;4,72;0,28
5,0;4,68;0,32
5,0;4,34;0,66
4,0;2,84;1,16
5,0;4,8;0,2
5,0;4,94;0,06
5,0;4,24;0,76
2,0;4,3;-2,3
4,0;4,69;-0,69
5,0;4,3;0,7
5,0;3,98;1,02
5,0;3,92;1,08
5,0;3,85;1,15
5,0;4,55;0,45
5,0;4,83;0,17
5,0;3,64;1,36
5,0;2,69;2,31
5,0;4,62;0,38
5,0;4,34;0,66
4,0;3,16;0,84
1,0;4,33;-3,33
3,0;3,83;-0,83
1,0;2,49;-1,49
5,0;4,29;0,71
5,0;4,58;0,42
5,0;4,37;0,63
5,0;4,08;0,92
5,0;4,27;0,73
5,0;3,53;1,47
4,0;4,76;-0,76
4,0;3,24;0,76
5,0;4,72;0,28
5,0;4,8;0,2
5,0;3,95;1,05
3,0;4,68;-1,68
1,0;3,6;-2,6
1,0;3,68;-2,68
5,0;3,74;1,26
5,0;4,23;0,77
5,0;4,14;0,86
5,0;3,76;1,24
5,0;4,51;0,49
5,0;4,73;0,27
4,0;4,23;-0,23
4,0;2,8;1,2
5,0;4,47;0,53
5,0;4,33;0,67
5,0;1,09;3,91
5,0;4,32;0,68
4,0;4,26;-0,26
5,0;4,35;0,65
3,0;4,28;-1,28
2,0;4,59;-2,59
4,0;4,73;-0,73
5,0;4,66;0,34
5,0;4,93;0,07
5,0;4,12;0,88
5,0;3,86;1,14
3,0;3,17;-0,17
5,0;4,42;0,58
1,6667;3,8;-2,13
1,0;3,47;-2,47
5,0;3,73;1,27
5,0;4,52;0,48
4,0;4,44;-0,44
5,0;4,88;0,12
5,0;3,87;1,13
5,0;4,61;0,39
5,0;4,46;0,54
5,0;4,0;1,0
5,0;3,45;1,55
5,0;4,27;0,73
5,0;2,08;2,92
5,0;4,55;0,45
5,0;4,74;0,26
1,0;1,34;-0,34
5,0;4,14;0,86
4,0;4,37;-0,37
1,0;4,64;-3,64
5,0;4,81;0,19
2,0;1,73;0,27
1,0;2,45;-1,45
5,0;4,74;0,26
5,0;4,66;0,34
4,0;4,44;-0,44
5,0;1,58;3,42
5,0;4,4;0,6
5,0;3,53;1,47
5,0;2,93;2,07
4,0;4,27;-0,27
5,0;4,67;0,33
4,0;3,93;0,07
4,0;3,56;0,44
4,0;4,44;-0,44
5,0;4,57;0,43
5,0;3,59;1,41
1,0;1,53;-0,53
5,0;3,76;1,24
5,0;4,83;0,17
5,0;4,77;0,23
4,0;4,69;-0,69
4,0;3,89;0,11
3,0;4,16;-1,16
5,0;4,42;0,58
2,0;3,11;-1,11
5,0;4,24;0,76
1,0;4,28;-3,28
1,0;3,67;-2,67
4,0;4,87;-0,87
4,3333;3,27;1,06
1,0;4,52;-3,52
2,6;4,14;-1,54
1,0;3,5;-2,5
5,0;4,81;0,19
1,0;4,16;-3,16
5,0;3,93;1,07
3,0;4,3;-1,3
1,0;3,61;-2,61
3,0;4,7;-1,7
4,0;4,36;-0,36
4,0;5,0;-1,0
5,0;4,49;0,51
5,0;4,21;0,79
5,0;4,94;0,06
5,0;3,82;1,18
5,0;4,09;0,91
1,0;1,28;-0,28
5,0;4,04;0,96
5,0;3,2;1,8
5,0;4,93;0,07
5,0;4,13;0,87
5,0;3,95;1,05
4,0;4,77;-0,77
4,0;4,07;-0,07
5,0;4,48;0,52
5,0;4,63;0,37
5,0;4,48;0,52
3,0;1,92;1,08
4,0;3,54;0,46
5,0;4,0;1,0
2,0;4,73;-2,73
3,0;4,5;-1,5
5,0;4,0;1,0
1,0;1,43;-0,43
5,0;4,42;0,58
4,0;4,29;-0,29
3,0;3,93;-0,93
5,0;4,48;0,52
5,0;4,94;0,06
5,0;3,7;1,3
5,0;4,77;0,23
0,0;2,95;-2,95
4,0;4,54;-0,54
5,0;4,76;0,24
5,0;3,52;1,48
3,0;4,57;-1,57
4,0;4,61;-0,61
5,0;4,52;0,48
3,0;4,86;-1,86
5,0;3,53;1,47
5,0;4,3;0,7
4,0;4,85;-0,85
5,0;4,65;0,35
1,0;4,27;-3,27
5,0;3,78;1,22
2,0;1,52;0,48
5,0;4,23;0,77
1,0;4,42;-3,42
4,0;4,67;-0,67
5,0;4,66;0,34
5,0;3,59;1,41
1,0;1,27;-0,27
5,0;3,94;1,06
5,0;4,55;0,45
5,0;4,47;0,53
5,0;3,76;1,24
5,0;4,55;0,45
5,0;4,64;0,36
4,0;4,41;-0,41
5,0;4,42;0,58
5,0;3,8;1,2
5,0;4,82;0,18
5,0;4,41;0,59
5,0;4,62;0,38
5,0;4,94;0,06
1,0;2,3;-1,3
